requirement,result,pass_rate,success_rate_label1,llm_calls,token_cost,repair_count,repair_path,repair_llm_calls,repair_token_cost,design_repair_count,code_repair_count,error_judge_count,runnable_code,api_count,select_apis,tool_count,select_tools,error,cost_time,cost_time_in_repair
give me the number of movies directed by Sofia Coppola,Number of movies directed by Sofia Coppola: 13,1,1,3,5921,0,[],0,0,0,0,0,"import sys
from pathlib import Path
PROJECT_ROOT = Path(__file__).resolve().parents[1]
RESTBENCH_TOOLS_DIR = PROJECT_ROOT / 'restbench tools'
if str(RESTBENCH_TOOLS_DIR) not in sys.path:
    sys.path.insert(0, str(RESTBENCH_TOOLS_DIR))

from Search_person import Search_person
from Get_person_movie_credits import Get_person_movie_credits

import traceback

# ----------------------------------------------------------------------
# Module-level constants (derived from user_requirement and schemas)
# ----------------------------------------------------------------------
PERSON_NAME = ""Sofia Coppola""
DIRECTING_DEPT = ""Directing""
DIRECTOR_JOB = ""Director""

# ----------------------------------------------------------------------
# Helper functions
# ----------------------------------------------------------------------
def search_person_id(name: str) -> int:
    """"""
    Search for a person by name using Search_person API.
    Returns the person's ID.
    Raises Exception if no matching person is found.
    """"""
    data = Search_person(name)
    results = data.get(""results"", [])
    if not results:
        raise Exception(f""No results found for person '{name}'."")

    # Case-insensitive exact match on the 'name' field
    for person in results:
        person_name = person.get(""name"", """")
        if person_name.lower() == name.lower():
            return person[""id""]

    # If no exact match, fall back to first result
    # (per Rule14 – lenient matching)
    return results[0][""id""]


def get_movie_credits(person_id: int) -> dict:
    """"""
    Fetch movie credits for a given person ID.
    Returns the full credits object.
    """"""
    return Get_person_movie_credits(person_id)


def count_directed_movies(credits: dict) -> int:
    """"""
    Count the number of movies where the person served as Director in the Directing department.
    Uses case-insensitive comparison for department and job.
    """"""
    crew = credits.get(""crew"", [])
    count = 0
    for entry in crew:
        dept = entry.get(""department"", """")
        job = entry.get(""job"", """")
        if dept.lower() == DIRECTING_DEPT.lower() and job.lower() == DIRECTOR_JOB.lower():
            count += 1
    return count


def main() -> None:
    """"""Orchestrate the workflow: search, get credits, count, and print.""""""
    try:
        person_id = search_person_id(PERSON_NAME)
        credits = get_movie_credits(person_id)
        directed_count = count_directed_movies(credits)
        print(f""Number of movies directed by {PERSON_NAME}: {directed_count}"")
    except Exception:
        traceback.print_exc(file=sys.stderr)
        sys.exit(1)


# ----------------------------------------------------------------------
# Entry point
# ----------------------------------------------------------------------
if __name__ == ""__main__"":
    main()",2,"[""Search_person"", ""Get_person_movie_credits""]",1,"[""restbench tools""]",,40.2984,0.0
Who was the lead actor in the movie The Dark Knight?,The lead actor in 'The Dark Knight' is: Christian Bale,1,1,3,5604,0,[],0,0,0,0,0,"import sys
from pathlib import Path
PROJECT_ROOT = Path(__file__).resolve().parents[1]
RESTBENCH_TOOLS_DIR = PROJECT_ROOT / 'restbench tools'
if str(RESTBENCH_TOOLS_DIR) not in sys.path:
    sys.path.insert(0, str(RESTBENCH_TOOLS_DIR))

from Search_movie import Search_movie
from Get_movie_credits import Get_movie_credits

import traceback

# Hardcoded constants at module level
MOVIE_NAME = ""The Dark Knight""

def search_movie(movie_name: str) -> int:
    """"""
    Search for a movie by name and return the id of the first result.
    Raises ValueError if no movie found.
    """"""
    response = Search_movie(movie_name)
    results = response.get(""results"", [])
    if not results:
        raise ValueError(f""No movie found for query '{movie_name}'."")
    movie_id = results[0].get(""id"")
    if movie_id is None:
        raise ValueError(""Movie ID missing in result."")
    return movie_id

def get_movie_credits(movie_id: int) -> list:
    """"""
    Fetch the cast and crew for the given movie id.
    Returns the list of cast members.
    """"""
    response = Get_movie_credits(movie_id)
    cast = response.get(""cast"", [])
    if not cast:
        raise ValueError(f""No cast data found for movie id {movie_id}."")
    return cast

def extract_lead_actor(cast_list: list) -> str:
    """"""
    Extract the name of the lead actor (first cast member, order 0).
    """"""
    if not cast_list:
        raise ValueError(""Cast list is empty."")
    # First cast member usually has the highest billing (order=0)
    lead = cast_list[0]
    name = lead.get(""name"")
    if not name:
        raise ValueError(""Lead actor name missing."")
    return name

def main():
    """"""
    Main orchestration: find lead actor of The Dark Knight.
    """"""
    try:
        movie_id = search_movie(MOVIE_NAME)
        cast_list = get_movie_credits(movie_id)
        lead_actor = extract_lead_actor(cast_list)
        print(f""The lead actor in '{MOVIE_NAME}' is: {lead_actor}"")
    except Exception as e:
        traceback.print_exc(file=sys.stderr)
        sys.exit(1)

if __name__ == ""__main__"":
    main()",2,"[""Search_movie"", ""Get_movie_credits""]",1,"[""restbench tools""]",,18.9486,0.0
Who directed the top-1 rated movie?,"Fetching top-rated movies...
Top movie ID: 1007757
Fetching credits for the top movie...
The director of the top-1 rated movie is: Nathan Greno",1,1,3,5594,0,[],0,0,0,0,0,"import sys
from pathlib import Path
PROJECT_ROOT = Path(__file__).resolve().parents[1]
RESTBENCH_TOOLS_DIR = PROJECT_ROOT / 'restbench tools'
if str(RESTBENCH_TOOLS_DIR) not in sys.path:
    sys.path.insert(0, str(RESTBENCH_TOOLS_DIR))

from Get_top_rated_movies import Get_top_rated_movies
from Get_movie_credits import Get_movie_credits

import traceback

# ---- Module-level constants derived from user requirement ----
REGION = None          # No region specified; get global top rated
TOP_N = 1              # We only need the highest rated (top-1)
JOB_DIRECTOR = ""director""   # Normalized key for loose matching


def get_top_rated_movies_list(region=REGION):
    """"""
    Fetch the list of top-rated movies from TMDB.
    Returns the raw API response dict.
    """"""
    try:
        data = Get_top_rated_movies(region=region)
        return data
    except Exception:
        raise


def select_top_movie_id(movies_data):
    """"""
    From the API response, extract the top N movie IDs.
    The API returns movies ordered by rating descending.
    We take the first movie's ID.
    """"""
    results = movies_data.get(""results"", [])
    if not results:
        raise ValueError(""No movies found in the top-rated list."")
    # Assumption: results are already sorted by rating (desc)
    top_movie = results[0]
    movie_id = top_movie.get(""id"")
    if movie_id is None:
        raise ValueError(""Movie object has no 'id' field."")
    return movie_id


def get_movie_credits(movie_id):
    """"""
    Fetch credits (cast & crew) for a given movie ID.
    Returns the raw credits dict.
    """"""
    try:
        credits = Get_movie_credits(movie_id)
        return credits
    except Exception:
        raise


def extract_director(credits):
    """"""
    Find the director from the crew list.
    Uses a case‑insensitive comparison on the 'job' field.
    Returns the name of the director, or None if not found.
    """"""
    crew = credits.get(""crew"", [])
    for member in crew:
        job = member.get(""job"", """")
        if job.lower() == JOB_DIRECTOR:
            return member.get(""name"")
    # If no director found, return a clear message
    return ""Director not found""


def main():
    """"""
    Main orchestration: answers ""Who directed the top-1 rated movie?""
    """"""
    print(""Fetching top-rated movies..."")
    movies_data = get_top_rated_movies_list()
    top_movie_id = select_top_movie_id(movies_data)
    print(f""Top movie ID: {top_movie_id}"")

    print(""Fetching credits for the top movie..."")
    credits = get_movie_credits(top_movie_id)
    director = extract_director(credits)

    print(f""The director of the top-1 rated movie is: {director}"")


if __name__ == ""__main__"":
    try:
        main()
    except Exception:
        traceback.print_exc(file=sys.stderr)
        sys.exit(1)",2,"[""Get_top_rated_movies"", ""Get_movie_credits""]",1,"[""restbench tools""]",,25.971,0.0
give me a image for the collection Star Wars,Image URL: https://image.tmdb.org/t/p/original/6mHkagjziBPth2Mx0VpEercocm4.jpg,1,1,3,5048,0,[],0,0,0,0,0,"import sys
from pathlib import Path
PROJECT_ROOT = Path(__file__).resolve().parents[1]
RESTBENCH_TOOLS_DIR = PROJECT_ROOT / 'restbench tools'
if str(RESTBENCH_TOOLS_DIR) not in sys.path:
    sys.path.insert(0, str(RESTBENCH_TOOLS_DIR))

from Search_collections import Search_collections
from Get_collection_images import Get_collection_images

import traceback

# --- Module-level constants ---
QUERY = ""Star Wars""
IMAGE_BASE_URL = ""https://image.tmdb.org/t/p/original""


def search_collection_id(query: str) -> int:
    """"""Search for collections and return the first collection's ID.""""""
    data = Search_collections(query)
    results = data.get(""results"", [])
    if not results:
        raise ValueError(f""No collections found for query '{query}'"")
    # Take the first result; lenient matching as per rule14
    return results[0][""id""]


def get_first_image_path(collection_id: int) -> str:
    """"""Retrieve the first poster or backdrop image path for a collection.""""""
    images_data = Get_collection_images(collection_id)
    # Prefer posters over backdrops
    for key in (""posters"", ""backdrops""):
        images = images_data.get(key, [])
        if images:
            return images[0][""file_path""]
    raise ValueError(f""No images found for collection ID {collection_id}"")


def main():
    try:
        collection_id = search_collection_id(QUERY)
        image_path = get_first_image_path(collection_id)
        full_url = f""{IMAGE_BASE_URL}{image_path}""
        print(f""Image URL: {full_url}"")
    except Exception:
        traceback.print_exc(file=sys.stderr)
        sys.exit(1)


if __name__ == ""__main__"":
    main()",2,"[""Search_collections"", ""Get_collection_images""]",1,"[""restbench tools""]",,31.5658,0.0
What is the logo of the Walt Disney?,No logo available for this company.,0,0,7,11993,1,"[""pseudocode_repair""]",2,4509,1,0,1,"import sys
from pathlib import Path
PROJECT_ROOT = Path(__file__).resolve().parents[1]
RESTBENCH_TOOLS_DIR = PROJECT_ROOT / 'restbench tools'
if str(RESTBENCH_TOOLS_DIR) not in sys.path:
    sys.path.insert(0, str(RESTBENCH_TOOLS_DIR))

from Search_company import Search_company
from Get_company_images import Get_company_images

import traceback

# ── Module-level constants (Rule13) ──────────────────────────────
COMPANY_NAME = ""Walt Disney""
IMAGE_BASE_URL = ""https://image.tmdb.org/t/p/original""

# ── Helper functions ─────────────────────────────────────────────

def search_company(name: str) -> list:
    """"""
    Search for companies by name using the TMDB API.
    Returns a list of company result dicts.
    """"""
    try:
        data = Search_company(name)
    except Exception:
        print(f""Error during company search for '{name}':"", file=sys.stderr)
        traceback.print_exc(file=sys.stderr)
        return []

    results = data.get(""results"", [])
    if not isinstance(results, list):
        return []
    return results


def select_best_company(search_results: list, target_name: str):
    """"""
    From the search results, pick the company that best matches `target_name`.
    Returns the company ID (int) or None if no results.
    """"""
    if not search_results:
        return None

    target_lower = target_name.lower().strip()

    # First pass: exact (case-insensitive) match
    for result in search_results:
        name = result.get(""name"", """")
        if name.lower().strip() == target_lower:
            return result.get(""id"")

    # Fallback: return the ID of the first result
    first = search_results[0]
    return first.get(""id"")


def get_company_logos(company_id: int) -> list:
    """"""
    Retrieve logos for a given company ID.
    Returns a list of logo objects (each with a 'file_path' key).
    """"""
    try:
        data = Get_company_images(company_id)
    except Exception:
        print(f""Error fetching logos for company ID {company_id}:"", file=sys.stderr)
        traceback.print_exc(file=sys.stderr)
        return []

    logos = data.get(""logos"", [])
    if not isinstance(logos, list):
        return []
    return logos


def extract_first_logo_url(logos: list) -> str | None:
    """"""
    From a list of logo objects, return the full URL of the first one.
    Returns None if the list is empty.
    """"""
    if not logos:
        return None

    first_logo = logos[0]
    file_path = first_logo.get(""file_path"")
    if not file_path:
        return None

    # Construct absolute URL using the TMDB image base
    return f""{IMAGE_BASE_URL}{file_path}""


# ── Main orchestration (Rule1) ───────────────────────────────────

def main():
    """"""
    Main entry point: searches for Walt Disney, retrieves its logo,
    and prints the result.
    """"""
    # Step 1: Search for the company
    search_results = search_company(COMPANY_NAME)
    if not search_results:
        print(""Company not found."")
        return

    # Step 2: Select the best matching company ID
    company_id = select_best_company(search_results, COMPANY_NAME)
    if company_id is None:
        print(""Company not found."")
        return

    # Step 3: Get logos for the company
    logos = get_company_logos(company_id)
    if not logos:
        print(""No logo available for this company."")
        return

    # Step 4: Extract the first logo URL
    logo_url = extract_first_logo_url(logos)
    if not logo_url:
        print(""No logo available for this company."")
        return

    # Output the result (Rule5, Rule6)
    print(f""Logo URL for '{COMPANY_NAME}': {logo_url}"")


if __name__ == ""__main__"":
    main()",2,"[""Search_company"", ""Get_company_images""]",1,"[""restbench tools""]",,61.6354,13.0223
What dose the lead actor of Titanic look like?,"Found movie ID for 'Titanic': 597
Lead actor: Leonardo DiCaprio (ID: 6193)

Profile images for Leonardo DiCaprio:
https://image.tmdb.org/t/p/original/mkdRcVIQl4WZhDf1vXKWTD7HZrZ.jpg
https://image.tmdb.org/t/p/original/wo2hJpn04vbtmh0B9utCFdsQhxM.jpg
https://image.tmdb.org/t/p/original/aLUFp0zWpLVyIOgY0scIpuuKZLE.jpg
https://image.tmdb.org/t/p/original/vo4fltT9zZ1kH8nhLetz8MED6jp.jpg
https://image.tmdb.org/t/p/original/dmHB2IBu5DnCkNn7gMYcWCpwshd.jpg
https://image.tmdb.org/t/p/original/x0BACB5PaA2hdapdNo7FN2rVHUD.jpg
https://image.tmdb.org/t/p/original/zwxeqY7AV9VS2J0nTXp3onRErBg.jpg
https://image.tmdb.org/t/p/original/jqbqNrOIB3alGMX6Gh2MbOKMXZO.jpg
https://image.tmdb.org/t/p/original/nb7e6caBO5BxZ8lyIp9Hzv69oNB.jpg
https://image.tmdb.org/t/p/original/pQ0EwV0JrCavFCBml4Ac4EIiBoi.jpg
https://image.tmdb.org/t/p/original/529ZE3FMOu9crAbTcaCnK21m7Kz.jpg
https://image.tmdb.org/t/p/original/dM6SjunEYdiMyWXMAlDyylxOPmD.jpg
https://image.tmdb.org/t/p/original/h5JnhncKehZuzRXOdGKYTH6zVWX.jpg
https://image.tmdb.org/t/p/original/dIUG8zUX5WJmnL0F2PVpfaenCrt.jpg
https://image.tmdb.org/t/p/original/2cMjPA5MnzWvy9FaMTFCTZ39Uau.jpg
https://image.tmdb.org/t/p/original/4WU145wooUGMBmXRPmv6cVS99jA.jpg

(These URLs show what the lead actor of Titanic looks like.)",1,1,3,6179,0,[],0,0,0,0,0,"import sys
from pathlib import Path
PROJECT_ROOT = Path(__file__).resolve().parents[1]
RESTBENCH_TOOLS_DIR = PROJECT_ROOT / 'restbench tools'
if str(RESTBENCH_TOOLS_DIR) not in sys.path:
    sys.path.insert(0, str(RESTBENCH_TOOLS_DIR))

from Search_movie import Search_movie
from Get_movie_credits import Get_movie_credits
from Get_person_images import Get_person_images

import traceback

# ========== Module-level constants (Rule.13) ==========
MOVIE_NAME = ""Titanic""
BASE_IMAGE_URL = ""https://image.tmdb.org/t/p/original""


# ========== Helper functions ==========

def find_movie_id(movie_name: str) -> int:
    """"""
    Search for a movie by name and return the first result's id.
    Raises ValueError if no movie is found.
    """"""
    data = Search_movie(movie_name)
    results = data.get(""results"", [])
    if not results:
        raise ValueError(f""No movies found for '{movie_name}'."")
    first = results[0]
    movie_id = first.get(""id"")
    if movie_id is None:
        raise ValueError(""Movie result has no 'id' field."")
    return movie_id


def fetch_lead_actor_info(movie_id: int) -> dict:
    """"""
    Retrieve the cast for a movie and return the first cast member's id and name.
    Raises ValueError if the cast list is empty.
    """"""
    credits = Get_movie_credits(movie_id)
    cast = credits.get(""cast"", [])
    if not cast:
        raise ValueError(f""No cast found for movie ID {movie_id}."")
    lead = cast[0]
    person_id = lead.get(""id"")
    person_name = lead.get(""name"")
    if person_id is None or person_name is None:
        raise ValueError(""First cast member is missing 'id' or 'name'."")
    return {""id"": person_id, ""name"": person_name}


def get_image_urls(person_id: int) -> list:
    """"""
    Fetch profile images for a person and return a list of full image URLs.
    Returns an empty list if no images exist.
    """"""
    images_data = Get_person_images(person_id)
    profiles = images_data.get(""profiles"", [])
    urls = []
    for profile in profiles:
        file_path = profile.get(""file_path"")
        if file_path:
            full_url = BASE_IMAGE_URL + file_path
            urls.append(full_url)
    return urls


# ========== Main orchestrator ==========

def main():
    """"""
    Answer: What does the lead actor of Titanic look like?
    Process: search movie -> get credits -> find first cast member -> get images.
    """"""
    # Step 1 – find Titanic movie ID
    movie_id = find_movie_id(MOVIE_NAME)
    print(f""Found movie ID for '{MOVIE_NAME}': {movie_id}"")

    # Step 2 – get lead actor info
    lead_info = fetch_lead_actor_info(movie_id)
    actor_id = lead_info[""id""]
    actor_name = lead_info[""name""]
    print(f""Lead actor: {actor_name} (ID: {actor_id})"")

    # Step 3 – get profile images
    image_urls = get_image_urls(actor_id)
    print(f""\nProfile images for {actor_name}:"")
    if image_urls:
        for url in image_urls:
            print(url)
    else:
        print(""  (No profile images available)"")

    print(""\n(These URLs show what the lead actor of Titanic looks like.)"")


if __name__ == ""__main__"":
    try:
        main()
    except Exception:
        traceback.print_exc(file=sys.stderr)
        sys.exit(1)",3,"[""Search_movie"", ""Get_movie_credits"", ""Get_person_images""]",1,"[""restbench tools""]",,37.198,0.0
give me some reviews of the movie that is similar to Titanic,"Found Titanic (ID: 597)
First similar movie: 'Amazing Grace' (ID: 15163)

Found 2 review(s) for 'Amazing Grace':

--- Review #1 ---
Author: Andres Gomez
Rating: 7.0/10
Content:
The cut is a little bit tangled making hard to follow every hop in time.



Otherwise, script and photography are good and the cast does a good job.

--- Review #2 ---
Author: CinemaSerf
Rating: 6.0/10
Content:
Aside from a few charismatic scenes from Sir Michael Gambon as the sagely if rather devious Foreign Secretary Lord Edward Fox, the rest of this really struggles to elevate itself from the doldrums of it's rather dreary cast. It possibly doesn't help that much of the drama is set in a wet and gloomy 19th century England but Ioan Gruffudd as the pioneering abolitionist William Wilberforce comes across as weedy and lacklustre. The same can be said for Benedict Cumberbatch's Prime Minister William Pitt and for the most part this felt like a chronological history lesson instead of a drama that enthused me with the controversial issues of a debate that took all but a decade to reach a meaningful parliamentary vote. There is little of substance to what debate there was and whilst the film makes no bones about the position it takes, it does not flesh out the arguments out using rigorous discussion or characterisation to help illustrate just why it all took so long; just why the populace were indifferent to these atrocities. I found that this just overly relied on our own repugnance for the subject matter to bother developing the themes interestingly and provocatively - and I found myself struggling with it as it neared the two hour mark. A serious biopic of this visionary and dedicated man and of his friends and of his opponents would certainly make for compelling viewing - sadly, though, this isn't that!",1,1,3,5915,0,[],0,0,0,0,0,"import sys
from pathlib import Path
PROJECT_ROOT = Path(__file__).resolve().parents[1]
RESTBENCH_TOOLS_DIR = PROJECT_ROOT / 'restbench tools'
if str(RESTBENCH_TOOLS_DIR) not in sys.path:
    sys.path.insert(0, str(RESTBENCH_TOOLS_DIR))

from Search_movie import Search_movie
from Get_movie_similar import Get_movie_similar
from Get_movie_reviews import Get_movie_reviews

import traceback

# ── Module-level constants ──────────────────────────────────────────────
SEARCH_QUERY = ""Titanic""          # hardcoded from user requirement
FIRST_RESULT_INDEX = 0            # pick first movie / first similar movie

# ── Helper functions (each wraps an API call) ───────────────────────────

def search_movie_id() -> int:
    """"""
    Search for the movie 'Titanic' and return its TMDB ID.
    Raises an exception if no movie is found.
    """"""
    data = Search_movie(SEARCH_QUERY)          # call the provided API function
    results = data.get(""results"", [])
    if not results:
        raise Exception(f""No movie found for query '{SEARCH_QUERY}'."")
    first = results[FIRST_RESULT_INDEX]
    # schema guarantees ""id"" is an integer
    return first[""id""]


def get_similar_movies(movie_id: int) -> list[dict]:
    """"""
    Return the list of similar movie objects for the given movie_id.
    May return an empty list (treated as success / no data).
    """"""
    data = Get_movie_similar(movie_id)          # call the provided API function
    return data.get(""results"", [])


def get_reviews_for_movie(movie_id: int) -> list[dict]:
    """"""
    Return the list of user review objects for the given movie_id.
    May return an empty list (treated as success / no data).
    """"""
    data = Get_movie_reviews(movie_id)          # call the provided API function
    return data.get(""results"", [])


def format_and_print_reviews(reviews: list[dict]) -> None:
    """"""
    Print all reviews in a readable format.
    """"""
    if not reviews:
        print(""No reviews found for the selected similar movie."")
        return

    for i, review in enumerate(reviews, start=1):
        author = review.get(""author"", ""Unknown"")
        print(f""--- Review #{i} ---"")
        print(f""Author: {author}"")

        # author_details may contain a rating (nullable integer)
        author_details = review.get(""author_details"")
        rating = None
        if author_details:
            rating = author_details.get(""rating"")   # None if not present or null
        if rating is not None:
            print(f""Rating: {rating}/10"")

        content = review.get(""content"", """")
        # Print content (full text); no truncation to preserve readability
        print(f""Content:\n{content}\n"")


# ── Main orchestrator ───────────────────────────────────────────────────

def main():
    try:
        # Step 1: find Titanic's ID
        titanic_id = search_movie_id()
        print(f""Found Titanic (ID: {titanic_id})"")

        # Step 2: get similar movies
        similar_movies = get_similar_movies(titanic_id)
        if not similar_movies:
            print(""No similar movies found for Titanic."")
            return

        # Step 3: pick the first similar movie
        first_similar = similar_movies[FIRST_RESULT_INDEX]
        similar_id = first_similar[""id""]
        similar_title = first_similar.get(""title"", ""Unknown"")
        print(f""First similar movie: '{similar_title}' (ID: {similar_id})"")

        # Step 4: get reviews for that movie
        reviews = get_reviews_for_movie(similar_id)

        # Step 5: output the reviews
        print(f""\nFound {len(reviews)} review(s) for '{similar_title}':\n"")
        format_and_print_reviews(reviews)

    except Exception:
        # Top-level exception handler – Rule9
        traceback.print_exc(file=sys.stderr)


if __name__ == ""__main__"":
    main()",3,"[""Search_movie"", ""Get_movie_similar"", ""Get_movie_reviews""]",1,"[""restbench tools""]",,34.8716,0.0
I just finished watching Titanic and I want some other movie recommendations,"Movies similar to 'Titanic':
1. Amazing Grace
2. Newsies
3. The Montreal Protocol
4. Max
5. What We Do Is Secret
6. Lady Chatterley's Lover
7. Dunkirk
8. Antarctica
9. A Frozen Flower
10. Oliver!",1,1,3,5097,0,[],0,0,0,0,0,"import sys
from pathlib import Path
PROJECT_ROOT = Path(__file__).resolve().parents[1]
RESTBENCH_TOOLS_DIR = PROJECT_ROOT / 'restbench tools'
if str(RESTBENCH_TOOLS_DIR) not in sys.path:
    sys.path.insert(0, str(RESTBENCH_TOOLS_DIR))

from Search_movie import Search_movie
from Get_movie_similar import Get_movie_similar

import traceback

# -------------------------------------------------------------------
# Module-level constants – derived from user requirement
# -------------------------------------------------------------------
MOVIE_TITLE = ""Titanic""
MAX_RECOMMENDATIONS = 10


def _search_movie(query: str) -> int | None:
    """"""
    Search for a movie by title and return the first result's ID.
    Returns None if no movie is found.
    """"""
    data = Search_movie(query)          # API call – function provided externally
    results = data.get(""results"", [])
    if not results:
        return None
    return results[0][""id""]             # first matching movie


def _get_similar_movies(movie_id: int) -> list[str]:
    """"""
    Retrieve similar movies for the given movie ID.
    Returns a list of movie titles.
    """"""
    data = Get_movie_similar(movie_id)  # API call – function provided externally
    results = data.get(""results"", [])
    # Extract titles; if a title key is missing, use ""Unknown""
    return [movie.get(""title"", ""Unknown"") for movie in results]


def _display_recommendations(titles: list[str], max_count: int) -> None:
    """"""
    Print the list of recommended movie titles in a readable format.
    """"""
    print(f""Movies similar to '{MOVIE_TITLE}':"")
    for idx, title in enumerate(titles[:max_count], start=1):
        print(f""{idx}. {title}"")


def main() -> None:
    """"""
    Orchestrator: search Titanic, get similar movies, display recommendations.
    No core logic – only calls well‑named helper functions.
    """"""
    try:
        movie_id = _search_movie(MOVIE_TITLE)
        if movie_id is None:
            print(f""Movie '{MOVIE_TITLE}' was not found in the database."")
            return

        recommendations = _get_similar_movies(movie_id)
        if not recommendations:
            print(f""No similar movies found for '{MOVIE_TITLE}'."")
            return

        _display_recommendations(recommendations, MAX_RECOMMENDATIONS)

    except Exception:
        traceback.print_exc(file=sys.stderr)


if __name__ == ""__main__"":
    main()",2,"[""Search_movie"", ""Get_movie_similar""]",1,"[""restbench tools""]",,23.0524,0.0
What is the latest movie directed by Christopher Nolan?,Latest movie directed by Christopher Nolan: 'The Odyssey' (released 2026-07-15),1,1,3,7304,0,[],0,0,0,0,0,"import sys
from pathlib import Path
PROJECT_ROOT = Path(__file__).resolve().parents[1]
RESTBENCH_TOOLS_DIR = PROJECT_ROOT / 'restbench tools'
if str(RESTBENCH_TOOLS_DIR) not in sys.path:
    sys.path.insert(0, str(RESTBENCH_TOOLS_DIR))

from Search_person import Search_person
from Get_person_movie_credits import Get_person_movie_credits
from Get_person_movie_credits import Get_person_movie_credits

import traceback
from datetime import datetime

# ----- Module-level constants (Rule13) -----
DIRECTOR_NAME = ""Christopher Nolan""
DIRECTOR_JOB = ""Director""


def get_person_id(name):
    """"""Search for a person by name and return the first person's ID.""""""
    search_result = Search_person(name)
    results = search_result.get(""results"", [])
    if not results:
        return None
    # According to schema, each result has an ""id"" field
    return results[0].get(""id"")


def get_directed_movie_credits(person_id):
    """"""Fetch movie credits and return only crew entries where job is Director.""""""
    credits = Get_person_movie_credits(person_id)
    crew_list = credits.get(""crew"", [])
    # Filter by job field (case-insensitive)
    directed = [
        entry for entry in crew_list
        if entry.get(""job"", """").lower() == DIRECTOR_JOB.lower()
    ]
    return directed


def find_latest_movie(credits):
    """"""From a list of director crew entries, return the one with the latest release_date.""""""
    if not credits:
        return None
    # Use release_date string for comparison (ISO format YYYY-MM-DD)
    latest = max(credits, key=lambda c: c.get(""release_date"", """"))
    return latest


def main():
    """"""Top-level orchestration.""""""
    # Step 1: Get person ID
    person_id = get_person_id(DIRECTOR_NAME)
    if person_id is None:
        print(f""Person '{DIRECTOR_NAME}' not found."")
        return

    # Step 2: Get directed movie credits
    directed_credits = get_directed_movie_credits(person_id)
    if not directed_credits:
        print(f""No directing credits found for {DIRECTOR_NAME}."")
        return

    # Step 3: Find the latest directed movie
    latest_movie = find_latest_movie(directed_credits)
    title = latest_movie.get(""title"", ""Unknown"")
    release_date = latest_movie.get(""release_date"", ""Unknown date"")
    print(f""Latest movie directed by {DIRECTOR_NAME}: '{title}' (released {release_date})"")


if __name__ == ""__main__"":
    try:
        main()
    except Exception:
        traceback.print_exc(file=sys.stderr)
        sys.exit(1)",3,"[""Search_person"", ""Get_person_movie_credits"", ""Get_person_movie_credits""]",1,"[""restbench tools""]",,28.0992,0.0
tell me the highest rated movie directed by Martin Scorsese,"The highest rated movie directed by Martin Scorsese is: ""Vesuvius VI"" with a rating of 10.0.",1,1,3,7587,0,[],0,0,0,0,0,"import sys
from pathlib import Path
PROJECT_ROOT = Path(__file__).resolve().parents[1]
RESTBENCH_TOOLS_DIR = PROJECT_ROOT / 'restbench tools'
if str(RESTBENCH_TOOLS_DIR) not in sys.path:
    sys.path.insert(0, str(RESTBENCH_TOOLS_DIR))

from Search_person import Search_person
from Get_person_movie_credits import Get_person_movie_credits
from Get_movie_details import Get_movie_details

import os
import requests
import traceback

# ==================== Provided API Functions (unchanged) ====================
# Search for people
def Search_person(query):
    if query is None:
        raise ValueError(""`query` is required."")
    url = ""https://api.themoviedb.org/3/search/person""
    bearer_token = os.getenv(""TMDB_BEARER_TOKEN"")
    headers = {""accept"": ""application/json"", ""Authorization"": f""Bearer {bearer_token}""}
    params = {""query"": query}
    response = requests.get(url, headers=headers, params=params)
    if response.status_code == 200:
        return response.json()
    raise Exception(f""API request failed with status code {response.status_code}: {response.text}"")

# Get movie credits for a person
def Get_person_movie_credits(person_id):
    if person_id is None:
        raise ValueError(""`person_id` is required."")
    url = f""https://api.themoviedb.org/3/person/{person_id}/movie_credits""
    bearer_token = os.getenv(""TMDB_BEARER_TOKEN"")
    headers = {""accept"": ""application/json"", ""Authorization"": f""Bearer {bearer_token}""}
    response = requests.get(url, headers=headers)
    if response.status_code == 200:
        return response.json()
    raise Exception(f""API request failed with status code {response.status_code}: {response.text}"")

# Get movie details by ID
def Get_movie_details(movie_id):
    if movie_id is None:
        raise ValueError(""`movie_id` is required."")
    url = f""https://api.themoviedb.org/3/movie/{movie_id}""
    bearer_token = os.getenv(""TMDB_BEARER_TOKEN"")
    headers = {""accept"": ""application/json"", ""Authorization"": f""Bearer {bearer_token}""}
    response = requests.get(url, headers=headers)
    if response.status_code == 200:
        return response.json()
    raise Exception(f""API request failed with status code {response.status_code}: {response.text}"")

# ==================== Constants (Module-level) ====================
PERSON_NAME = ""Martin Scorsese""
DIRECTOR_JOB = ""directer""  # We'll use case‑insensitive comparison

# ==================== Helper Functions ====================
def search_person_id(person_name: str) -> int:
    """"""
    Search for a person by name and return the TMDB ID of the first result.
    """"""
    result = Search_person(person_name)
    results = result.get(""results"", [])
    if not results:
        raise ValueError(f""No person found for name: {person_name}"")
    # Return the id of the first person result
    return results[0][""id""]

def get_directed_movie_ids(person_id: int):
    """"""
    Get all movie IDs where the given person worked as a Director.
    """"""
    credits = Get_person_movie_credits(person_id)
    crew_list = credits.get(""crew"", [])
    directed_ids = []
    for crew_entry in crew_list:
        # Use case‑insensitive comparison to be lenient
        job = crew_entry.get(""job"", """").strip().lower()
        if job == ""director"":
            # The 'id' field in crew entry is the movie ID
            directed_ids.append(crew_entry.get(""id""))
    return directed_ids

def get_movie_info(movie_id: int):
    """"""
    Retrieve movie title and vote average from the details API.
    """"""
    details = Get_movie_details(movie_id)
    return {
        ""id"": movie_id,
        ""title"": details.get(""title"", ""Unknown""),
        ""vote_average"": details.get(""vote_average"", 0.0)
    }

def find_highest_rated_movie(movie_ids: list):
    """"""
    Given a list of movie IDs, return the one with the highest vote_average.
    Returns (title, rating) or (None, None) if list is empty.
    """"""
    best_title = None
    best_rating = -1.0
    for mid in movie_ids:
        info = get_movie_info(mid)
        rating = info[""vote_average""]
        if rating > best_rating:
            best_rating = rating
            best_title = info[""title""]
    return best_title, best_rating

# ==================== Main Orchestration ====================
def main():
    try:
        # Step 1: Find Martin Scorsese's TMDB ID
        person_id = search_person_id(PERSON_NAME)

        # Step 2: Get all movie IDs he directed
        directed_movie_ids = get_directed_movie_ids(person_id)

        if not directed_movie_ids:
            print(f""No directed movies found for {PERSON_NAME}."")
            return

        # Step 3: Find the highest rated movie among those
        best_title, best_rating = find_highest_rated_movie(directed_movie_ids)

        # Step 4: Output the result
        if best_title:
            print(f""The highest rated movie directed by {PERSON_NAME} is: \""{best_title}\"" with a rating of {best_rating}."")
        else:
            print(f""Could not determine the highest rated movie for {PERSON_NAME}."")

    except Exception:
        traceback.print_exc(file=sys.stderr)
        sys.exit(1)

if __name__ == ""__main__"":
    main()",3,"[""Search_person"", ""Get_person_movie_credits"", ""Get_movie_details""]",1,"[""restbench tools""]",,113.2598,0.0
Who is the director of Leonardo DiCaprio's latest movie?,"The director of Leonardo DiCaprio's latest movie is: Jacob ""Kuba"" Bojsza",1,1,3,7330,0,[],0,0,0,0,0,"import sys
from pathlib import Path
PROJECT_ROOT = Path(__file__).resolve().parents[1]
RESTBENCH_TOOLS_DIR = PROJECT_ROOT / 'restbench tools'
if str(RESTBENCH_TOOLS_DIR) not in sys.path:
    sys.path.insert(0, str(RESTBENCH_TOOLS_DIR))

from Search_person import Search_person
from Get_person_movie_credits import Get_person_movie_credits
from Get_movie_credits import Get_movie_credits

import traceback
from datetime import datetime

# ------------------------------------------------------------
# Module-level constants derived from user requirement and schema
# ------------------------------------------------------------
LEONARDO_NAME = ""Leonardo DiCaprio""
SEARCH_FIRST_RESULT = 0       # index for first result
DIRECTOR_JOB = ""Director""

# ------------------------------------------------------------
# Helper functions – each corresponds to a step in the pseudocode
# ------------------------------------------------------------

def search_person_id(person_name: str) -> int:
    """"""
    Search for a person by name and return the TMDB person ID of the first result.
    """"""
    response = Search_person(person_name)   # API call – already implemented
    results = response.get(""results"", [])
    if not results:
        raise ValueError(f""No person found for name: {person_name}"")
    # Extract the ID from the first result
    person_id = results[SEARCH_FIRST_RESULT].get(""id"")
    if person_id is None:
        raise ValueError(f""Person result missing 'id' field"")
    return person_id


def get_latest_movie_id(person_id: int) -> int:
    """"""
    Retrieve movie credits for a person and return the ID of the most recent
    movie (based on release_date) in which the person has a cast credit.
    """"""
    credits = Get_person_movie_credits(person_id)   # API call
    cast_list = credits.get(""cast"", [])
    if not cast_list:
        raise ValueError(f""No cast credits found for person ID {person_id}"")

    # Helper: convert release_date string to a date object for sorting.
    # Treat missing/empty dates as minimal (year 1) so they sort last.
    def sort_key(movie):
        raw_date = movie.get(""release_date"", """")
        if not raw_date:
            return datetime.min
        try:
            return datetime.strptime(raw_date, ""%Y-%m-%d"")
        except ValueError:
            # If date format is unexpected, treat as minimal.
            return datetime.min

    # Sort descending (most recent first)
    sorted_cast = sorted(cast_list, key=sort_key, reverse=True)
    latest_movie = sorted_cast[0]
    movie_id = latest_movie.get(""id"")
    if movie_id is None:
        raise ValueError(""Latest movie entry missing 'id' field"")
    return movie_id


def get_director_name(movie_id: int) -> str:
    """"""
    Retrieve the credits for a movie and return the name of the person
    whose job is 'Director' in the crew.
    """"""
    credits = Get_movie_credits(movie_id)   # API call
    crew_list = credits.get(""crew"", [])
    if not crew_list:
        raise ValueError(f""No crew found for movie ID {movie_id}"")

    for crew_member in crew_list:
        # Use case‑insensitive comparison to be lenient
        if crew_member.get(""job"", """").lower() == DIRECTOR_JOB.lower():
            director_name = crew_member.get(""name"")
            if director_name is None:
                raise ValueError(""Director entry missing 'name' field"")
            return director_name

    raise ValueError(f""No director found for movie ID {movie_id}"")


# ------------------------------------------------------------
# Main orchestration – no core logic outside this block
# ------------------------------------------------------------
def main():
    # Step 1: Get Leonardo DiCaprio's TMDB person ID
    leo_id = search_person_id(LEONARDO_NAME)
    # Step 2: Get his most recent movie's ID
    latest_movie_id = get_latest_movie_id(leo_id)
    # Step 3: Get the director of that movie
    director = get_director_name(latest_movie_id)
    # Output the result in a readable message
    print(f""The director of Leonardo DiCaprio's latest movie is: {director}"")


# ------------------------------------------------------------
# Top‑level exception handler with full traceback
# ------------------------------------------------------------
if __name__ == ""__main__"":
    try:
        main()
    except Exception:
        traceback.print_exc(file=sys.stderr)
        sys.exit(1)",3,"[""Search_person"", ""Get_person_movie_credits"", ""Get_movie_credits""]",1,"[""restbench tools""]",,27.9097,0.0
tell me a TV show recently directed by Catherine Hardwicke,"Most recent TV show directed by Catherine Hardwicke:
  Name: Under the Bridge
  First air date: 2024-04-17",1,1,3,8449,0,[],0,0,0,0,0,"import sys
from pathlib import Path
PROJECT_ROOT = Path(__file__).resolve().parents[1]
RESTBENCH_TOOLS_DIR = PROJECT_ROOT / 'restbench tools'
if str(RESTBENCH_TOOLS_DIR) not in sys.path:
    sys.path.insert(0, str(RESTBENCH_TOOLS_DIR))

from Search_person import Search_person
from Get_person_tv_credits import Get_person_tv_credits
from Get_tv_details import Get_tv_details

import traceback

# -------------------------------------------------------------------
# Module-level constants (Rule 13)
# -------------------------------------------------------------------
PERSON_NAME = ""Catherine Hardwicke""

# -------------------------------------------------------------------
# Helper functions
# -------------------------------------------------------------------
def search_person(person_name):
    """"""
    Search for a person by name and return the first result's ID.
    Returns None if no results found.
    """"""
    data = Search_person(person_name)
    if not data or ""results"" not in data or not data[""results""]:
        return None
    # The schema shows results are a list of Person objects with ""id""
    return data[""results""][0][""id""]

def get_directing_credits(person_id):
    """"""
    Get person's TV crew credits where department is 'Directing'.
    Returns a list of crew credit dicts.
    """"""
    credits = Get_person_tv_credits(person_id)
    if not credits or ""crew"" not in credits:
        return []
    crew = credits[""crew""]
    # Filter by department == ""Directing"" (case-sensitive per schema)
    directing = [c for c in crew if c.get(""department"") == ""Directing""]
    return directing

def get_tv_details(tv_id):
    """"""
    Get TV show details by ID. Returns the full details dict.
    """"""
    return Get_tv_details(tv_id)

def find_most_recent_show(directing_credits):
    """"""
    Given a list of crew credits (each containing 'id', 'name'),
    fetch details for each and return the one with the latest first_air_date.
    Returns a tuple (show_name, first_air_date) or None if empty.
    """"""
    if not directing_credits:
        return None

    candidates = []
    for credit in directing_credits:
        tv_id = credit[""id""]
        try:
            details = get_tv_details(tv_id)
        except Exception:
            # If a single show fails, skip it
            continue
        first_air_date = details.get(""first_air_date"")
        if not first_air_date:
            # Date missing – treat as less recent
            continue
        candidates.append((credit[""name""], first_air_date, tv_id))

    if not candidates:
        return None

    # Sort descending by date (string YYYY-MM-DD sort works correctly)
    candidates.sort(key=lambda x: x[1], reverse=True)
    most_recent = candidates[0]
    # Return show name and date
    return most_recent[0], most_recent[1]

# -------------------------------------------------------------------
# Main orchestrator
# -------------------------------------------------------------------
def main():
    """"""Orchestrate the search for Catherine Hardwicke's most recent directed TV show.""""""
    try:
        # 1. Search for person
        person_id = search_person(PERSON_NAME)
        if person_id is None:
            print(f""No person found for name: {PERSON_NAME}"")
            return

        # 2. Get directing credits
        directing_credits = get_directing_credits(person_id)
        if not directing_credits:
            print(f""No TV directing credits found for {PERSON_NAME}."")
            return

        # 3. Find the most recent one
        result = find_most_recent_show(directing_credits)
        if result is None:
            print(""No TV show with a valid air date found."")
            return

        show_name, first_air_date = result
        print(f""Most recent TV show directed by {PERSON_NAME}:"")
        print(f""  Name: {show_name}"")
        print(f""  First air date: {first_air_date}"")

    except Exception as e:
        print(""An error occurred:"", file=sys.stderr)
        traceback.print_exc(file=sys.stderr)
        sys.exit(1)

# -------------------------------------------------------------------
# Entry point
# -------------------------------------------------------------------
if __name__ == ""__main__"":
    main()",3,"[""Search_person"", ""Get_person_tv_credits"", ""Get_tv_details""]",1,"[""restbench tools""]",,41.193,0.0
Please recommend me some TV shows similar to Breaking Bad,"Recommended TV shows similar to 'Breaking Bad':

 1. Drug Squad: Costa del Sol                (Rating:  6.4, First aired: 2019-05-06)
 2. Galilei Donna                            (Rating:  6.7, First aired: 2013-10-10)
 3. Electromagnetic Girlfriend               (Rating:  6.8, First aired: 2009-05-01)
 4. Bodies                                   (Rating:  7.1, First aired: 2023-10-19)
 5. The Bonfire of Taiwan                    (Rating:  7.0, First aired: 2002-06-19)
 6. The Red Road                             (Rating:  6.8, First aired: 2014-02-27)
 7. Newtopia                                 (Rating:  7.9, First aired: 2025-02-07)
 8. The Killer Next Door                     (Rating:  4.7, First aired: 2025-08-04)
 9. El Chavo del Ocho                        (Rating:  8.0, First aired: 1973-02-26)
10. Titus                                    (Rating:  6.9, First aired: 2000-03-20)
11. Thriller                                 (Rating:  6.9, First aired: 1973-04-14)
12. Weeds                                    (Rating:  7.5, First aired: 2005-08-07)
13. Secrets We Keep                          (Rating:  6.7, First aired: 2025-05-15)
14. The Dreamers                             (Rating:  3.0, First aired: 2021-03-11)
15. Turn of the Tide                         (Rating:  7.0, First aired: 2023-05-26)
16. The Asset                                (Rating:  7.2, First aired: 2025-10-27)
17. Titanic Sinks Tonight                    (Rating:  7.3, First aired: 2025-12-28)
18. Moral Orel                               (Rating:  8.0, First aired: 2005-12-12)
19. Sugar Rush                               (Rating:  7.0, First aired: 2005-06-07)
20. Torchwood                                (Rating:  7.3, First aired: 2006-10-22)",1,1,3,5359,0,[],0,0,0,0,0,"import sys
from pathlib import Path
PROJECT_ROOT = Path(__file__).resolve().parents[1]
RESTBENCH_TOOLS_DIR = PROJECT_ROOT / 'restbench tools'
if str(RESTBENCH_TOOLS_DIR) not in sys.path:
    sys.path.insert(0, str(RESTBENCH_TOOLS_DIR))

from Search_tv import Search_tv
from Get_similar_tv import Get_similar_tv

import traceback

# ----------------------------------------------------------------------
# Module-level constants – hardcoded from user requirement
# ----------------------------------------------------------------------
TARGET_SHOW = ""Breaking Bad""
# We'll output all similar shows from the first page; no limit constant needed
# but we can define a nice header string for the report
REPORT_HEADER = ""\nRecommended TV shows similar to '{}':\n"".format(TARGET_SHOW)

# ----------------------------------------------------------------------
# Helper functions – each does one API interaction or transformation
# ----------------------------------------------------------------------
def search_show_id(show_name: str) -> int:
    """"""
    Search for a TV show by name, return the unique ID of the first result.
    Raises ValueError if no result is found.
    """"""
    data = Search_tv(show_name)          # call API (provided externally)
    results = data.get(""results"", [])
    if not results:
        raise ValueError(f""No TV show found for query '{show_name}'."")
    first = results[0]
    show_id = first[""id""]                # schema confirms integer id
    return show_id


def get_similar_shows(series_id: int) -> list:
    """"""
    Fetch the list of similar TV shows for a given series ID.
    Returns the raw list of result dictionaries (each conforming to schema).
    """"""
    data = Get_similar_tv(series_id)     # call API (provided externally)
    return data.get(""results"", [])


def print_recommendations(shows: list) -> None:
    """"""
    Pretty-print a list of similar TV show dictionaries.
    Only name, vote_average, and first_air_date are shown.
    """"""
    if not shows:
        print(""\nNo similar TV shows were found."")
        return
    print(REPORT_HEADER)
    for idx, show in enumerate(shows, start=1):
        name = show.get(""name"", ""Unknown"")
        rating = show.get(""vote_average"", ""N/A"")
        air_date = show.get(""first_air_date"", ""Unknown"")
        print(f""{idx:2d}. {name:40s} (Rating: {rating:4.1f}, First aired: {air_date})"")
    print()

# ----------------------------------------------------------------------
# Main orchestration – no core logic, just calling helpers
# ----------------------------------------------------------------------
def main() -> None:
    try:
        # Step 1: get the ID of ""Breaking Bad""
        breaking_bad_id = search_show_id(TARGET_SHOW)
        # Step 2: retrieve similar shows
        similar_shows = get_similar_shows(breaking_bad_id)
        # Step 3: output the recommendations
        print_recommendations(similar_shows)
    except Exception:
        # Rule9: print full traceback to stderr
        traceback.print_exc(file=sys.stderr)
        sys.exit(1)


# ----------------------------------------------------------------------
# Entry point – only this block may call main()
# ----------------------------------------------------------------------
if __name__ == ""__main__"":
    main()",2,"[""Search_tv"", ""Get_similar_tv""]",1,"[""restbench tools""]",,20.836,0.0
Who is the director of today's most trending movie?,The director of today's most trending movie is: Curry Barker,1,1,3,5909,0,[],0,0,0,0,0,"import sys
from pathlib import Path
PROJECT_ROOT = Path(__file__).resolve().parents[1]
RESTBENCH_TOOLS_DIR = PROJECT_ROOT / 'restbench tools'
if str(RESTBENCH_TOOLS_DIR) not in sys.path:
    sys.path.insert(0, str(RESTBENCH_TOOLS_DIR))

from Get_trending_movies import Get_trending_movies
from Get_movie_credits import Get_movie_credits

import traceback

# ─── Module-level constants (derived from user requirement) ───
TIME_WINDOW = ""day""          # ""today's most trending movie""
DIRECTOR_JOB = ""Director""    # exact job title as per API schema

# ─── Helper functions ───

def get_trending_movies():
    """"""
    Fetches trending movies for the configured time window.
    Returns the list of movie objects from the API response.
    """"""
    response = Get_trending_movies(TIME_WINDOW)
    results = response.get(""results"", [])
    if not results:
        print(""No trending movies found for today."")
        return []
    return results


def get_movie_credits(movie_id):
    """"""
    Fetches cast and crew for the given movie ID.
    Returns the full credits response dict.
    """"""
    return Get_movie_credits(movie_id)


def extract_director(credits):
    """"""
    Searches the crew list for a member whose job is ""Director"".
    Returns the director's name, or None if not found.
    """"""
    crew = credits.get(""crew"", [])
    for member in crew:
        job = member.get(""job"", """").strip()
        if job.lower() == DIRECTOR_JOB.lower():
            return member.get(""name"", ""Unknown"")
    return None


def main():
    try:
        # Step 1: Get today's trending movies and pick the first one
        trending = get_trending_movies()
        if not trending:
            print(""No trending movies available. Cannot determine director."")
            return

        top_movie = trending[0]
        movie_id = top_movie.get(""id"")
        if movie_id is None:
            print(""Trending movie missing ID."")
            return

        # Step 2: Get credits for that movie
        credits = get_movie_credits(movie_id)

        # Step 3: Extract director name
        director = extract_director(credits)

        if director:
            print(f""The director of today's most trending movie is: {director}"")
        else:
            print(""No director found in the movie credits."")
    except Exception:
        traceback.print_exc(file=sys.stderr)
        sys.exit(1)


if __name__ == ""__main__"":
    main()",2,"[""Get_trending_movies"", ""Get_movie_credits""]",1,"[""restbench tools""]",,36.65,0.0
"Who is the director of the movie ""Twilight""?",The director of 'Twilight' is: Catherine Hardwicke,1,1,3,5581,0,[],0,0,0,0,0,"import sys
from pathlib import Path
PROJECT_ROOT = Path(__file__).resolve().parents[1]
RESTBENCH_TOOLS_DIR = PROJECT_ROOT / 'restbench tools'
if str(RESTBENCH_TOOLS_DIR) not in sys.path:
    sys.path.insert(0, str(RESTBENCH_TOOLS_DIR))

from Search_movie import Search_movie
from Get_movie_credits import Get_movie_credits

import traceback

# Module-level constants (from user requirement)
MOVIE_QUERY = ""Twilight""
DIRECTOR_JOB = ""Director""


def search_movie_id(query: str) -> int:
    """"""
    Search for a movie by query and return the TMDB id of the first result.
    Raises ValueError if no results found.
    """"""
    data = Search_movie(query)   # API call
    # Schema: results is a list of objects, each with ""id""
    results = data.get(""results"", [])
    if not results:
        raise ValueError(f""No movie found for query '{query}'"")
    # Return id of the first result
    first = results[0]
    movie_id = first.get(""id"")
    if movie_id is None:
        raise ValueError(""Result object missing 'id' field"")
    return movie_id


def get_movie_credits(movie_id: int) -> dict:
    """"""
    Get credits (cast & crew) for a given movie_id.
    Returns the full response dict.
    """"""
    return Get_movie_credits(movie_id)


def extract_director(credits_data: dict) -> str:
    """"""
    Extract the director's name from credits_data['crew'].
    Looks for crew member whose job (case-insensitive) equals 'director'.
    Raises ValueError if not found.
    """"""
    crew_list = credits_data.get(""crew"", [])
    for member in crew_list:
        job = member.get(""job"", """")
        # Compare case-insensitively per Rule14 (lenient comparison)
        if job.lower() == DIRECTOR_JOB.lower():
            name = member.get(""name"")
            if name:
                return name
    raise ValueError(""Director not found in crew"")


def main() -> None:
    """"""
    Orchestrate the workflow: search -> credits -> director name.
    Print the result.
    """"""
    try:
        # Step 1: Get movie ID for ""Twilight""
        movie_id = search_movie_id(MOVIE_QUERY)

        # Step 2: Get credits for that movie
        credits = get_movie_credits(movie_id)

        # Step 3: Extract director name
        director = extract_director(credits)

        # Step 4: Output
        print(f""The director of '{MOVIE_QUERY}' is: {director}"")

    except Exception:
        traceback.print_exc(file=sys.stderr)
        sys.exit(1)


if __name__ == ""__main__"":
    main()",2,"[""Search_movie"", ""Get_movie_credits""]",1,"[""restbench tools""]",,28.2272,0.0
give me a photo belong to the second episode of the first season of the Witcher,"Photo URL for The Witcher S01E02:
https://image.tmdb.org/t/p/original/7KWyZgiSXSAuagbtzjTZLrkOtNk.jpg",1,1,7,19910,1,"[""pseudocode_repair""]",2,7543,1,0,1,"import sys
from pathlib import Path
PROJECT_ROOT = Path(__file__).resolve().parents[1]
RESTBENCH_TOOLS_DIR = PROJECT_ROOT / 'restbench tools'
if str(RESTBENCH_TOOLS_DIR) not in sys.path:
    sys.path.insert(0, str(RESTBENCH_TOOLS_DIR))

from Search_tv import Search_tv
from Get_tv_season_details import Get_tv_season_details
from Get_tv_episode_images import Get_tv_episode_images

import traceback

# ---------- Module-level constants (from user requirement) ----------
SEARCH_QUERY = ""The Witcher""
SEASON_NUMBER = 1
TARGET_EPISODE_NUMBER = 2
# Base URL for TMDB images (standard)
IMAGE_BASE_URL = ""https://image.tmdb.org/t/p/original""


def search_tv_show(query: str) -> int:
    """"""Search for a TV show by name and return the first show's ID.""""""
    data = Search_tv(query)
    results = data.get(""results"", [])
    if not results:
        raise ValueError(f""No TV show found for query '{query}'"")
    # Take the first result – most popular match
    first_show = results[0]
    return first_show[""id""]


def get_season_episodes(series_id: int, season_number: int) -> list:
    """"""Fetch season details and return the list of episodes.""""""
    season_data = Get_tv_season_details(series_id, season_number)
    episodes = season_data.get(""episodes"", [])
    if not episodes:
        raise ValueError(f""No episodes found for season {season_number} of series {series_id}"")
    return episodes


def find_target_episode(episodes: list, target_num: int) -> int:
    """"""Find the episode with the given episode_number and return its number.""""""
    for ep in episodes:
        # Use lenient comparison – the value is already numeric, but we check if it matches
        if ep.get(""episode_number"") == target_num:
            return target_num
    raise ValueError(f""Episode number {target_num} not found in the list"")


def get_first_episode_image(series_id: int, season_number: int, episode_number: int) -> str:
    """"""Get the first still image file_path for the given episode.""""""
    images_data = Get_tv_episode_images(series_id, season_number, episode_number)
    stills = images_data.get(""stills"", [])
    if not stills:
        raise ValueError(f""No still images found for episode {episode_number}"")
    # Take the first still (most voted? – just first in array as per pseudocode)
    first_still = stills[0]
    file_path = first_still.get(""file_path"")
    if not file_path:
        raise ValueError(""File path is missing from the still image data"")
    return IMAGE_BASE_URL + file_path


def main() -> None:
    """"""Orchestrate the workflow and print the episode photo URL.""""""
    try:
        # 1. Find the TV show ID
        show_id = search_tv_show(SEARCH_QUERY)

        # 2. Get episodes of the first season
        episodes = get_season_episodes(show_id, SEASON_NUMBER)

        # 3. Locate the second episode (episode_number == 2)
        episode_number = find_target_episode(episodes, TARGET_EPISODE_NUMBER)

        # 4. Get a still image from that episode
        photo_url = get_first_episode_image(show_id, SEASON_NUMBER, episode_number)

        # Output the result
        print(f""Photo URL for {SEARCH_QUERY} S{SEASON_NUMBER:02d}E{episode_number:02d}:"")
        print(photo_url)

    except Exception as e:
        print(""An error occurred:"", file=sys.stderr)
        traceback.print_exc(file=sys.stderr)
        sys.exit(1)


if __name__ == ""__main__"":
    main()",3,"[""Search_tv"", ""Get_tv_season_details"", ""Get_tv_episode_images""]",1,"[""restbench tools""]",,67.5286,7.1076
What is top-1 rated movie?,"Top-1 Rated Movie:
  Title        : Swapped
  Rating       : 8.947
  Release Date : 2026-05-01
  Overview     : A small woodland creature and a majestic bird, two natural sworn enemies of the Valley, magically trade places and se...",1,1,3,4424,0,[],0,0,0,0,0,"import sys
from pathlib import Path
PROJECT_ROOT = Path(__file__).resolve().parents[1]
RESTBENCH_TOOLS_DIR = PROJECT_ROOT / 'restbench tools'
if str(RESTBENCH_TOOLS_DIR) not in sys.path:
    sys.path.insert(0, str(RESTBENCH_TOOLS_DIR))

from Get_top_rated_movies import Get_top_rated_movies

import traceback

# --------------------------------------------------------------------------- #
# Module-level constants derived from user requirement and API schema          #
# --------------------------------------------------------------------------- #
REGION = None          # No region specified; get worldwide top-rated movies.
TOP_N = 1              # We only need the top-1 movie.

# --------------------------------------------------------------------------- #
# Helper functions for each step                                              #
# --------------------------------------------------------------------------- #

def fetch_top_rated_movies():
    """"""
    Calls Get_top_rated_movies API and returns the list of movie objects
    from the 'results' field.  If the API call fails, an exception is raised
    (propagated to the top-level handler).
    """"""
    response = Get_top_rated_movies(region=REGION)
    # response is a dict conforming to the schema
    movies = response.get(""results"", [])
    if movies is None:
        movies = []
    return movies


def extract_top_movie(movies):
    """"""
    Given a list of movie dicts, returns the first element if the list is
    non-empty, otherwise returns None.
    """"""
    if len(movies) > 0:
        return movies[0]
    return None


def format_movie_summary(movie):
    """"""
    Creates a human-readable summary string from a movie dict.
    Assumes the movie dict contains 'title', 'vote_average', 'release_date',
    and 'overview' (overview may be long, we truncate for display).
    """"""
    title = movie.get(""title"", ""N/A"")
    rating = movie.get(""vote_average"", ""N/A"")
    release = movie.get(""release_date"", ""N/A"")
    overview = movie.get(""overview"", """")
    # Truncate overview to first 120 characters for readability
    if len(overview) > 120:
        overview = overview[:117] + ""...""
    return (
        f""Top-1 Rated Movie:\n""
        f""  Title        : {title}\n""
        f""  Rating       : {rating}\n""
        f""  Release Date : {release}\n""
        f""  Overview     : {overview}\n""
    )


# --------------------------------------------------------------------------- #
# Main orchestration                                                          #
# --------------------------------------------------------------------------- #

def main():
    # Step A: fetch list of top-rated movies
    movies = fetch_top_rated_movies()

    # Step B: get the top-1 movie
    top_movie = extract_top_movie(movies)

    # Output: print a readable summary or a message if none found
    if top_movie is None:
        print(""No top-rated movies found."")
        return

    summary = format_movie_summary(top_movie)
    print(summary)


if __name__ == ""__main__"":
    try:
        main()
    except Exception:
        traceback.print_exc(file=sys.stderr)",1,"[""Get_top_rated_movies""]",1,"[""restbench tools""]",,18.7864,0.0
"What is the release date of the movie ""The Matrix""?",The release date of 'The Matrix' is 1999-03-31.,1,1,3,5999,0,[],0,0,0,0,0,"import sys
from pathlib import Path
PROJECT_ROOT = Path(__file__).resolve().parents[1]
RESTBENCH_TOOLS_DIR = PROJECT_ROOT / 'restbench tools'
if str(RESTBENCH_TOOLS_DIR) not in sys.path:
    sys.path.insert(0, str(RESTBENCH_TOOLS_DIR))

from Search_movie import Search_movie
from Get_movie_details import Get_movie_details

import traceback

# Module-level constants (hardcoded per user requirement)
QUERY = ""The Matrix""


def search_movie(query: str) -> list:
    """"""
    Search for movies by query string using Search_movie API.
    Returns the list of results (may be empty).
    """"""
    try:
        response = Search_movie(query)
    except Exception as e:
        raise RuntimeError(f""Search_movie API call failed: {e}"") from e

    # response is a dict with 'results' key (see schema)
    results = response.get(""results"", [])
    return results


def get_movie_details(movie_id: int) -> dict:
    """"""
    Get full movie details by ID using Get_movie_details API.
    Returns the movie detail dictionary.
    """"""
    try:
        details = Get_movie_details(movie_id)
    except Exception as e:
        raise RuntimeError(f""Get_movie_details API call failed: {e}"") from e

    return details


def extract_release_date(movie_details: dict) -> str:
    """"""
    Extract the 'release_date' field from the movie details dictionary.
    The field is a string in YYYY-MM-DD format per schema.
    """"""
    # Schema confirms 'release_date' is a required string field
    return movie_details.get(""release_date"", """")


def main() -> None:
    """"""
    Orchestrate: search for ""The Matrix"", get first movie's release date and print it.
    """"""
    try:
        movies = search_movie(QUERY)

        if not movies:
            print(f""No movies found for query '{QUERY}'."")
            return

        # Take the first result per pseudocode
        first_movie = movies[0]
        movie_id = first_movie.get(""id"")
        if movie_id is None:
            print(""First search result has no 'id' field. Cannot proceed."")
            return

        details = get_movie_details(movie_id)
        release_date = extract_release_date(details)

        if release_date:
            print(f""The release date of '{QUERY}' is {release_date}."")
        else:
            print(f""Release date not available for '{QUERY}'."")

    except Exception:
        # Top-level exception handler prints full traceback to stderr (Rule 9)
        traceback.print_exc(file=sys.stderr)
        sys.exit(1)


if __name__ == ""__main__"":
    main()",2,"[""Search_movie"", ""Get_movie_details""]",1,"[""restbench tools""]",,22.0819,0.0
Who is the most popular person?,The most popular person is Julia Doyle with popularity 117.4373,1,1,3,4963,0,[],0,0,0,0,0,"import sys
from pathlib import Path
PROJECT_ROOT = Path(__file__).resolve().parents[1]
RESTBENCH_TOOLS_DIR = PROJECT_ROOT / 'restbench tools'
if str(RESTBENCH_TOOLS_DIR) not in sys.path:
    sys.path.insert(0, str(RESTBENCH_TOOLS_DIR))

from Get_popular_person import Get_popular_person

import traceback

def get_most_popular_person():
    """"""
    Calls Get_popular_person API, extracts the person with the highest
    popularity value from the results.
    Returns the person dict, or None if no results.
    """"""
    data = Get_popular_person()
    results = data.get(""results"", [])
    if not results:
        return None
    # Find the person with maximum popularity (use a lenient approach – max key)
    most_popular = max(results, key=lambda p: p.get(""popularity"", 0))
    return most_popular

def main():
    try:
        person = get_most_popular_person()
        if person:
            print(f""The most popular person is {person['name']} with popularity {person['popularity']}"")
        else:
            print(""No popular persons found."")
    except Exception:
        traceback.print_exc(file=sys.stderr)

if __name__ == ""__main__"":
    main()",1,"[""Get_popular_person""]",1,"[""restbench tools""]",,14.3212,0.0
Give me some cover images of movies directed by Christopher Nolan.,"Cover images for movies directed by Christopher Nolan:

Movie ID 577922:
  https://image.tmdb.org/t/p/original/tASJpacWyivVyRnUahaxT2cJg5L.jpg
  https://image.tmdb.org/t/p/original/3VijrH8284v86IO3AjG24Ri2jZ1.jpg
  https://image.tmdb.org/t/p/original/72SOtZnFhCumLRZhoXlX8g2IkgF.jpg
  https://image.tmdb.org/t/p/original/aCIFMriQh8rvhxpN1IWGgvH0Tlg.jpg
  https://image.tmdb.org/t/p/original/wRlgk7KLJNUd1Kgct5FimlGgviK.jpg
  https://image.tmdb.org/t/p/original/oRkLA2EkXaRLmK63BkvK74G8tC4.jpg
  https://image.tmdb.org/t/p/original/k68nPLbIST6NP96JmTxmZijEvCA.jpg
  https://image.tmdb.org/t/p/original/oh8XmxWlySHgGLlx8QOBmq9k72j.jpg
  https://image.tmdb.org/t/p/original/7wHx4Vk0NExuzZuGk2KRuc8Ogw8.jpg
  https://image.tmdb.org/t/p/original/q8Py71q2dnjdZOoB6BGcUkgmy0d.jpg
  https://image.tmdb.org/t/p/original/rrKH3VhHssGTCfPuaEQkxvEoElv.jpg
  https://image.tmdb.org/t/p/original/g50V0IpNnA9aO2KzUsWx1IOGbl7.jpg
  https://image.tmdb.org/t/p/original/qs13cxcA7tVTBq0WcgJ9GGplXnK.jpg
  https://image.tmdb.org/t/p/original/4yap6odXTCy4B5i4yj26CX0PP5u.jpg
  https://image.tmdb.org/t/p/original/6bBseBvhfnQwWVZUNdyKzDJ2ND7.jpg
  https://image.tmdb.org/t/p/original/AdkXPG1dBkd8VnuzQIyzh6B2o0X.jpg
  https://image.tmdb.org/t/p/original/ApP2sz8pMkPC5xRlFa3l6MjQINB.jpg
  https://image.tmdb.org/t/p/original/IveefzhRc6Zdd5gzQw3VFjitZP.jpg
  https://image.tmdb.org/t/p/original/iKXqUiLFDgeIGozRR6JYRvFmD5A.jpg
  https://image.tmdb.org/t/p/original/naWwLNGj1cQ0nVz5Ap6CC3cl0RU.jpg
  https://image.tmdb.org/t/p/original/buSr2RIxzJ5Zh6dLaLBsqAdvz3I.jpg
  https://image.tmdb.org/t/p/original/3nNhvoImY5xos82ZLMhv1jGucGM.jpg
  https://image.tmdb.org/t/p/original/hsGsdJnjvdXdqXOJyLiJHVecAt5.jpg
  https://image.tmdb.org/t/p/original/2IRYjm9TPKOcAN05JQI7p83OYfc.jpg
  https://image.tmdb.org/t/p/original/oEPLD99jMDtX1HabXB4JbHhkGWS.jpg
  https://image.tmdb.org/t/p/original/VBEruSTMZfwj1VFqMqGXBqLOro.jpg
  https://image.tmdb.org/t/p/original/kjMSOw223FtsdMzEOCUvTnyDPFY.jpg
  https://image.tmdb.org/t/p/original/m2Lb6a38TJbjP9py0Wjml6JtIdm.jpg
  https://image.tmdb.org/t/p/original/qG5B4146EZHoCRlwYgybl2C060w.jpg
  https://image.tmdb.org/t/p/original/mGb10FlelkIYQe5OPidEKsNtZmt.jpg
  https://image.tmdb.org/t/p/original/8Rat9OEsG5Ys9YxPoLpFSwUT3Ct.jpg
  https://image.tmdb.org/t/p/original/Ae0pbv4E6YfqfN3UjKWIfQSzP9v.jpg
  https://image.tmdb.org/t/p/original/r4aygO7YvOVIl5r9xg5NmI1M6bV.jpg
  https://image.tmdb.org/t/p/original/c1uRkhyddP9p8DPfYbcq0fRUEVj.jpg
  https://image.tmdb.org/t/p/original/A6c4IigrVemcCTollnfCpZngIDT.jpg
  https://image.tmdb.org/t/p/original/xq5S5XmBnfFMXjfYgnUw3AI2zwa.jpg
  https://image.tmdb.org/t/p/original/xgyL63jC7Tir4lK1Qt8z6BiBSxk.jpg
  https://image.tmdb.org/t/p/original/vSWtVtqeFmRIlfCfi882itMAy2t.jpg
  https://image.tmdb.org/t/p/original/qEAQBbRHTmro9WsS3G7kqxHucYL.jpg
  https://image.tmdb.org/t/p/original/s2Go49cCHo7FBNqa9CjJc7JEJdg.jpg
  https://image.tmdb.org/t/p/original/i91wnVqkJf5ykDJq0XmIusvPFL3.jpg
  https://image.tmdb.org/t/p/original/9Jvu1SpWKBoetLl8u66NYsZLmRG.jpg
  https://image.tmdb.org/t/p/original/yj2fK2noJy7IeC7IF7Ck89rGYOI.jpg
  https://image.tmdb.org/t/p/original/lM9LUM7oJ9SekpzLxLGp64ACRBr.jpg
  https://image.tmdb.org/t/p/original/bHUmjIqaAAjrQ0p8RqagHgCmG7N.jpg
  https://image.tmdb.org/t/p/original/2olsZGB9vcazEoQUI1eoD7NaBXI.jpg
  https://image.tmdb.org/t/p/original/1jU80STrosbPsiNe3oPpwyS5cXg.jpg
  https://image.tmdb.org/t/p/original/hzvQVjmagnpOd1haaJq6IPJI3es.jpg
  https://image.tmdb.org/t/p/original/uC2Us1kfVCbTfx0rvqwqgIIjDeu.jpg
  https://image.tmdb.org/t/p/original/zdV05nwIfPUkJaqjENtD1Bz6dqD.jpg
  https://image.tmdb.org/t/p/original/8W7GrgHc9FdfFhExGLSD8woZaSd.jpg
  https://image.tmdb.org/t/p/original/w93KBwtAyLRHSwPApC9ojVbblz3.jpg
  https://image.tmdb.org/t/p/original/ylQRi3edixhzUiubw7LQP1YhI6W.jpg
  https://image.tmdb.org/t/p/original/4ISu3R5OQQ39aWCzWWYrB9reSQD.jpg
  https://image.tmdb.org/t/p/original/iGkkhRzdtzg56zbCOpIi9XosVps.jpg
  https://image.tmdb.org/t/p/original/jFAi1Uv3JjNPEgjKuneG5mBlAvA.jpg
  https://image.tmdb.org/t/p/original/sJfBFmPBgBuE4bn6LeGzt3548wc.jpg
  https://image.tmdb.org/t/p/original/gXFO3yijIcE81ToS8fex5fckQs6.jpg
  https://image.tmdb.org/t/p/original/bbsLQa2MFfjkKN1jiLJniuoVmnr.jpg
  https://image.tmdb.org/t/p/original/e17TGZsyJuV8SoSmjBpYyxpWDkF.jpg
  https://image.tmdb.org/t/p/original/m96dj44zZJ8TxpaMZDJv63TldZh.jpg
  https://image.tmdb.org/t/p/original/jutsxphSGbnpxpGr23xzbf2ziQZ.jpg
  https://image.tmdb.org/t/p/original/26UM1gxWL7siq8TdTWVoioirhiz.jpg
  https://image.tmdb.org/t/p/original/dj6ji5YuvYK4TqfrI7N3EwoRstA.jpg
  https://image.tmdb.org/t/p/original/pBtBqPcNocjYEzVqSOzW5HQlx0E.jpg
  https://image.tmdb.org/t/p/original/n0zcpLDR6cbmPgWrIWTleGeI24j.jpg
  https://image.tmdb.org/t/p/original/fxWdGXi70vp3FmMwVUgaFOuz7p5.jpg
  https://image.tmdb.org/t/p/original/t20YrhZQzVKTcUarWb8hvkuVdhR.jpg
  https://image.tmdb.org/t/p/original/953c71N8KDhL0FGfFjbHltwVmNj.jpg
  https://image.tmdb.org/t/p/original/gr8rLs4QSu3c7sksYxUXqAvjTtL.jpg
  https://image.tmdb.org/t/p/original/ba6WSxKmNzfeK1XnfrNDYfU3rJN.jpg
  https://image.tmdb.org/t/p/original/z1NOLVngacgijfaInk6NH9teHA8.jpg
  https://image.tmdb.org/t/p/original/yrp3FwZnPk76nB4YTnVCRkLUWA8.jpg
  https://image.tmdb.org/t/p/original/n1It9EmM9R10Z3NGTQFiG1aodpl.jpg
  https://image.tmdb.org/t/p/original/zukO7q7I4kBQhEMZFSnDkVx6rm6.jpg
  https://image.tmdb.org/t/p/original/9hMMIbz0Aw9zO2jXoJZPOpBiCtT.jpg
  https://image.tmdb.org/t/p/original/deLRaMU1cYxp169iIqh0Pt6MbgN.jpg
  https://image.tmdb.org/t/p/original/o4WvqfFGUKIqrGqCRPQQN4LfwPn.jpg
  https://image.tmdb.org/t/p/original/y0oS0FUbEeeDJ7zB2KneCeGBE0W.jpg
  https://image.tmdb.org/t/p/original/qEFP7olEpveUjQoJBlVL7jYne5z.jpg
  https://image.tmdb.org/t/p/original/658wTC3V8AvrdZGiUKqLzFmbnHq.jpg
  https://image.tmdb.org/t/p/original/yp8DRbAnJHunlXsrhTppHAezliH.jpg
  https://image.tmdb.org/t/p/original/cRDUa63MeEpOWdqZeXqReDz7KTx.jpg
  https://image.tmdb.org/t/p/original/4l7xavwBLzMO7XDuUSTIWS5xFbv.jpg
  https://image.tmdb.org/t/p/original/igGF5CJwfsHBXO515sQbHmEwwKb.jpg
  https://image.tmdb.org/t/p/original/gD60HrHf3E1muyaBTiEZVSsqq3Q.jpg
  https://image.tmdb.org/t/p/original/vHBk4t6Wf777uRxTlypF28RdLc8.jpg
  https://image.tmdb.org/t/p/original/q3VwIHJifJqW1aB13z7ypYLjIR1.jpg
  https://image.tmdb.org/t/p/original/3oNEdly8PgenWhQSHLZBBFXL5NZ.jpg
  https://image.tmdb.org/t/p/original/4QUBQUtHfGVOPA5FJr9ylj7qfk4.jpg
  https://image.tmdb.org/t/p/original/ufxaLyyrpjKTBf6s95xDMMBFhv8.jpg
  https://image.tmdb.org/t/p/original/2BcA6OuvAcZYGHYT9cGnz4OaG5w.jpg
  https://image.tmdb.org/t/p/original/p0F78BfKkX9c3JnZILgZe0IFbjh.jpg
  https://image.tmdb.org/t/p/original/jvuXK03Tvq8Ttr4VbvjtbpNv8sV.jpg
  https://image.tmdb.org/t/p/original/gPHolElXk7RZIbtH5DZYy4x89KD.jpg
  https://image.tmdb.org/t/p/original/hTAIqYYXDHqe8xPFV5cH4ElxCqb.jpg
  https://image.tmdb.org/t/p/original/68hZXVFkFGQ7KN3yjPBa5bcLyHf.jpg
  https://image.tmdb.org/t/p/original/dFjRYABWTsUmLdhnxEjWtiVGUQc.jpg
  https://image.tmdb.org/t/p/original/s5jxwhLPGI4Xow8GXwenzL1MkwF.jpg
  https://image.tmdb.org/t/p/original/79n0cePpWjTt8Ge4BRQB87WL0lC.jpg
  https://image.tmdb.org/t/p/original/fIkVbwSgIbtQoTXoPQFWQQYbTNo.jpg
  https://image.tmdb.org/t/p/original/gtbcNREppG3EtlWPUSBgvQX3wLl.jpg
  https://image.tmdb.org/t/p/original/miydFfLqKN52EG0cRqX3DNVxTEV.jpg
  https://image.tmdb.org/t/p/original/vTq8Sq4BJopStWGxDcAkmNThxdM.jpg
  https://image.tmdb.org/t/p/original/wi5c5ui75273L8Xy7utfQ338JVM.jpg
  https://image.tmdb.org/t/p/original/ikH6hPtVBAjDJrfEPWV0WsdZOou.jpg
  https://image.tmdb.org/t/p/original/rvFPyynleFmssvkHkETR5dfA4wQ.jpg
  https://image.tmdb.org/t/p/original/3ethyYcHylFB0MQaR9Re8XipD9Q.jpg
  https://image.tmdb.org/t/p/original/n43gtda4d9MpkQOJuDiZsghyuDF.jpg
  https://image.tmdb.org/t/p/original/20OxuK7i84dlrYLZkWXCYD595bZ.jpg
  https://image.tmdb.org/t/p/original/aqeFTqYgC8LkYUcCP9kPw1mVW38.jpg
  https://image.tmdb.org/t/p/original/k9HBfQwoXSTZgw4O6SeuVBYUgiY.jpg
  https://image.tmdb.org/t/p/original/hPWQxw5dQH2nKvC8m15aEJvIeJ3.jpg
  https://image.tmdb.org/t/p/original/fZDEaSzIez8VlPs0s0P3qKRshaE.jpg
  https://image.tmdb.org/t/p/original/lRsEThuzrJuuvj6oCDDXDAxLOFF.jpg
  https://image.tmdb.org/t/p/original/9Nqx2tMrrksmq9aO5oSO0NzUEAf.jpg
  https://image.tmdb.org/t/p/original/rskwnqit2uNIGzdaRiK9xlDIcdK.jpg
  https://image.tmdb.org/t/p/original/r3RN7MhELaLa1TswnruOguVpbti.jpg
  https://image.tmdb.org/t/p/original/wqgyAiTZwCJglokIViEwAMk6UXR.jpg
  https://image.tmdb.org/t/p/original/4FcXo5SMDxx3xs6Gy4Hn8ghubjF.jpg
  https://image.tmdb.org/t/p/original/lX9WdoJGHMr7pVyV7FNI6dA3M8j.jpg
  https://image.tmdb.org/t/p/original/ve6nayrO4nCSV7f4kJtyDnRDZXj.jpg
  https://image.tmdb.org/t/p/original/zyhbCFImhQZGUpaR0YxQo9cS8ug.jpg
  https://image.tmdb.org/t/p/original/bnP8QQWIHAjz8lyNXyP1aIC9gQy.jpg
  https://image.tmdb.org/t/p/original/r3576fzKQ1N5mlwT8jZuCn5Arwb.jpg
  https://image.tmdb.org/t/p/original/n3r7TJ4Jg7IMLfjox9DKf20INrM.jpg
  https://image.tmdb.org/t/p/original/iFuUdZ8Sf3aUloLrwRkE9eZe9qn.jpg
  https://image.tmdb.org/t/p/original/lvGVvKUNjkYMsCiWRQvx0zmOSgf.jpg
  https://image.tmdb.org/t/p/original/wUFgurjdZ0CZLOpDddED61LsECp.jpg
  https://image.tmdb.org/t/p/original/67p7XVP5SLup521iD9cAayMNt2U.jpg
  https://image.tmdb.org/t/p/original/xXnu79NXmxeBel3GN5Q35r5M9IH.jpg
  https://image.tmdb.org/t/p/original/vspWqZ3YR7MR1njlehqNChhsJbY.jpg
  https://image.tmdb.org/t/p/original/3axgBjjEgEm0BFWViSkfuyBQcab.jpg
  https://image.tmdb.org/t/p/original/aVIT5vpLhRRG0yfTWSqahSuUBy7.jpg
  https://image.tmdb.org/t/p/original/9SG06mt9sdAKPSV24ZwSC0BTJgP.jpg
  https://image.tmdb.org/t/p/original/als8ezMfZQOU4qCPmWY4fE3dAYQ.jpg
  https://image.tmdb.org/t/p/original/VarFilyykk24q2TM72DRGQY7Z9.jpg
  https://image.tmdb.org/t/p/original/aHt13urK4fzrOr30yHVmGT6OsE6.jpg
  https://image.tmdb.org/t/p/original/4xbiHTdPSlVKtYpTu4nABh9HfGH.jpg
  https://image.tmdb.org/t/p/original/jeHQIDSIa4vJBQPztVOHr39Z6ah.jpg
  https://image.tmdb.org/t/p/original/dFafJVFABS5A0rZ5gThMHO3lH8V.jpg
  https://image.tmdb.org/t/p/original/lhauCTw99l7NLHNMnosVcM9AR4K.jpg
  https://image.tmdb.org/t/p/original/iN8mhL0vSIxsTetkmE3XsJedvAv.jpg
  https://image.tmdb.org/t/p/original/1haRSMcIshKnVUljJF6sxr0luH9.jpg
  https://image.tmdb.org/t/p/original/eMTAAOl7t37LXSfmmwQgZUQjjna.jpg
  https://image.tmdb.org/t/p/original/qnoKl9QhIfQ9ooPAltuAQgO4PdQ.jpg
  https://image.tmdb.org/t/p/original/k2hAyRUMu2yMWImzwJ0be1EK4mA.jpg
  https://image.tmdb.org/t/p/original/akyYzv6aF8EpIFp5Q7J5gBwOPys.jpg
  https://image.tmdb.org/t/p/original/azzqSt3XPpRRIYyh0WT6rs2BCe7.jpg
  https://image.tmdb.org/t/p/original/nSaf4wrXgifAZZ52ncKuXBuR989.jpg
  https://image.tmdb.org/t/p/original/6yEC8Vzeb8Jb2v92WDDlwE7o6Qp.jpg
  https://image.tmdb.org/t/p/original/vrXFOYjBMXjsVgTZTNGvX5cwsVi.jpg
  https://image.tmdb.org/t/p/original/8rmXY2DH0emfwwT1hsoGkh91bTR.jpg
  https://image.tmdb.org/t/p/original/n8gzKzi8tvpTZh0Ev8B5c5T6Lm2.jpg
  https://image.tmdb.org/t/p/original/incFPFFoGrnDR6xRtEACqkug4vN.jpg
  https://image.tmdb.org/t/p/original/sdS5LoMq4ELi9oPJdqDkn3nY3Jz.jpg
  https://image.tmdb.org/t/p/original/7iUA9SKVHzplTIxkXsVshlAYCtX.jpg
  https://image.tmdb.org/t/p/original/rpfDaRMIbEXXHXN7EfNkfLqQe0b.jpg
  https://image.tmdb.org/t/p/original/bngxk1DYQD8rzkXeyDTf9afqQS2.jpg
  https://image.tmdb.org/t/p/original/jDO05iH7DkjEkTiZcLvT9MAID3k.jpg
  https://image.tmdb.org/t/p/original/eQy2Dceeeg31cpLuLxyyGwHgq3N.jpg
  https://image.tmdb.org/t/p/original/uG3LanNAPENQSVWzSCSBMzJ8vEI.jpg
  https://image.tmdb.org/t/p/original/wdUzLcYKDuEk5hRQBy4GPWaWsU9.jpg
  https://image.tmdb.org/t/p/original/ywl38WqU29S8S9w6h1foR9jYyRR.jpg
  https://image.tmdb.org/t/p/original/f6IjjhzR3tvPCKhWAybsyGgF0aj.jpg
  https://image.tmdb.org/t/p/original/g1fDu3g7BsEScobygmBiZB6y7HU.jpg
  https://image.tmdb.org/t/p/original/jlOxsDp0ehXpYjymkzza9NCrTe7.jpg
  https://image.tmdb.org/t/p/original/ggFZHu542Iy3Uswh3iydOnrxQaP.jpg
  https://image.tmdb.org/t/p/original/e8xHyx6xnvwOEJyFF7cyyJ8vBg2.jpg
  https://image.tmdb.org/t/p/original/lrFsBGRdZtLNpMYPiQLu6iQFi0M.jpg
  https://image.tmdb.org/t/p/original/ggm8X8fgwoqUoIqE8QDcKxScLlW.jpg
  https://image.tmdb.org/t/p/original/tVe3xHC97imJoyfZ1KaE55AdngU.jpg
  https://image.tmdb.org/t/p/original/epoids15egPuq933RvT0Y34L478.jpg
  https://image.tmdb.org/t/p/original/8hGCmXRQwg1oFRPSoELXb5Y2qMy.jpg
  https://image.tmdb.org/t/p/original/zDktJ7HvvPmQfmODoQr82Vqixas.jpg
  https://image.tmdb.org/t/p/original/trcTyjkrPtJOs3VAhsKg4VXD4e3.jpg
  https://image.tmdb.org/t/p/original/1Kp80UumFADxoujem4f9XUdorns.jpg
  https://image.tmdb.org/t/p/original/c2JahdNbxE3tnuqkHzc0PV5mmaf.jpg
  https://image.tmdb.org/t/p/original/uC8TeYMb21Wbp7vBJxkdLSCVowF.jpg
  https://image.tmdb.org/t/p/original/dXEz6T9l4beYMLFQCz8CaxGahrA.jpg
  https://image.tmdb.org/t/p/original/45xZh9ckG0G1G1KDo3b3SMpCepI.jpg
  https://image.tmdb.org/t/p/original/qA0AXOdnFdEqQ5QOkXpPNBJsSaC.jpg
  https://image.tmdb.org/t/p/original/qJ6BS0pq5MmHt9eJRDIOpI6HQbr.jpg
  https://image.tmdb.org/t/p/original/zpIqjUYkRHOECYjrNIT3Q5n8E3I.jpg
  https://image.tmdb.org/t/p/original/2y9JfYSDiFLuQE883SpHjsqg725.jpg
  https://image.tmdb.org/t/p/original/pnK4oL7yhFVAvcIDgTw2qvxmcQq.jpg
  https://image.tmdb.org/t/p/original/qijkW9NBsX620z2oIO5rSIMgkZK.jpg
  https://image.tmdb.org/t/p/original/2jh51rEBFF4xd01mFeVaIuEB5Zs.jpg
  https://image.tmdb.org/t/p/original/wY5ADCiNmcriq4ztk8vFdmLLPZa.jpg
  https://image.tmdb.org/t/p/original/mlOQtpJ21PwrhJMWT82HTcR66f1.jpg
  https://image.tmdb.org/t/p/original/gqXcpvR0XbaAKdjUOFyhMnMYyCh.jpg
  https://image.tmdb.org/t/p/original/3p4m0xZDxEiJlMtfaBlJrDoRd94.jpg
  https://image.tmdb.org/t/p/original/ikprp0ljmuqwAKVF7loD0RYB1R3.jpg
  https://image.tmdb.org/t/p/original/t6Ci35eRRUgjheNjwvDlnZasLAz.jpg
  https://image.tmdb.org/t/p/original/vqPN7tSObfi2samod5YMWk3hd1T.jpg
  https://image.tmdb.org/t/p/original/f9zhIg8M1X1tFpHFUEA3scA6OYb.jpg
  https://image.tmdb.org/t/p/original/gfK480aiP5YP6LOLMcGwuCqUwod.jpg
  https://image.tmdb.org/t/p/original/4hyLO3l1QPnaL8nelSF9gcQP6Zu.jpg
  https://image.tmdb.org/t/p/original/5ie13iRwU9fwpNlaSvy10NJQdob.jpg
  https://image.tmdb.org/t/p/original/ofEnRAtapT6QDNQRgKRnEkGi9TJ.jpg
  https://image.tmdb.org/t/p/original/w2PVxCxX9uXgji5XKBjTh6ZYV5k.jpg
  https://image.tmdb.org/t/p/original/biB1eiXO8Gtlm3f9V6qztEOipCw.jpg
  https://image.tmdb.org/t/p/original/c9o3YTki4jE2KBn2U2JypADzi3l.jpg
  https://image.tmdb.org/t/p/original/k2az1QwAcRojG2DkMgq547cuUtm.jpg
  https://image.tmdb.org/t/p/original/rGMA2oKiBQJnCiyk1jTFripWnh6.jpg
  https://image.tmdb.org/t/p/original/osnMHdJcOtRn9Tt0UStGmjSW8a3.jpg
  https://image.tmdb.org/t/p/original/e6rWRXmXNIAbhLTxxWyL47Gl83U.jpg
  https://image.tmdb.org/t/p/original/eS4JP1cUqDDxSCl0SZ7N8fi5DDi.jpg
  https://image.tmdb.org/t/p/original/9kw2rw8qDeNBsyfaPQ9X2AVyI0Y.jpg
  https://image.tmdb.org/t/p/original/fmMkJ2OK8Kil3RDOErXeFyfp3c9.jpg
  https://image.tmdb.org/t/p/original/pHgdMEMLByURAvRExapzplW7zXV.jpg
  https://image.tmdb.org/t/p/original/cUvsymH3xbOqaCsEp9UpLqxuyvF.jpg
  https://image.tmdb.org/t/p/original/cIsad2oTEgIStgknjKR3uaQM16O.jpg
  https://image.tmdb.org/t/p/original/dPIhW8H3wcPuYSCkJddbeEcOYia.jpg
  https://image.tmdb.org/t/p/original/wgZH8JYBRL10gt6UjKzxPKWUl2w.jpg
  https://image.tmdb.org/t/p/original/2RvO5Q8i3Cv9ExSqPtRb64yBTPT.jpg
  https://image.tmdb.org/t/p/original/6iQh1aekQjRYxS2U9rofwGocjfZ.jpg
  https://image.tmdb.org/t/p/original/8vQuVYhXSbkrPajWxDlHPG7AdHS.jpg
  https://image.tmdb.org/t/p/original/wxwlG0M23uNvXglZ2ScUZYb9z6W.jpg
  https://image.tmdb.org/t/p/original/zbKHN5YeKCjdYE6JPrJFhkbdKQR.jpg
  https://image.tmdb.org/t/p/original/8JnqTXhjaLnTFkvPOoSdvofzPn7.jpg
  https://image.tmdb.org/t/p/original/4BVUrRjMj5WiyjRnHURfmAWxWME.jpg
  https://image.tmdb.org/t/p/original/rfr4Cxhac8GGv0U1ikhnaKZdH1U.jpg
  https://image.tmdb.org/t/p/original/u2yH73W38cbN34PzjXu65S5hnnB.jpg
  https://image.tmdb.org/t/p/original/3t2CALZFmZvYiZOMX8wHAmqdJW4.jpg
  https://image.tmdb.org/t/p/original/98IwyvPoS8tqFCJ84uS4SKTb6Cp.jpg
  https://image.tmdb.org/t/p/original/cHOvxnSZwwUYAvatlou1xppVYs7.jpg
  https://image.tmdb.org/t/p/original/zMYAudISc6ToM5YyIU6O2bYAf5e.jpg
  https://image.tmdb.org/t/p/original/e0V8o0wk7gMgrVFAR6KGaTcJqER.jpg
  https://image.tmdb.org/t/p/original/c93FfbjbdPqkKoLXKmaQKJgcva9.jpg
  https://image.tmdb.org/t/p/original/xI11cVrexEh8GxSNzphHjosl7hj.jpg
  https://image.tmdb.org/t/p/original/yRcX6tLp7gMnv9jorFRHMzgKaXN.jpg
  https://image.tmdb.org/t/p/original/5na4bFszBmiTJQOsl80XEOfV15A.jpg
  https://image.tmdb.org/t/p/original/4RJDrGIQlu3VMkLXhLn6qk4vHr8.jpg
  https://image.tmdb.org/t/p/original/tS8IKdotVIgINwipazdXAwjYY40.jpg
  https://image.tmdb.org/t/p/original/qhD1XQlwOEPN01hj7R1B02pwRsa.jpg
  https://image.tmdb.org/t/p/original/7PuQybdHyq1TbihfvgBPrHgFTq1.jpg
  https://image.tmdb.org/t/p/original/bPcR0iagqw2Awnrp5oAbzbwNWq8.jpg
  https://image.tmdb.org/t/p/original/zYEI9gbUCNv2MkCozttIB6bhUv7.jpg
  https://image.tmdb.org/t/p/original/ke36lMUqxk1gpM8F5EqKZMRulfl.jpg
  https://image.tmdb.org/t/p/original/5sGrspDocI1Eabw8cY2XiG5rE0L.jpg
  https://image.tmdb.org/t/p/original/z8Z4g07329KDE0AkBmCXiCoEBf9.jpg
  https://image.tmdb.org/t/p/original/2RKbTTFVnHkanbOAqGBtynsrB1t.jpg
  https://image.tmdb.org/t/p/original/eygMhO5rphlRK2hqwjLF3ofo8gZ.jpg
  https://image.tmdb.org/t/p/original/tRW1AyezSZuJ0t23cm91axpdkXB.jpg
  https://image.tmdb.org/t/p/original/zMSmH8mOPvZK5N3qDPUz0McdSbV.jpg
  https://image.tmdb.org/t/p/original/qU0gc9oQaGZZ3GkAJOGrwgSMunq.jpg
  https://image.tmdb.org/t/p/original/s8dI999UZNUqppMPHxkJr1clioA.jpg
  https://image.tmdb.org/t/p/original/ermbt1Luq8OhDs2mHa1xN8CNAhp.jpg
  https://image.tmdb.org/t/p/original/jwWgCJWncffvyRmCSUnu7Sy4a2H.jpg
  https://image.tmdb.org/t/p/original/1zie5bJRaHUF3UwfnbqEg6lRrQD.jpg
  https://image.tmdb.org/t/p/original/vACNt91eTl3CMzwa0DHz3gu3BbK.jpg

Movie ID 49026:
  https://image.tmdb.org/t/p/original/hr0L2aueqlP2BYUblTTjmtn0hw4.jpg
  https://image.tmdb.org/t/p/original/rrS7K8tXVFUBliIKWaRuSq65nWr.jpg
  https://image.tmdb.org/t/p/original/jtB2vPm7Drpw0AToSxKIcxjRcgC.jpg
  https://image.tmdb.org/t/p/original/ApcGBERN0p9I0nDOIwJeEmpnLU5.jpg
  https://image.tmdb.org/t/p/original/8JCu1wi83pirpHEbVpmpfowDolX.jpg
  https://image.tmdb.org/t/p/original/8JoNBc8AMLcTXbAURDJXXZpTo9j.jpg
  https://image.tmdb.org/t/p/original/rcqIPCMhvYpreMHzMuHiezQqBK3.jpg
  https://image.tmdb.org/t/p/original/w7KDOBOKoZNzZkiKInFBlqo7Cbg.jpg
  https://image.tmdb.org/t/p/original/tTiMHKsTeA30CXJS3byz2jG1MlR.jpg
  https://image.tmdb.org/t/p/original/bOizb8SnashwNbFCpwie5pmLi1m.jpg
  https://image.tmdb.org/t/p/original/vzvKcPQ4o7TjWeGIn0aGC9FeVNu.jpg
  https://image.tmdb.org/t/p/original/hrJUZ5Jo2G3Czy391evhlxgbEdJ.jpg
  https://image.tmdb.org/t/p/original/mBxOeqHQvdF5lxGtDUB6XVcJNi5.jpg
  https://image.tmdb.org/t/p/original/85cWkCVftiVs0BVey6pxX8uNmLt.jpg
  https://image.tmdb.org/t/p/original/rc1iRerRJIw3iStmlsdQIZUp49J.jpg
  https://image.tmdb.org/t/p/original/zRwO5BPPgkTNo1PoomZPE7wkKvQ.jpg
  https://image.tmdb.org/t/p/original/oWIhEWtHbSlvttp5qbBEutPOV7G.jpg
  https://image.tmdb.org/t/p/original/vvPsRFPzOMqnlzbFfxYR2EPqUeg.jpg
  https://image.tmdb.org/t/p/original/1Z07Kqke0JyOn3ODt2t3qd2CEpN.jpg
  https://image.tmdb.org/t/p/original/rJFbUt5CVBxOzJkrmaEnGJtma5x.jpg
  https://image.tmdb.org/t/p/original/mKq0xiEM0BoETIJ3Mrs4lc5Oamw.jpg
  https://image.tmdb.org/t/p/original/3viEo7Rt7swwh573wBCZffcM7eo.jpg
  https://image.tmdb.org/t/p/original/sJTxiMt4slbmTnQoV5UyA2HlYx4.jpg
  https://image.tmdb.org/t/p/original/gP3KJvuqZGwYEZ0BWXNadYAMFO3.jpg
  https://image.tmdb.org/t/p/original/c0GcUqVFuklMyuNJuag3NRpGZpu.jpg
  https://image.tmdb.org/t/p/original/9NyCuhyvFKTqGRLcr4r8fWXnu9v.jpg
  https://image.tmdb.org/t/p/original/4HnPCyTzNPGFEGSYeZiUizXWTtC.jpg
  https://image.tmdb.org/t/p/original/7xSR1G1cBx67WlAooTlwqfXRFaN.jpg
  https://image.tmdb.org/t/p/original/cAwasqprFijx73Hz9qMBcLyEA5N.jpg
  https://image.tmdb.org/t/p/original/d0TDkvKQJJX0CJ1QAqaUaEvHwWs.jpg
  https://image.tmdb.org/t/p/original/zmSajcK5l3FlLEbRFDy2zOWCru2.jpg
  https://image.tmdb.org/t/p/original/ytKFDjXCUqJtJ3t8RqpA4VeJAAX.jpg
  https://image.tmdb.org/t/p/original/jp1Usc5aNSIUVKXyngNo3QqRCPb.jpg
  https://image.tmdb.org/t/p/original/pCwyDIkKHMdMLR1tAqVVgpgfxQl.jpg
  https://image.tmdb.org/t/p/original/mQyK6KLWCwvrG8lBpfDWEWd6lK1.jpg
  https://image.tmdb.org/t/p/original/bfezKMcrzCIU4p72SljoZMjJUsW.jpg
  https://image.tmdb.org/t/p/original/fN0YkgaNUNR8Tf2d4MdpaHwREg8.jpg
  https://image.tmdb.org/t/p/original/eq5P71YHwwaacEYKaQ72Wxy6BlT.jpg
  https://image.tmdb.org/t/p/original/ht5Jqka646AW8P3IsdrUPf8W8La.jpg
  https://image.tmdb.org/t/p/original/ws4Hj54pdDsk2DdIEPDwZU8z5KT.jpg
  https://image.tmdb.org/t/p/original/p2JzxFRAlbxS4EvWMo4yiYZXu1W.jpg
  https://image.tmdb.org/t/p/original/guMc9QD270iEVYLpEJiAndSyO7G.jpg
  https://image.tmdb.org/t/p/original/stbZZs3WMPr9rvAT92Qd8gXCUfx.jpg
  https://image.tmdb.org/t/p/original/eTOmj92I7sLydsEXoHE4UPFjynG.jpg
  https://image.tmdb.org/t/p/original/70fWwkCYjsHPhPRUF9OydhbEkVC.jpg
  https://image.tmdb.org/t/p/original/wUpqWb7YZW1Jz2oyF4UJgItYXDC.jpg
  https://image.tmdb.org/t/p/original/f1Lt6pJEb25LVEIodLxZDgIhTks.jpg
  https://image.tmdb.org/t/p/original/9LfroB8zJD7HqP5hsxeDPHrzbw0.jpg
  https://image.tmdb.org/t/p/original/2NaeRiOuxkpWv8s0uBzSlp7SuCn.jpg
  https://image.tmdb.org/t/p/original/4Op2hWPNa5JygwbmLs1O1pDAm7L.jpg
  https://image.tmdb.org/t/p/original/jpoA8SXWQpCsEXDeXbK6xoKccWV.jpg
  https://image.tmdb.org/t/p/original/pi6mwFCtTDIAHOHWan4AQ36Tdh2.jpg
  https://image.tmdb.org/t/p/original/oAletUf008Es7TQmWIZjjPTQw1R.jpg
  https://image.tmdb.org/t/p/original/3dboviWGRZdGHXVEKqCU6jq5BX3.jpg
  https://image.tmdb.org/t/p/original/xwfcNOXVaaauEG6zX73ECq5Vj6k.jpg
  https://image.tmdb.org/t/p/original/j3U7vzNilUnu3E3zMgBaSSRhTqF.jpg
  https://image.tmdb.org/t/p/original/ezAOlzdExzNXzmsTxQUTwo6F3gZ.jpg
  https://image.tmdb.org/t/p/original/df17TKgMV104fbEIfPstCkAvBbe.jpg
  https://image.tmdb.org/t/p/original/s9oQj6ZzPDVeQctL8ZDVchtDquw.jpg
  https://image.tmdb.org/t/p/original/1u2GII8LtwIRWLyGTotC6AlIZL8.jpg
  https://image.tmdb.org/t/p/original/u0HJjTs5ZQd7jL9QG4mVyUVYqQD.jpg
  https://image.tmdb.org/t/p/original/fp7cZ3ENxJmKBSA46XrkqGmSZdx.jpg
  https://image.tmdb.org/t/p/original/h9x3h93HG5iCjevWwUppofmkuwW.jpg
  https://image.tmdb.org/t/p/original/i6Wdrls4gsFXmwbC2MYmabHOWzn.jpg
  https://image.tmdb.org/t/p/original/wDnmRGxiA2lUgmxgoFtYdvvzYVN.jpg
  https://image.tmdb.org/t/p/original/3eYugifQ739WRTuG6q5CumYpB6.jpg
  https://image.tmdb.org/t/p/original/tQnmavK2agVr1jz0CEnPa0hsYBp.jpg
  https://image.tmdb.org/t/p/original/8EF7hJ1lWRA7ngk1SR0TePbYD6n.jpg
  https://image.tmdb.org/t/p/original/6Y3tH8PrZKr0Cv6KroaWlvMIlaU.jpg
  https://image.tmdb.org/t/p/original/jsTaVdbOEzkY3J4KzpJUT0nB3n2.jpg
  https://image.tmdb.org/t/p/original/1sqy3ZJCEKrsvgDAoqDO7zGlsEP.jpg
  https://image.tmdb.org/t/p/original/lEeOaKZf16R1cZCuryP859SKgE7.jpg
  https://image.tmdb.org/t/p/original/j4z01cnbTCaVX69bik1612pSuH6.jpg
  https://image.tmdb.org/t/p/original/6XDLzDabcJpuURgilfSTX080lNZ.jpg
  https://image.tmdb.org/t/p/original/rOD0IgjAop4LA2vuimhNRLyGijf.jpg
  https://image.tmdb.org/t/p/original/nYvQZLi9P7kmR3lmgkp5tujxiMP.jpg
  https://image.tmdb.org/t/p/original/bVnHnrojrIUMLnLDSSXi3krg4VJ.jpg
  https://image.tmdb.org/t/p/original/irP27RDYv9JjF7fVPKYKUODhr0S.jpg
  https://image.tmdb.org/t/p/original/nIImGBHeBW90jAxCpp7RwGN2Mgk.jpg
  https://image.tmdb.org/t/p/original/v4FHdJCRg94cOKX9hwKU9aTad7k.jpg
  https://image.tmdb.org/t/p/original/1EePZmyG7B1Gm9qubLWVtlICDiG.jpg
  https://image.tmdb.org/t/p/original/icpIopNi4fFtgxlcWeRDH5nZPG4.jpg
  https://image.tmdb.org/t/p/original/tCQtssGTb74NQV198XaaTFOxywV.jpg
  https://image.tmdb.org/t/p/original/z5bRqRQv9UIieAuySQ82CTmtU6t.jpg
  https://image.tmdb.org/t/p/original/3gdTo4OmciK2nGFBtAazDpozP95.jpg
  https://image.tmdb.org/t/p/original/4w4TQUzYmiz99Pg5OqjUt1TOEAe.jpg
  https://image.tmdb.org/t/p/original/uG4D95vfcZ3SQc7AMpvQCy2kfCT.jpg
  https://image.tmdb.org/t/p/original/s9ZLJz5haARLcLm8GGvAeTSslqc.jpg
  https://image.tmdb.org/t/p/original/d9EYFtoo4QJMCl5qWzS8zAblAlf.jpg
  https://image.tmdb.org/t/p/original/zInSl0P8Rk04mgAHz4E1xR1hmmH.jpg
  https://image.tmdb.org/t/p/original/dqlxzH1DEIFTSYCv6HM0C1sxVB7.jpg
  https://image.tmdb.org/t/p/original/hg9rnax7IcerZOiOvi2oEshBt7f.jpg
  https://image.tmdb.org/t/p/original/mZrnY7zrfEqjJKJT8UFs03QlTpe.jpg
  https://image.tmdb.org/t/p/original/tFB5SGE30So69tRz7mebiMSCFZ3.jpg
  https://image.tmdb.org/t/p/original/5xM2crlkyRwtbbfMQFb26A6NVmr.jpg
  https://image.tmdb.org/t/p/original/6YUrt0c9Q30UpUYskc0ppbO7DXH.jpg
  https://image.tmdb.org/t/p/original/s6Kf3qHvRKjnZjyVj7YcbhTHrxi.jpg
  https://image.tmdb.org/t/p/original/zGoxNkACbex9VoAmJS6iAQvXoHs.jpg
  https://image.tmdb.org/t/p/original/nQfJRcsHoEnPX0RY1oHJqQl2gI4.jpg
  https://image.tmdb.org/t/p/original/h7go9xdRhf4fE7rkDzWe7eGUxR6.jpg
  https://image.tmdb.org/t/p/original/pU1DqL2OhZY8i1FLb74qYWMGASa.jpg
  https://image.tmdb.org/t/p/original/oKXQPPmeAf4zMK5L9WzQuItTI9y.jpg
  https://image.tmdb.org/t/p/original/vak0Hclk3ih11ljYdp6HPYZ1czh.jpg
  https://image.tmdb.org/t/p/original/nOI2Siljlsi0HbzVpcaP2zaI3qO.jpg
  https://image.tmdb.org/t/p/original/lNYltGAlgtyNmuGKHoX8iQAeit9.jpg
  https://image.tmdb.org/t/p/original/lAFXWGCUAPSF6v671gaobbfz9mq.jpg
  https://image.tmdb.org/t/p/original/rFiVxVt83lFU5e3UyUjePo8wKeR.jpg
  https://image.tmdb.org/t/p/original/3opgrJowXttqeFgLRzIdHTLmdHI.jpg
  https://image.tmdb.org/t/p/original/jDheQYsH7fwtTon6354CWxLxnbc.jpg
  https://image.tmdb.org/t/p/original/gaivVSK2pOIOAWNGGKyMGpIAC2z.jpg
  https://image.tmdb.org/t/p/original/hDni6zlvNgGW4Li3SIdzhsL54uI.jpg
  https://image.tmdb.org/t/p/original/6OApdDSChDhlNmi5L2NdL4fverK.jpg
  https://image.tmdb.org/t/p/original/fA2hFBbo1Y8sSIUtUAkUn8UiICI.jpg
  https://image.tmdb.org/t/p/original/211ixGjXqxXNe2yeYZTAG5sd4HU.jpg
  https://image.tmdb.org/t/p/original/iRpMKBjY1sXcRWL6monOQKBfzAJ.jpg
  https://image.tmdb.org/t/p/original/je9RusBcFosNylhdRrweTkLkamx.jpg
  https://image.tmdb.org/t/p/original/a14jV8DjI5enrPMX3MIRxBoXoMP.jpg
  https://image.tmdb.org/t/p/original/v1jB1xjTZpW5TYtLaHnagIErFsp.jpg
  https://image.tmdb.org/t/p/original/z4h5z2ultilQ4KaEhD2dSsYbqB.jpg
  https://image.tmdb.org/t/p/original/9gtc3GLDCeLZ9vhaq2e0PZQyGDo.jpg
  https://image.tmdb.org/t/p/original/gegAwg4aVl3jpS3oi8sij7fpArL.jpg
  https://image.tmdb.org/t/p/original/5WFuvfiHRghbepz3I6zc1KeHIly.jpg
  https://image.tmdb.org/t/p/original/vt3Jf9fzHKO2WYQNCQQTsXJcdCM.jpg
  https://image.tmdb.org/t/p/original/y0I9F5u7yianHQuFYzy8xsR94q9.jpg
  https://image.tmdb.org/t/p/original/guG09K0cxo9UJMBlbYRTwh2GylW.jpg
  https://image.tmdb.org/t/p/original/poNBHaE54CXOtTjmAcnrb729pDQ.jpg
  https://image.tmdb.org/t/p/original/xbXzUM2cQoaHNUJrp6kOKFkf3LL.jpg
  https://image.tmdb.org/t/p/original/8MhqFD41aixsEGKQAfycoH4RSR5.jpg
  https://image.tmdb.org/t/p/original/osjIjyDc6le4lqqNZvq9d5qj0jC.jpg
  https://image.tmdb.org/t/p/original/mhiwE3OIgeURZcAecAR1Ew6W2sQ.jpg
  https://image.tmdb.org/t/p/original/vXVked88FPWAqVJNX7qqFarBWMP.jpg
  https://image.tmdb.org/t/p/original/i5BTtItJTaqGoZ0hEKlj5SzQOkh.jpg
  https://image.tmdb.org/t/p/original/ghmlIwKMK1c0cQDmGH9fnIarQ0t.jpg
  https://image.tmdb.org/t/p/original/zj7PZtHjCOOw1nZ5lARNL4CafaX.jpg
  https://image.tmdb.org/t/p/original/u3y3Ex9c69T4hRBZcIIPIrKUXsw.jpg
  https://image.tmdb.org/t/p/original/7eNOyX67wrsmJpuFeVmjzVL9KWw.jpg
  https://image.tmdb.org/t/p/original/aojNRY7yRJIQ51nkW2q0ApQ9vol.jpg
  https://image.tmdb.org/t/p/original/cKEM1ERV1lqVH83F95845FO8AW6.jpg
  https://image.tmdb.org/t/p/original/mepdUhSur3MXxM8VCuMaJwLShFJ.jpg
  https://image.tmdb.org/t/p/original/pDc2SDH2ndElbg93aR2Id9eTgoJ.jpg
  https://image.tmdb.org/t/p/original/qVs4jjEngrT71XLclmmJKMr2h72.jpg
  https://image.tmdb.org/t/p/original/tTOiMCTNSZ1IbLF0GkhKsO5YUb6.jpg
  https://image.tmdb.org/t/p/original/6doRIUrCTNjUEk2WzC3DU6QMG4U.jpg
  https://image.tmdb.org/t/p/original/bxdRr1isvADfem0j3W5ZwSG6fE6.jpg
  https://image.tmdb.org/t/p/original/xHzULcM3LKhw532adNt54SMfdmG.jpg
  https://image.tmdb.org/t/p/original/8murHJQyYQezDHm3CHn261Zw2zs.jpg
  https://image.tmdb.org/t/p/original/vIZ4X0FTDNoxhlvGKwv17CEnpUo.jpg
  https://image.tmdb.org/t/p/original/iWsnznzdtlgMYBaftnLbu8i1wkg.jpg
  https://image.tmdb.org/t/p/original/bkbIkAPWoVsDFJK7ria2fOBFw1A.jpg
  https://image.tmdb.org/t/p/original/eQ72Hdf6sKBOnzA1HWTx5jYeuzE.jpg
  https://image.tmdb.org/t/p/original/1I0wbQjSg7M2sXj5M6rllkl8sET.jpg
  https://image.tmdb.org/t/p/original/uZ9i1ivL7rtqY6Z4FxgGkSnF4mZ.jpg
  https://image.tmdb.org/t/p/original/drfusGgi3MnZs7WQROzmWRdCIhf.jpg
  https://image.tmdb.org/t/p/original/8oKHBckmdhH4EVhH8CE0R2IxTrw.jpg
  https://image.tmdb.org/t/p/original/5oZO16FhBzkZ1LcMKIlm92PQQsD.jpg
  https://image.tmdb.org/t/p/original/MaLLF6QmfoZvGy4RH3vQTu3eWD.jpg
  https://image.tmdb.org/t/p/original/kGbx95vZRmJGv6yiwDs3GyvK5LF.jpg
  https://image.tmdb.org/t/p/original/z6i9Qc7UMtiSX6TbK2BpfMrFWJN.jpg
  https://image.tmdb.org/t/p/original/1ua0jberyWnXlOQ9JXpVLTb9vjS.jpg
  https://image.tmdb.org/t/p/original/d2ir64IkXExrdLgJXtbqNEduAhZ.jpg
  https://image.tmdb.org/t/p/original/1HQavodBAhgkLqr29PPt4Jy2ebF.jpg
  https://image.tmdb.org/t/p/original/vmwSCgBIkvJAKqmEPIByHqH4px0.jpg
  https://image.tmdb.org/t/p/original/zjlAlpz5HaUL9bZQGg4SYqH55Oo.jpg
  https://image.tmdb.org/t/p/original/hPnKJDvliL2cOHFL8xPZ2BmcJ5a.jpg
  https://image.tmdb.org/t/p/original/mkYnXkTArnfS8dyKFRiU2iZtrHD.jpg
  https://image.tmdb.org/t/p/original/zsA1dKm5E6KRjwR9IoI4WS85d9v.jpg
  https://image.tmdb.org/t/p/original/j6vpx0sAxtNiCm6QSN7T0JzdDrc.jpg
  https://image.tmdb.org/t/p/original/mKMRr1jHvgi1nczLiHBa1tvUPmr.jpg
  https://image.tmdb.org/t/p/original/gdEv1JdNJedXm3WV1cRy0Gcesoz.jpg
  https://image.tmdb.org/t/p/original/mVjBcfu4jks0uc7DsyCloUD6BMb.jpg
  https://image.tmdb.org/t/p/original/bUjf0sU1CgtO4OzjHE1ht6Ug9ND.jpg
  https://image.tmdb.org/t/p/original/5WUa5xLBe3jTGHbzTHPYP5KRyHO.jpg
  https://image.tmdb.org/t/p/original/zealeYdZ7HxwcF7rBvvM409vqYU.jpg
  https://image.tmdb.org/t/p/original/n4ADPfuThrMXHRInJOY1kmYEOm3.jpg
  https://image.tmdb.org/t/p/original/lxqC6NkUbO6bOEbLuPo0Yj67BBs.jpg
  https://image.tmdb.org/t/p/original/m4v7PhNmgikuQdmqW9Lc26gCc8H.jpg
  https://image.tmdb.org/t/p/original/lQIaSkVXCn7nqgyxVlnXeodGei3.jpg
  https://image.tmdb.org/t/p/original/zOkIPMCyLX54MiUdAmZcKmE7dRF.jpg
  https://image.tmdb.org/t/p/original/zxoSoaHKq7eb3AtLlQUNENkAZ9b.jpg
  https://image.tmdb.org/t/p/original/3uznhFVQAHc4H7SrrRLVxPoRMqs.jpg
  https://image.tmdb.org/t/p/original/glKwCZlFmAePjiWNCBGcHIpwJ2N.jpg
  https://image.tmdb.org/t/p/original/oq69QLdAsPG9qGm3Pz48JNjrBha.jpg
  https://image.tmdb.org/t/p/original/i3H7BEEbgOAHqC7ZXOAihYjB6y3.jpg
  https://image.tmdb.org/t/p/original/jXv2nvpOBIX7027cp9DsEtfhPPy.jpg
  https://image.tmdb.org/t/p/original/k06RVhPRZDOk3aNDQAhZVSOhxrw.jpg
  https://image.tmdb.org/t/p/original/9DWGQY8ol0UOVU6l5uPWic2D3jt.jpg
  https://image.tmdb.org/t/p/original/hjOlozPKPwKxgDmsW86YAIVLT7E.jpg
  https://image.tmdb.org/t/p/original/gHD0EHwmH85z6Q7MCApHIpLMJF5.jpg
  https://image.tmdb.org/t/p/original/hBpcbHVUFQto1fpLCJLrN53CSud.jpg
  https://image.tmdb.org/t/p/original/mrkIb2ACyPT8fMh4zS6ZlvcgK1u.jpg
  https://image.tmdb.org/t/p/original/4ch6jKoH3LYHTRdeXXg7qZbDuTF.jpg
  https://image.tmdb.org/t/p/original/wNHzsJ562JoVCMEY8E55q9Ky4Kg.jpg
  https://image.tmdb.org/t/p/original/cKxZ0Np6I6BRUr1IabVamWEXn9V.jpg
  https://image.tmdb.org/t/p/original/jFwp23XmDwLbiGFx9Dp8qh4S3lP.jpg
  https://image.tmdb.org/t/p/original/hwzUeVoP2rRCLb62qbJpK7PrWle.jpg
  https://image.tmdb.org/t/p/original/o4h6CG5y5WgxXmSMUd99ufAlJWO.jpg
  https://image.tmdb.org/t/p/original/gDQLSmVsPxvOmQIAVFcl6Akn7Nh.jpg
  https://image.tmdb.org/t/p/original/iDdBKNiD6B73Qy3FtyxZybwcX2o.jpg
  https://image.tmdb.org/t/p/original/l8dRZt2fBazT21moTsmgybn7ynt.jpg
  https://image.tmdb.org/t/p/original/gfZTqnrzaZdwS8hvIxU68Kfa4g7.jpg
  https://image.tmdb.org/t/p/original/lBOj1mqVLh63NukJ8q9J5gKlnBD.jpg
  https://image.tmdb.org/t/p/original/f06x5oI3GOYFZcLjclLqizJ7Md1.jpg
  https://image.tmdb.org/t/p/original/85b6pVmvmFXWnb1LorBDfebUp41.jpg
  https://image.tmdb.org/t/p/original/lZhCCXnFUPKxI87dJjh9ACzTHav.jpg
  https://image.tmdb.org/t/p/original/5q9V7BvY17owlDR1joZk8ujNUXk.jpg
  https://image.tmdb.org/t/p/original/eWyRKBTsdUYdrKbagCgir5iRs1R.jpg
  https://image.tmdb.org/t/p/original/xzEwFNa89uD9zpJANxKr4qazI6U.jpg
  https://image.tmdb.org/t/p/original/hX7RzFQ4vuOFpcUfle3m7kdgCQZ.jpg
  https://image.tmdb.org/t/p/original/7LZ9Gm6NC4K3H1CVQNFIFRoV7gT.jpg
  https://image.tmdb.org/t/p/original/8wZvLWpugogQUHaU4KLf9Vh1N7C.jpg
  https://image.tmdb.org/t/p/original/6cZllMpZPaZoW1rNEBEpk8BMQig.jpg
  https://image.tmdb.org/t/p/original/ugMhrBHa8Kxy53K8zpUI6yHROqa.jpg
  https://image.tmdb.org/t/p/original/8HTIHv7gcLScO2Yxj13wuwDuagj.jpg
  https://image.tmdb.org/t/p/original/iLNvte7Q3p1MeKR4m0rCzepMjd6.jpg
  https://image.tmdb.org/t/p/original/uU3UhfrrOCTRrFfnp2a25gQVYPl.jpg
  https://image.tmdb.org/t/p/original/f69PAxybcYXsYHdpxsqYeR0hcTS.jpg
  https://image.tmdb.org/t/p/original/b1WngiaocdVtaxnzrYht9Kr71ej.jpg
  https://image.tmdb.org/t/p/original/3EuzXLPcbyXDchZuXubJhOSKxww.jpg
  https://image.tmdb.org/t/p/original/fY2pzqDQbN379fyHnvSORsFpeXc.jpg
  https://image.tmdb.org/t/p/original/4Cxb5MVKuJjIpgtXGEjSmN6dX63.jpg
  https://image.tmdb.org/t/p/original/xucKK0hE4XLdLabGEJGWqeZH2iQ.jpg
  https://image.tmdb.org/t/p/original/lWx88dOjzeVuAfJ6HDuRd9JeqNV.jpg
  https://image.tmdb.org/t/p/original/rnSDG9xbj5IKVICp5GxROKm0mhL.jpg
  https://image.tmdb.org/t/p/original/ak4RPPygg23SPWueMfcN4OnkQdY.jpg
  https://image.tmdb.org/t/p/original/4w0oqBlYRIpkMiK3JKlsGWQdOmU.jpg
  https://image.tmdb.org/t/p/original/c8lwxn7k3YI82vyvZtS7lzflmJK.jpg
  https://image.tmdb.org/t/p/original/rWp3j0jzJbpZkO0N4BGgEQgOpKW.jpg
  https://image.tmdb.org/t/p/original/sXnvkOOZxUshlKhrSbto4SmWOj3.jpg
  https://image.tmdb.org/t/p/original/xgRLCpii5MHQh0RbhOjqFIXdlU4.jpg
  https://image.tmdb.org/t/p/original/5TDhCbr8WtjD1dm8yUiUOyVR4ML.jpg
  https://image.tmdb.org/t/p/original/YjprFo33r4jYHOE2wpg0SdStgy.jpg
  https://image.tmdb.org/t/p/original/qMhnagN33MPKPg6Pqjx0ssGmGoJ.jpg
  https://image.tmdb.org/t/p/original/g5p2K2hVW0qBGm2YR3XHm5PFEEZ.jpg
  https://image.tmdb.org/t/p/original/cDgBuUMXiRH76cDaIrLs10sNOIK.jpg
  https://image.tmdb.org/t/p/original/3KqoybFCNvoyolm9Nj4mOMYewTE.jpg
  https://image.tmdb.org/t/p/original/aI4f4EklJAgMjt3vGtqHmhYgNKN.jpg
  https://image.tmdb.org/t/p/original/8meHUm6CaU56Eus1EZ5tWyGgG6C.jpg

Movie ID 872585:
  https://image.tmdb.org/t/p/original/8Gxv8gSFCU0XGDykEGv7zR1n2ua.jpg
  https://image.tmdb.org/t/p/original/boAUuJBeID7VNp4L7LNMQs8mfQS.jpg
  https://image.tmdb.org/t/p/original/eHjIEiEKTnb9euehI7IbCxtGH5N.jpg
  https://image.tmdb.org/t/p/original/1OsQJEoSXBjduuCvDOlRhoEUaHu.jpg
  https://image.tmdb.org/t/p/original/ptpr0kGAckfQkJeJIt8st5dglvd.jpg
  https://image.tmdb.org/t/p/original/e5H3wpl1t4EOzad9LpjJAhNPka4.jpg
  https://image.tmdb.org/t/p/original/q2uyutja5fBQJ595oEAfticrcfU.jpg
  https://image.tmdb.org/t/p/original/j4KO91h5R4jrXHu3yWw1xBnPmyG.jpg
  https://image.tmdb.org/t/p/original/2y48XTa483LRFIb5fDKOwr8DHWz.jpg
  https://image.tmdb.org/t/p/original/aqZ75oN6yd7UTShYIMNlpSdDbbH.jpg
  https://image.tmdb.org/t/p/original/iAv3HAlrrIgjcf2yCFvedJzekXT.jpg
  https://image.tmdb.org/t/p/original/aGfEOxRPwp5lEeYfUU0cBpQ0k9K.jpg
  https://image.tmdb.org/t/p/original/4mHVnPcbOmycA5n3AKREsNho1tO.jpg
  https://image.tmdb.org/t/p/original/mmZi0tyPFfbcCqEsJIPxVldCPOL.jpg
  https://image.tmdb.org/t/p/original/55Mshyp5vXEyZYlGF9phGdR2gsG.jpg
  https://image.tmdb.org/t/p/original/3yw39HIxi8bS3i0I75GygeOGVbL.jpg
  https://image.tmdb.org/t/p/original/r4JdkyE7AMJA8xODOfCC20pWvtU.jpg
  https://image.tmdb.org/t/p/original/aiFAq6HrEENrP2Hs9UCrjC9siVI.jpg
  https://image.tmdb.org/t/p/original/rc2naqhwFHtl5xzut3KlUQKed9x.jpg
  https://image.tmdb.org/t/p/original/gC88YsrMe1sKCctzfnV955tcr6c.jpg
  https://image.tmdb.org/t/p/original/aEY57WJu84nUn0b9PknyVAPu3xX.jpg
  https://image.tmdb.org/t/p/original/7wYG2Rowz7TwOosomGBvuqLAfe5.jpg
  https://image.tmdb.org/t/p/original/a6v21Mgz2w6OQL7ezkQxGbGA92W.jpg
  https://image.tmdb.org/t/p/original/wPYBGNV4KREkgZ4ELBZ2axd6NH6.jpg
  https://image.tmdb.org/t/p/original/v6614PcDdocBAKYJMkfKaLSMVJA.jpg
  https://image.tmdb.org/t/p/original/pkxwlwcYfH1s66Ye2mO5ttOObOO.jpg
  https://image.tmdb.org/t/p/original/gO6UfLfoOGnbmbrnbF3KMTNqfNC.jpg
  https://image.tmdb.org/t/p/original/mgjKNDzFINGvNFtHSqzfUZ4pk6Y.jpg
  https://image.tmdb.org/t/p/original/ixLH2iM9at8BbuLr5wQWnCfwhJO.jpg
  https://image.tmdb.org/t/p/original/qsX1in0bR35lbtS0m9Sdaal02K4.jpg
  https://image.tmdb.org/t/p/original/89fbqq5nnnzroLpD13T4TJ55Llf.jpg
  https://image.tmdb.org/t/p/original/uwOo42nxRKeD5pyG2aREp0Dfu2a.jpg
  https://image.tmdb.org/t/p/original/95mVJrYVxxZX8y7IA9QJWw21Sxe.jpg
  https://image.tmdb.org/t/p/original/ooOGz4YyBgp7EewnnpavQISCr25.jpg
  https://image.tmdb.org/t/p/original/8OQzw8keE6sDNH25sOqPRTxhFTO.jpg
  https://image.tmdb.org/t/p/original/yyChRudT9X0C4234kvTSNsvXirf.jpg
  https://image.tmdb.org/t/p/original/cEhBHpf1tyaYM4nMAd6PW9a3oZ3.jpg
  https://image.tmdb.org/t/p/original/efoCIdMmNgSdOlsNwovGxByjlOR.jpg
  https://image.tmdb.org/t/p/original/3syYwwZbmk8xRhFKBYvbiY0B037.jpg
  https://image.tmdb.org/t/p/original/vkecMXHRfnQ2G3n3BBbRXlrsLbR.jpg
  https://image.tmdb.org/t/p/original/oPfQrmf2YgwSKKdaqDohtk0LciQ.jpg
  https://image.tmdb.org/t/p/original/3sUflKm4wyhABAcgSxiB8zDJ3WJ.jpg
  https://image.tmdb.org/t/p/original/jpD6z9fgNe7OqsHoDeAWQWoULde.jpg
  https://image.tmdb.org/t/p/original/mXOpcMOEruhz4BX3vXnIYe3rYDM.jpg
  https://image.tmdb.org/t/p/original/gBrW3l0GsN7fvrn6A7ofaw90qj4.jpg
  https://image.tmdb.org/t/p/original/lBugRqbICbhLTwS938FyDV4axVd.jpg
  https://image.tmdb.org/t/p/original/kMNArl1DExcKS8fqkkJytK8XmiW.jpg
  https://image.tmdb.org/t/p/original/ncKCQVXgk4BcQV6XbvesgZ2zLvZ.jpg
  https://image.tmdb.org/t/p/original/9AiHV08v8RyyuHcO5wuTaTXBxfe.jpg
  https://image.tmdb.org/t/p/original/fiL0vVbDTHQw22FCQDw6jC74zck.jpg
  https://image.tmdb.org/t/p/original/wIAxpY365lKSlSXaM8BH7pB3y0M.jpg
  https://image.tmdb.org/t/p/original/fj4Sw2PihpjJkkeyhAWV5x933no.jpg
  https://image.tmdb.org/t/p/original/oejIAXQupayIdy2H5FKXidNGj02.jpg
  https://image.tmdb.org/t/p/original/5t05uhX5ULn8Um2f1ZuznVvIffU.jpg
  https://image.tmdb.org/t/p/original/rsIPinYsOSzTMQgy1cRZwzuMUzs.jpg
  https://image.tmdb.org/t/p/original/stEuHtfsjd7MYJcVzuAjVyvsXcj.jpg
  https://image.tmdb.org/t/p/original/8HCoPfguQ3u1QhiunBBJxHSy2K1.jpg
  https://image.tmdb.org/t/p/original/c0DCmfC7Et2K3URnIJ4ahJpeXR2.jpg
  https://image.tmdb.org/t/p/original/7p1QHPsNvBmmVNlbmoP6HTjmWAj.jpg
  https://image.tmdb.org/t/p/original/47noGzgMSj01xFnpnVUhPeNMfb2.jpg
  https://image.tmdb.org/t/p/original/ga6K522LfGAlHoTaMbc0kESNn6O.jpg
  https://image.tmdb.org/t/p/original/4ZLnVUfiCe3wX8Ut9eyujndpyvA.jpg
  https://image.tmdb.org/t/p/original/2AXxc5qrYsix01mD7uyy7PTMnQq.jpg
  https://image.tmdb.org/t/p/original/kAYtsVpE7q6NhLz6vKYAxOM6LmN.jpg
  https://image.tmdb.org/t/p/original/fjZv6ATsZxMGJDVC8KRATSnnoLH.jpg
  https://image.tmdb.org/t/p/original/3ZsKFl9BX8bmOoGw2lVmVMHuqdh.jpg
  https://image.tmdb.org/t/p/original/bNoTicKwuf13iwqSmmGjjJAQac7.jpg
  https://image.tmdb.org/t/p/original/qxv1LPu17lzOZvOrhtQchU1foxy.jpg
  https://image.tmdb.org/t/p/original/jvaI1gezzvhkKid00goKxz9fAso.jpg
  https://image.tmdb.org/t/p/original/aefB62fAcx2OxoaSWMEPt5ezvHQ.jpg
  https://image.tmdb.org/t/p/original/cZ7GfieJMbcDmb7HzXo32V8gBNT.jpg
  https://image.tmdb.org/t/p/original/joNffSkuJd4n4GlzDhmCJFwpDyC.jpg
  https://image.tmdb.org/t/p/original/25k4Bz7HaoLjOCnVZBz52IJDVQq.jpg
  https://image.tmdb.org/t/p/original/iCvn9DQkrD1gjizYR7UkOEO1QzQ.jpg
  https://image.tmdb.org/t/p/original/k1qmORaMZVfF5vQArYJD8PODapt.jpg
  https://image.tmdb.org/t/p/original/vrcpQICJZvIfhstaWhprHP2t1pJ.jpg
  https://image.tmdb.org/t/p/original/8ITnnLLlOB7XhZsj8WOhpICFX5i.jpg
  https://image.tmdb.org/t/p/original/fRtaxfyynWMJI6DhejyA6JOzVTB.jpg
  https://image.tmdb.org/t/p/original/qefIXX7dwY8eKfMUcedn98HBMhb.jpg
  https://image.tmdb.org/t/p/original/dt9ODfEeCnHBZn0rRZMLwudeGAo.jpg
  https://image.tmdb.org/t/p/original/x6d1p27DoDHBGeKTW9fihn35txy.jpg
  https://image.tmdb.org/t/p/original/q809RVs0QT5bXeOif2L7HJe6E1q.jpg
  https://image.tmdb.org/t/p/original/hv64YyVFns8Exj0IlI6Om0olIOE.jpg
  https://image.tmdb.org/t/p/original/15xC8StbAoBqoMm8K6yYvGdNlJ1.jpg
  https://image.tmdb.org/t/p/original/wzEidrWAWtdpP5XQcH8PRpBRYuH.jpg
  https://image.tmdb.org/t/p/original/dUPQszWoRSE9FucJTbVp2bwEi9G.jpg
  https://image.tmdb.org/t/p/original/cnQySM5E4uOgDrMHJ2ZUUctTCNT.jpg
  https://image.tmdb.org/t/p/original/yg7B62JJbJrkBwiQrRf8vMDogLB.jpg
  https://image.tmdb.org/t/p/original/AvqMWPV1oyhlceU9Eq0LNRkSKe7.jpg
  https://image.tmdb.org/t/p/original/8KBYRWm2EyHKli5quoIVDHCd6F8.jpg
  https://image.tmdb.org/t/p/original/ekfE5ChBWPGF5p3VWhrpKgLFYwa.jpg
  https://image.tmdb.org/t/p/original/x2NrJAi1hqYnS5CSRtaqmldMfzW.jpg
  https://image.tmdb.org/t/p/original/2j5oI4E5BRJkdU0UWaelNDo0iZZ.jpg
  https://image.tmdb.org/t/p/original/649ruw8GkG4Ey5JDMXxJDLC6jfD.jpg
  https://image.tmdb.org/t/p/original/9zwb8QIbAV2l8cSKHzFIAj1322A.jpg
  https://image.tmdb.org/t/p/original/lrcuwcNiiZjoB68fzvSOPwu9JWv.jpg
  https://image.tmdb.org/t/p/original/lTEyneX42noQDG8Cxc8DJvkUB6m.jpg
  https://image.tmdb.org/t/p/original/dvSCpCMcfBHqe5etXDDtFHe2Eld.jpg
  https://image.tmdb.org/t/p/original/3PYDPnCq27g1juniyMvePYtfVSJ.jpg
  https://image.tmdb.org/t/p/original/5NyGSpXYgJ8ZG0At8URp4muckL0.jpg
  https://image.tmdb.org/t/p/original/9fZaYcdfuHLCWUYabdVzaZnLHFW.jpg
  https://image.tmdb.org/t/p/original/ePpU7vi2awWZOzfiDGVRbdsKnde.jpg
  https://image.tmdb.org/t/p/original/aDIFDU7niNbIHUp5vdCsSxthpeW.jpg
  https://image.tmdb.org/t/p/original/wxcbunCEyKxbhuaTjZv91D4f0a5.jpg
  https://image.tmdb.org/t/p/original/1YX789imfZI5xaztsaqmtz6DVmX.jpg
  https://image.tmdb.org/t/p/original/3iD4rpmdg82TajZ8fMvfykF7By0.jpg
  https://image.tmdb.org/t/p/original/1jLg9oKyMfQlcLtAUskZ5MDra5W.jpg
  https://image.tmdb.org/t/p/original/t2GFUkjgEfynpmxqHf60cbIrj9Y.jpg
  https://image.tmdb.org/t/p/original/3D9w3Vv1G1YxSdqwKnfiKDXuz1V.jpg
  https://image.tmdb.org/t/p/original/1eCxQQUEhMVS0nWOSD1SlVbGUWI.jpg
  https://image.tmdb.org/t/p/original/7p4JCF9ptaE7Ptc9SLxTPv7QdfH.jpg
  https://image.tmdb.org/t/p/original/9Yg7DZE4ip2Yl0K2BUm6hAd8iRK.jpg
  https://image.tmdb.org/t/p/original/mesnygQJfEJaWMA89rLk8VEZNj8.jpg
  https://image.tmdb.org/t/p/original/pyWvLGCaaI7N8U92BRLBNul2vuI.jpg
  https://image.tmdb.org/t/p/original/iJOJRVSdKGx3yYdbwfqCiAPHxfK.jpg
  https://image.tmdb.org/t/p/original/4QCAm7J3nfjZygFQOuWace6ULPX.jpg
  https://image.tmdb.org/t/p/original/p81GFBwd9YaZnx6luJO5bJOqqHJ.jpg
  https://image.tmdb.org/t/p/original/z3PjbQPksbnAwwzSfLnSph3ZJyA.jpg
  https://image.tmdb.org/t/p/original/barGT1G6ElVIdyFrOohQ0gtUp4F.jpg
  https://image.tmdb.org/t/p/original/xloEW5DQGqkR9i4EbJ0RXag3DIS.jpg
  https://image.tmdb.org/t/p/original/lfPDe1GRL5sASJc3yf0YEPwiAmP.jpg
  https://image.tmdb.org/t/p/original/j8zvODfD3ZKx1rizFN3Ai3kqX1O.jpg
  https://image.tmdb.org/t/p/original/sCUySzcdrsHrGmvpkgsQ4bRMhvB.jpg
  https://image.tmdb.org/t/p/original/5GbB0I4zSnc1HeLrErwSMcz31KP.jpg
  https://image.tmdb.org/t/p/original/xluNQVt0p3pXzLWLby0qH1NIeQu.jpg
  https://image.tmdb.org/t/p/original/4qFBCufnzW1BubZjJoj1e5H4fhC.jpg
  https://image.tmdb.org/t/p/original/jBthaXnKQzdpC2adZsN14KtFGdk.jpg
  https://image.tmdb.org/t/p/original/xPtwGWt72dRDIRlpHgCMmriK1EG.jpg
  https://image.tmdb.org/t/p/original/nu3oii71mRekR6beDNpiihd6GSL.jpg
  https://image.tmdb.org/t/p/original/ryW8AqLEt7viQZI40obvCVgKyEF.jpg
  https://image.tmdb.org/t/p/original/A5DGdsvMWIDgc75qXzDIX1ufLnh.jpg
  https://image.tmdb.org/t/p/original/ePxV40QYOSZgrpBEZOmDtlQRR6g.jpg
  https://image.tmdb.org/t/p/original/9UYo2H6XTPUMpYiTxewsr4laxbz.jpg
  https://image.tmdb.org/t/p/original/2UBFPLKt5YbYJMov4ToKAbX9dXQ.jpg
  https://image.tmdb.org/t/p/original/vNcKXmUI4Hvn5VMvCpCWlnoQVz4.jpg
  https://image.tmdb.org/t/p/original/3bRQcScE7LhTrxAyETY4xHG76cb.jpg
  https://image.tmdb.org/t/p/original/zdi3aSYxfhHJrjMkXjoQOEZHWzg.jpg
  https://image.tmdb.org/t/p/original/gF1XEP9gfE6og6s8MGvyFI4Muig.jpg
  https://image.tmdb.org/t/p/original/q7zrl3Kvu9E3t1ZCzm8w0lOaQW5.jpg
  https://image.tmdb.org/t/p/original/or2wuvAbf2AG9MWylxPUisb85Ew.jpg
  https://image.tmdb.org/t/p/original/uejpfeP1atdbdEea84cHFNKL24g.jpg
  https://image.tmdb.org/t/p/original/ObORCPqtaZgRhIvPnTTXGk5rAN.jpg
  https://image.tmdb.org/t/p/original/guswIMwCLrDDrLfyiUBJJktmhBh.jpg
  https://image.tmdb.org/t/p/original/tYFY9CkTy6yoaqTZTEu1IAtMBgT.jpg
  https://image.tmdb.org/t/p/original/atkSaDwZEcINEaoL0JF25DDdcni.jpg
  https://image.tmdb.org/t/p/original/pb9giHGBgA4wbRREbbd8XL4XaN7.jpg
  https://image.tmdb.org/t/p/original/akndvu1UcoMrEh4NQHXRLxGPTGg.jpg
  https://image.tmdb.org/t/p/original/dW9C0FKB3HvwugUUtKXEXBFqcIL.jpg
  https://image.tmdb.org/t/p/original/utCBEg4YNuZYaWSZaY13MXj1Z9G.jpg
  https://image.tmdb.org/t/p/original/m75xCRghGBAyXRKuiWbJvDPPGrS.jpg
  https://image.tmdb.org/t/p/original/eb6vkfY72J5gZhEnnRncsXSDftz.jpg
  https://image.tmdb.org/t/p/original/jtTHxuJhuZpFAnCI4vGjg1LGmpY.jpg
  https://image.tmdb.org/t/p/original/qp595lmvI6UTWb1Gc8DD5SnLHnm.jpg
  https://image.tmdb.org/t/p/original/gz0LUZClgzS6hCzurFk89e5G5d1.jpg
  https://image.tmdb.org/t/p/original/dRRjhIncQlg2Kak1oASyzGEtZ0t.jpg
  https://image.tmdb.org/t/p/original/kphZJTxd47ThurGYP01s67m8Dmt.jpg
  https://image.tmdb.org/t/p/original/bbYXxNaOAFtJjQnygqPKm13AC7a.jpg
  https://image.tmdb.org/t/p/original/hRJNOQBGkdU7K7DZTB9pGVYpfok.jpg
  https://image.tmdb.org/t/p/original/kR32sxbb7wNK5pJLlwTido7RCAz.jpg
  https://image.tmdb.org/t/p/original/cp7zu2Spi1hkkeI408Ebrhv4zc1.jpg
  https://image.tmdb.org/t/p/original/lnxdR1XCdhV268bwOykdsRcUN1x.jpg
  https://image.tmdb.org/t/p/original/hZcoR85iY5uDvzlSxAYTGvOLvV9.jpg
  https://image.tmdb.org/t/p/original/udw0rc91ixvWneOwuEftXOfzF0x.jpg
  https://image.tmdb.org/t/p/original/yef6p6pDg3YNk8I31wlQpotsaYa.jpg
  https://image.tmdb.org/t/p/original/obAL7JCj46c7ogTt0PERbEYJlXn.jpg
  https://image.tmdb.org/t/p/original/44ZIBFFkkVtBPtjdC2aPMH4YeYf.jpg
  https://image.tmdb.org/t/p/original/5s3LUmU4G5ogVueGsWdbSTnMA0o.jpg
  https://image.tmdb.org/t/p/original/6TgpVL16UT5ptzRrepVUaYjrg2Y.jpg
  https://image.tmdb.org/t/p/original/94UsD1QNU1f4tlkj8Ex3Jim4dj4.jpg
  https://image.tmdb.org/t/p/original/9cObSJoxDSVclz9OJzZiSUsYF4i.jpg
  https://image.tmdb.org/t/p/original/sMTxgRuBj5OY1w5mJTOIIRwZSOy.jpg
  https://image.tmdb.org/t/p/original/wMRFt76d42b8ddhZodJv2c0R57Y.jpg
  https://image.tmdb.org/t/p/original/vSI36o6RMAWm4AyhAhxKhYb68Vj.jpg
  https://image.tmdb.org/t/p/original/6CTF4sdKq0QNN81SE2042HvtJPu.jpg
  https://image.tmdb.org/t/p/original/eaynD4xAZutZ4ZTnT2LNPJeU8rv.jpg
  https://image.tmdb.org/t/p/original/beoVNlhElDW4LpragBt44ph2e02.jpg
  https://image.tmdb.org/t/p/original/uj4JiSueOwZ4w3odUQsJilbrzLP.jpg
  https://image.tmdb.org/t/p/original/913IzxpCeL2mgH2l22fSOiM96cA.jpg
  https://image.tmdb.org/t/p/original/ftEMgWyoENfoEHDeDp3l9eP4Rgt.jpg
  https://image.tmdb.org/t/p/original/hjkLE4uHJeL61R9boaKYJAknRyg.jpg
  https://image.tmdb.org/t/p/original/hSC3KjuWN4nIe2IJ11bstjVqZad.jpg
  https://image.tmdb.org/t/p/original/deS3pnOsHXVsA3ttbNNpJo5mcyq.jpg
  https://image.tmdb.org/t/p/original/nGveHXcfukCclxei6sBU0J7KgwC.jpg
  https://image.tmdb.org/t/p/original/assB6JmgmA2GUm29YkRImo4hmcF.jpg
  https://image.tmdb.org/t/p/original/ugI5SLmAX4HDO12f0fRAcEECVYG.jpg
  https://image.tmdb.org/t/p/original/1YRA6sEfJIsZxVEihjQRP6GdPsj.jpg
  https://image.tmdb.org/t/p/original/pJfzjUN6XLqXZa8PvQ9iXNs1PwS.jpg
  https://image.tmdb.org/t/p/original/4kX20TxMIlBRo1aUhSvkgFrFz0E.jpg
  https://image.tmdb.org/t/p/original/ix2zju4OP3YcGBrL6MLxT6ChQLX.jpg
  https://image.tmdb.org/t/p/original/dUat1WmGFXyn5KmUDM8Y1mk35N.jpg
  https://image.tmdb.org/t/p/original/7IIhE5kxXrYNlyTOk3iyJ0sJnV2.jpg
  https://image.tmdb.org/t/p/original/mJRUREPjTqqMEKwEiM2sdmIGngz.jpg
  https://image.tmdb.org/t/p/original/qyJLzJlBddhEoLWp06cFQt7Q48b.jpg
  https://image.tmdb.org/t/p/original/3NmhPVtgEcr0i6tGnI2wBElq1d0.jpg
  https://image.tmdb.org/t/p/original/33tYxM9o2TVQznIQyJenclxa3eO.jpg
  https://image.tmdb.org/t/p/original/p2Gx1go21A7ljjcj0LizaYjXTeF.jpg
  https://image.tmdb.org/t/p/original/i1Ms2PW0Qjookft90kZfQ8eEIvi.jpg
  https://image.tmdb.org/t/p/original/eSMdZ0Q3LF1mzboaWQoYDPi85Rh.jpg
  https://image.tmdb.org/t/p/original/zCj1hzKg94PaYKJMbbTWz3v5VS9.jpg
  https://image.tmdb.org/t/p/original/1dHkQBPbZZDrowlPXprPHHmudYN.jpg
  https://image.tmdb.org/t/p/original/lGGz2HHRu7K2zfVOlRVhRKt8fn2.jpg
  https://image.tmdb.org/t/p/original/ndQzvXm1mWbpITHCWIh1hqtuMvC.jpg
  https://image.tmdb.org/t/p/original/bQJJKaj0cWlMJvjRfuhthebG2PI.jpg
  https://image.tmdb.org/t/p/original/AUKH5Ycu75sHEN91Ed8mZwRQgR.jpg

Movie ID 11660:
  https://image.tmdb.org/t/p/original/3bX6VVSMf0dvzk5pMT4ALG5A92d.jpg
  https://image.tmdb.org/t/p/original/lK9LE5D67HNyPlhJcjKAgnRh0OO.jpg
  https://image.tmdb.org/t/p/original/cfNxgChrQI4rQqcDtWx0XbUHIP.jpg
  https://image.tmdb.org/t/p/original/a3TkBxEd4gS4l9JAqMOnkChguv3.jpg
  https://image.tmdb.org/t/p/original/pCti3dACGQQpvD0gQnG7pacZwAD.jpg
  https://image.tmdb.org/t/p/original/r1pjXIXCwlFhtrEvPXxhw2wwqry.jpg
  https://image.tmdb.org/t/p/original/g5svlJvwpUpo8NeNzIGeBoctgTX.jpg
  https://image.tmdb.org/t/p/original/8Ta8uxDusA18OsIb3ksLOH4qTxv.jpg
  https://image.tmdb.org/t/p/original/rXHdIfyJ5ojQYsN2wPrmf9aIIyN.jpg
  https://image.tmdb.org/t/p/original/s9kQOsaQP1GWru0FLB4hxau9oVc.jpg
  https://image.tmdb.org/t/p/original/gtzwdeEPRhAo9DQ9NjRzU5XWQ3k.jpg
  https://image.tmdb.org/t/p/original/etRi0ZzpZkPGytY6sV1CKcm97xk.jpg
  https://image.tmdb.org/t/p/original/4EZV9SX0wSQLPsFdFD4UfADKyQQ.jpg
  https://image.tmdb.org/t/p/original/fmyuspKUl3yYpNB7TXj5ZgvDYL9.jpg
  https://image.tmdb.org/t/p/original/7XK18jlY6oLlgvyNj35G2HAMQ9X.jpg
  https://image.tmdb.org/t/p/original/1aCwKyqspGEXrmPXYkuaAwpMLJU.jpg
  https://image.tmdb.org/t/p/original/ob9dYT7cuEcVrjkQXajnIgQsXHt.jpg
  https://image.tmdb.org/t/p/original/fmls6kOMCfKWrJaq43PLCWVr6ve.jpg
  https://image.tmdb.org/t/p/original/5giub1nKK3sFRvZxmebe31scQOo.jpg
  https://image.tmdb.org/t/p/original/odvmwLXNfkE1JmvfVBraaMGbtQQ.jpg
  https://image.tmdb.org/t/p/original/eaIXDmrHIwYSXjSK0N6hcXM0gGx.jpg
  https://image.tmdb.org/t/p/original/ctqienHJX0uuQCIv7Qr0WvXshld.jpg
  https://image.tmdb.org/t/p/original/kQsh7JOO6FHdDDp49CVYVAKdsBI.jpg
  https://image.tmdb.org/t/p/original/oDhJF7IG9PJ7ZCdCGhY7eLtdqZG.jpg
  https://image.tmdb.org/t/p/original/brDnMHt64qPOeD7tejaBlrarBZ.jpg
  https://image.tmdb.org/t/p/original/oiouMT6o8ss9Iro2Y1wS6As0IS0.jpg
  https://image.tmdb.org/t/p/original/7EpzeTKziFdjMYMtcqtu9QYmSLu.jpg
  https://image.tmdb.org/t/p/original/9xKxkCc3aotmu7r8iQT5jvgMRMp.jpg
  https://image.tmdb.org/t/p/original/l7EEYEjW9je0VYqQKpWe5GQqKxO.jpg
  https://image.tmdb.org/t/p/original/iLYLgzHXAf6sJUjWBTF7gkFgvYZ.jpg
  https://image.tmdb.org/t/p/original/g4PdSeyLwpspxd47miKPFBnv7yK.jpg
  https://image.tmdb.org/t/p/original/hSgNpJ92Vi4SmW915qb7wzSH8aP.jpg
  https://image.tmdb.org/t/p/original/aN4HPRZvaNawxmDs92HrEwV7LPl.jpg
  https://image.tmdb.org/t/p/original/rzgaiEqMSvSQJWwgk5phFQnlTIa.jpg
  https://image.tmdb.org/t/p/original/qrB8po1jncE4tK8t3UXV040NTVb.jpg
  https://image.tmdb.org/t/p/original/g7HBZuOTVLmoZXJ8EZb7TJH8Nrn.jpg
  https://image.tmdb.org/t/p/original/wJkOE53kSKWmv0JLiW4IXM3lQFD.jpg
  https://image.tmdb.org/t/p/original/o3ABdUpwPpY9xZptJCD1iJTdTXT.jpg
  https://image.tmdb.org/t/p/original/9ffu9N7HkDdak99DXsWwe0iLl2T.jpg
  https://image.tmdb.org/t/p/original/7TdkDivNnw1q4EXm41HwHJQDbYv.jpg
  https://image.tmdb.org/t/p/original/96mpjvl9QQpYACa2v96lgkPqL2X.jpg
  https://image.tmdb.org/t/p/original/q3UYdWfRQnllzRB2Ku0llxNIRLn.jpg
  https://image.tmdb.org/t/p/original/brCCemqJ3X9H5sVMJwY38IOX5Vz.jpg
  https://image.tmdb.org/t/p/original/6fRYMipF2qWlE4JxQjlCzK4ebFf.jpg
  https://image.tmdb.org/t/p/original/sEnWt1sQN6jYKaLI4CDtwEyRxto.jpg
  https://image.tmdb.org/t/p/original/iSbYMcZ7oW4oigS9E5d7YD7iHD8.jpg
  https://image.tmdb.org/t/p/original/qNhqKdJdm01o4RVMzVCSa5GX1qG.jpg
  https://image.tmdb.org/t/p/original/pZnfUffNIkeHB1gi2Lr31VNEIl.jpg
  https://image.tmdb.org/t/p/original/cXUFAeE7agGSoSkyua4ZM3Gk5fX.jpg
  https://image.tmdb.org/t/p/original/qkveZO2DqNHWkScH4XcqFU2VMOp.jpg

Movie ID 272:
  https://image.tmdb.org/t/p/original/olxE3239oOQGaSShbWLJs1NQXBe.jpg
  https://image.tmdb.org/t/p/original/sPX89Td70IDDjVr85jdSBb4rWGr.jpg
  https://image.tmdb.org/t/p/original/6yMWU1vWkOBbNRIwOxhetd2aHhO.jpg
  https://image.tmdb.org/t/p/original/4MpN4kIEqUjW8OPtOQJXlTdHiJV.jpg
  https://image.tmdb.org/t/p/original/8RW2runSEc34IwKN2D1aPcJd2UL.jpg
  https://image.tmdb.org/t/p/original/xWufUAYvji3mgltweOd41kh3MRK.jpg
  https://image.tmdb.org/t/p/original/taKcn26BMWnsUcMFSlr5RfGDtFB.jpg
  https://image.tmdb.org/t/p/original/lXRSRP5QMfrr9cSiupvcGDJW1Sa.jpg
  https://image.tmdb.org/t/p/original/7EyhcdfiLtH0xa6CZkyYuoWL2GJ.jpg
  https://image.tmdb.org/t/p/original/7kZTOqogz4Q8kXPsza9slUpcYMW.jpg
  https://image.tmdb.org/t/p/original/1P3ZyEq02wcTMd3iE4ebtLvncvH.jpg
  https://image.tmdb.org/t/p/original/rdXILMlfINsio98WbUFoXTXPz5S.jpg
  https://image.tmdb.org/t/p/original/dcZk2sZtTQ9FuiAprMzCb1J1PA2.jpg
  https://image.tmdb.org/t/p/original/1ubXewwcUzLw7eqxZBJwWkXOhaA.jpg
  https://image.tmdb.org/t/p/original/s4I1JYIacFbi6amQYqRKB7ifrHx.jpg
  https://image.tmdb.org/t/p/original/uwUJyAVJecME2Za05MO3Os5NgMN.jpg
  https://image.tmdb.org/t/p/original/e5F9ACInAM2802QxsBmmixyaXrU.jpg
  https://image.tmdb.org/t/p/original/f1pQPzFmBXyFaScnrqeSm8lvCH9.jpg
  https://image.tmdb.org/t/p/original/gDpMT5nrgsuSAgX3NfRg2ZOsr0d.jpg
  https://image.tmdb.org/t/p/original/A92FwaxylVAEC1g88ncRjPNupJE.jpg
  https://image.tmdb.org/t/p/original/mpdTFukLMNAALO2j0yfViyoI2TF.jpg
  https://image.tmdb.org/t/p/original/ziFjqY3ABYTJZ2kHMzjr3eeyMQZ.jpg
  https://image.tmdb.org/t/p/original/ocdEYaIYyA5scdwzrwfb4uwFZYW.jpg
  https://image.tmdb.org/t/p/original/cEyndoywxTzd0ipOIWstV5tip35.jpg
  https://image.tmdb.org/t/p/original/skPR7QMPg9Hdic3eE3vIh2eEnBQ.jpg
  https://image.tmdb.org/t/p/original/wiCotiyukYXWwlL1ZcjyxxhTthi.jpg
  https://image.tmdb.org/t/p/original/2eNeMwCncDvcJZ4AqKndWX71wDc.jpg
  https://image.tmdb.org/t/p/original/28l6sgxlve3tXGSIPK8ZVvbUiUU.jpg
  https://image.tmdb.org/t/p/original/kUy8dyxv7WgOPHvGU61qnZWDUix.jpg
  https://image.tmdb.org/t/p/original/3yAVNhSLC89GeY2RWUAT44q3orl.jpg
  https://image.tmdb.org/t/p/original/xtNb9DI5KQcXIy604wibTseACQW.jpg
  https://image.tmdb.org/t/p/original/77NraO0uqhXOG0xqLz0nIuockDf.jpg
  https://image.tmdb.org/t/p/original/2DkutTDxhB7173ItFi9cVDMFqUK.jpg
  https://image.tmdb.org/t/p/original/b1V6Qp0xcNoxrpXu9tKhJ2PoYEW.jpg
  https://image.tmdb.org/t/p/original/zKgfW9KhKmIQyjL6b2nVFOsyeZh.jpg
  https://image.tmdb.org/t/p/original/bqGfUxcgh0h2G0piN14kcUp1jtX.jpg
  https://image.tmdb.org/t/p/original/pqB8Xlu0QdwsONakoiKtortANdn.jpg
  https://image.tmdb.org/t/p/original/h8Qi8uIYAGh4lZ357ua6NNJ8Pui.jpg
  https://image.tmdb.org/t/p/original/e8MB1d69fmzyonT6mz9iQs3rhw7.jpg
  https://image.tmdb.org/t/p/original/bY1SD4t8to0OJh3NBTan4kpMM7M.jpg
  https://image.tmdb.org/t/p/original/3oOBjD1LZCjfrLPPL49xP9fFgeR.jpg
  https://image.tmdb.org/t/p/original/q7OK13aqXAwppQAF6yT6wZeKtc6.jpg
  https://image.tmdb.org/t/p/original/h4QzFwldlUaEvJgVwumGTPOBA59.jpg
  https://image.tmdb.org/t/p/original/mx5zvtwTTWBwlNzBZCKvbcjJFIH.jpg
  https://image.tmdb.org/t/p/original/1CvxVIiBT9XWN2WQZCm1bqIKchw.jpg
  https://image.tmdb.org/t/p/original/AdhhQHrgb9eWTcmBh7pThBzU0Ra.jpg
  https://image.tmdb.org/t/p/original/uheYLZ7KxfGolGOJr6nnKiNuQKh.jpg
  https://image.tmdb.org/t/p/original/udMtQ5TQ0q856XqRyqQxE2F2wTB.jpg
  https://image.tmdb.org/t/p/original/jrYbYRMRwCO7vNtTdoqNcgALwAi.jpg
  https://image.tmdb.org/t/p/original/ezD8iZcSj9zQkIbBNpDZvdMxr8P.jpg
  https://image.tmdb.org/t/p/original/v0ANxUnWwyfkf053ijLfu1nxi0K.jpg
  https://image.tmdb.org/t/p/original/pQFtEAJC8QSs97rIYiKCmbxJseL.jpg
  https://image.tmdb.org/t/p/original/sb3V2fPhNDRRUvHJW4pQaeHbDxm.jpg
  https://image.tmdb.org/t/p/original/ksFkFAevvjpyj6UYl7OZ8TKJ5FS.jpg
  https://image.tmdb.org/t/p/original/3F2Rbu2DCC8Q7WGWqlsWI26Bw5P.jpg
  https://image.tmdb.org/t/p/original/54Jxp5zy190oQXqxcwBUPCVngTU.jpg
  https://image.tmdb.org/t/p/original/2mRyNFKpRT37vAcZdHzBrCpmH51.jpg
  https://image.tmdb.org/t/p/original/9nBRExEia2xF2nDzCZNtQUknZGD.jpg
  https://image.tmdb.org/t/p/original/gsKwOfUesyN0pZtag0ulh7bpxJX.jpg
  https://image.tmdb.org/t/p/original/tqeP1OW2welQt6cVM9YwKOTU3z8.jpg
  https://image.tmdb.org/t/p/original/fIfmG3EaIy3eqebyq7hXjl1ymQW.jpg
  https://image.tmdb.org/t/p/original/zBVNawbcB9z3cQw3uOvQ6dTLBS2.jpg
  https://image.tmdb.org/t/p/original/8grKo5VUbtnnJWX5iQBhmKOQxHY.jpg
  https://image.tmdb.org/t/p/original/oyjEePAoGmeyAkpLgloOfCB2ijG.jpg
  https://image.tmdb.org/t/p/original/qLrkL9RUirxJkDW7KTTfrkNsL64.jpg
  https://image.tmdb.org/t/p/original/zq2fTAw4Kpjaaiau2I3gSVx3h8k.jpg
  https://image.tmdb.org/t/p/original/56Fl4Ts7rfhMwQoftdueeLyCvZo.jpg
  https://image.tmdb.org/t/p/original/f06x5oI3GOYFZcLjclLqizJ7Md1.jpg
  https://image.tmdb.org/t/p/original/gy4K7MrJ5nU6XAgOr2u1mQfnOzq.jpg
  https://image.tmdb.org/t/p/original/8CpGScoeTdR4HcAuXL49bg7MvZ0.jpg
  https://image.tmdb.org/t/p/original/z9iIvDrc4A6WqBg3qzmfQmRFLwe.jpg
  https://image.tmdb.org/t/p/original/aGdng8Ic4ONpcepU3bVXPSLmNd3.jpg
  https://image.tmdb.org/t/p/original/j8F9HJBcrRD3xevxf4NMF2IhQE2.jpg
  https://image.tmdb.org/t/p/original/uGGUIOwp1F3iSMB0ZyFZJ1Uorvy.jpg
  https://image.tmdb.org/t/p/original/iTFxTcAZtxvSrPV87IEnmnvyQGw.jpg
  https://image.tmdb.org/t/p/original/5Ml3AHO8D5Kil22e5FnDg8sgBn0.jpg
  https://image.tmdb.org/t/p/original/VwksWozHDudb7i1XBQBYeEfxiP.jpg
  https://image.tmdb.org/t/p/original/48sBwODorRIoJjHFeDHttVU3XAF.jpg
  https://image.tmdb.org/t/p/original/kb9pouNQIuXhBjPzt1VWawIrEFM.jpg
  https://image.tmdb.org/t/p/original/oih8KKRAhnRtyU5kzKoSMaaLhQM.jpg
  https://image.tmdb.org/t/p/original/jHX4YIJtWFIteg7jIy5lZITP40C.jpg
  https://image.tmdb.org/t/p/original/8G6WFTx91CAQeVopRQtVCZDYpb1.jpg
  https://image.tmdb.org/t/p/original/7OQI1XnjY5WRnADFhW4M1WUieVd.jpg
  https://image.tmdb.org/t/p/original/oarR8scEjqKmgbFAYHfUdpOP8Oz.jpg
  https://image.tmdb.org/t/p/original/e22BN2rABXSkDS8RChni1E9VSvP.jpg
  https://image.tmdb.org/t/p/original/peVchL19Z1JJobkGOoWBfdGyUNP.jpg
  https://image.tmdb.org/t/p/original/A5zTY0UJg0UcuzuXE51Lc21OhUI.jpg
  https://image.tmdb.org/t/p/original/d5CPMykx24J2FZ77Coun40mkRS.jpg
  https://image.tmdb.org/t/p/original/3TAzUgbseHTVopZYIrPPeuRtxi1.jpg
  https://image.tmdb.org/t/p/original/voA7jH8LIkPMlmtdYAp83z7bKiS.jpg
  https://image.tmdb.org/t/p/original/ur3wsVMVubcr9wiKP6oyEHJMF75.jpg
  https://image.tmdb.org/t/p/original/jCgGjUHt9Ut7nGibLS71ePCBnV.jpg
  https://image.tmdb.org/t/p/original/zQSuZTwBI81CiXUxxUKExcafnO9.jpg
  https://image.tmdb.org/t/p/original/oGby1unkAP5qH9I7AavC7QWtTNt.jpg
  https://image.tmdb.org/t/p/original/9ghkbUgt5lAYzkL4DuehL2DHn4X.jpg
  https://image.tmdb.org/t/p/original/53lvq1hrL8NcFW1VXEhfXH0UmWt.jpg
  https://image.tmdb.org/t/p/original/miHituxAvyTN1EiVd3ivHATPMuH.jpg
  https://image.tmdb.org/t/p/original/8BKhFMoI4nLdRcNsGa0917WpFcv.jpg
  https://image.tmdb.org/t/p/original/wn6M8RUu4aXAkm5CDYi925TjF5x.jpg
  https://image.tmdb.org/t/p/original/o7RGTaHBMKbcoaBmVhalbxF9iyr.jpg
  https://image.tmdb.org/t/p/original/jULqFuAvuikqjp870awMKXcfiXK.jpg
  https://image.tmdb.org/t/p/original/k5Pq6DFqKZ6k6Q1kX5MarcugysV.jpg
  https://image.tmdb.org/t/p/original/vrwZ91I7j5QIrSm3TQEbadvA0sP.jpg
  https://image.tmdb.org/t/p/original/oSAVoPnVgQmYnEN3e39aXjGicnd.jpg
  https://image.tmdb.org/t/p/original/8OUl37YHJP2hSrjOA5GLkzu0OiK.jpg
  https://image.tmdb.org/t/p/original/vlEfeLspB6OEypgMyDJjGfcUeo8.jpg
  https://image.tmdb.org/t/p/original/rl3zhpcEKMshCVcyselSivFSq7x.jpg
  https://image.tmdb.org/t/p/original/2Dd063M7Y2SzF6wQokkitkVw6Zv.jpg
  https://image.tmdb.org/t/p/original/52xooeUA0yHufOpwzeEEuQA61LW.jpg
  https://image.tmdb.org/t/p/original/cub46jQ4bLQYYbpbSL9Q24wofS2.jpg
  https://image.tmdb.org/t/p/original/ocEnq79nVKZbhKAllMVpxnbAQQ5.jpg
  https://image.tmdb.org/t/p/original/66BlmYvDr92ZOJXWOLMfs55p5pD.jpg
  https://image.tmdb.org/t/p/original/mrkFKMgjs1TWAXHVujASiBv0PTi.jpg
  https://image.tmdb.org/t/p/original/1Cfe1HTWMXUeaxLi3xF072Jkf0o.jpg
  https://image.tmdb.org/t/p/original/1wVhoU0bBGhJYaiu5K8DrSCqDDY.jpg
  https://image.tmdb.org/t/p/original/5v9MVHgHWjA1c6Rx2BlA2ty6SU.jpg
  https://image.tmdb.org/t/p/original/rSZXvInOa94udX9F4hXSruyKm3u.jpg
  https://image.tmdb.org/t/p/original/jZdal8sHUCJ9mMN9qQOniaxajFF.jpg
  https://image.tmdb.org/t/p/original/eKdPunkhnw2y7KL5XRKqbhoowOd.jpg
  https://image.tmdb.org/t/p/original/6VtoPn1CBUEjugkkXZzD3R31PWG.jpg
  https://image.tmdb.org/t/p/original/3HT2Dd9H97qF7f0MwTLpYlIVNi2.jpg
  https://image.tmdb.org/t/p/original/njDm6YxpTM6eGWemXTXEIAl1QTg.jpg
  https://image.tmdb.org/t/p/original/eIxXgEJoPlnZKDXTVhZqayooGFe.jpg
  https://image.tmdb.org/t/p/original/heHTe9kEUtExNnLhlU1JdXjRdov.jpg
  https://image.tmdb.org/t/p/original/8hQ30FJB9OSLeF3qDDS8dEuXavd.jpg
  https://image.tmdb.org/t/p/original/bhbM9ubZ1ntgG6Nb7W2aSMMHUg2.jpg
  https://image.tmdb.org/t/p/original/dj3gMEPXmisUr0sAfQEqguL5CcG.jpg
  https://image.tmdb.org/t/p/original/kuq4rOo5xaeE4O9UrbmYePsnGk.jpg
  https://image.tmdb.org/t/p/original/lvH8MQw49D2y6YfdReuVimJ2M56.jpg
  https://image.tmdb.org/t/p/original/ilsnLZHdsfu3BBBxDNpTtD6AcUF.jpg
  https://image.tmdb.org/t/p/original/mg3pPorXcQMxwKTCGyGgUlD3AGr.jpg
  https://image.tmdb.org/t/p/original/r10xlLTZACGRPk3DdUFsMbKXC6S.jpg
  https://image.tmdb.org/t/p/original/67rpL2zu7XbpfnUck4EDq5dJ0oq.jpg
  https://image.tmdb.org/t/p/original/fVaJ6lIPG01GbRf6CiZVWLqdRWP.jpg
  https://image.tmdb.org/t/p/original/aLcqG3KYjn7UcaP9RkwoDCCVtDM.jpg
  https://image.tmdb.org/t/p/original/fqCX3kCbnIoo7e0WzoYnCJpjaiA.jpg
  https://image.tmdb.org/t/p/original/rcvFrSxNHleYiECFK5C9UTRo6pt.jpg
  https://image.tmdb.org/t/p/original/lZERCEFV7eEz4HhKEc8oAV3mILn.jpg
  https://image.tmdb.org/t/p/original/kF1LegAFVXVLpBuncjtA2vWU4te.jpg
  https://image.tmdb.org/t/p/original/n4wda3f2nN5ZydGFyxgVDtpGZ1s.jpg
  https://image.tmdb.org/t/p/original/AkTECnZFMA9eiHhAGTFknHRCEru.jpg
  https://image.tmdb.org/t/p/original/gC0NNBDPMv9hCE3lFDlXpxRXutJ.jpg
  https://image.tmdb.org/t/p/original/jfZk3qhdEHpbhOgoe6LWiWQH1vw.jpg
  https://image.tmdb.org/t/p/original/qJULvvrFj2jcQSW5CpBurl5F0GH.jpg
  https://image.tmdb.org/t/p/original/2iLknZbwsuo2DU2XMwFustMv1Wc.jpg
  https://image.tmdb.org/t/p/original/unbyPHlYp98fZXIycBs69iIqG7X.jpg
  https://image.tmdb.org/t/p/original/1wTXK636CyqDhvJ3AHcbTQdbqzA.jpg
  https://image.tmdb.org/t/p/original/vpl0SgFYGJASU4X5otf4bXfN3CQ.jpg
  https://image.tmdb.org/t/p/original/eVmnHzShdLNGN6WNIEwD9lAW0XL.jpg
  https://image.tmdb.org/t/p/original/b3UIToGx8JIpRqUTGkaoyaNLuU3.jpg
  https://image.tmdb.org/t/p/original/bCS4nLmIb1Trem2XD1Gmv7QVCkq.jpg
  https://image.tmdb.org/t/p/original/roZDhuv0u5LOAbybq2lgQpSVOGY.jpg
  https://image.tmdb.org/t/p/original/7oj5A9xCVwSgocb9eQfoTEFQs0L.jpg
  https://image.tmdb.org/t/p/original/ijKpiStjMetB43uxOAXpE8RAQR7.jpg
  https://image.tmdb.org/t/p/original/6mp9FB58YtnvvluKr2uYntlOUA6.jpg
  https://image.tmdb.org/t/p/original/4wrnEENDwfqQqWw3iibW4TO7uz2.jpg
  https://image.tmdb.org/t/p/original/4vj4UFn2neMtq37tdiPNKizl3yZ.jpg
  https://image.tmdb.org/t/p/original/oZ6USHIpL6A7r6JWDxodgguYVmb.jpg
  https://image.tmdb.org/t/p/original/r7S3vuLL4bCocNQvxjffiTh8uOr.jpg
  https://image.tmdb.org/t/p/original/rPL8JmjNyBmw3T0b1w06bxn2Afo.jpg
  https://image.tmdb.org/t/p/original/dPd3ZNqIcDzH7IBG40ysUfy6oUA.jpg
  https://image.tmdb.org/t/p/original/r0vPumIQf1PT6AiGsn8nTLU8hyU.jpg
  https://image.tmdb.org/t/p/original/jNm7kjbkEgvo2v9O8uhAgiOQGka.jpg
  https://image.tmdb.org/t/p/original/hFCwRrepA9O9bTMTxDhl1bk25ZQ.jpg
  https://image.tmdb.org/t/p/original/7KS06eSU9JeAzABY3JFvfv76Vyg.jpg
  https://image.tmdb.org/t/p/original/79d9X0Q9TV9fMne99518g55rDZt.jpg
  https://image.tmdb.org/t/p/original/3aVSbPWCZzQDXIWtHRa4R1ot5xS.jpg
  https://image.tmdb.org/t/p/original/zGuWDu6jSh4LyBvs73SPL5N7zUx.jpg
  https://image.tmdb.org/t/p/original/k3BOLWmQrtJLoZysesYQhhb0fZA.jpg
  https://image.tmdb.org/t/p/original/zt6ljgevykTdbjixytAbKG7vIjx.jpg
  https://image.tmdb.org/t/p/original/eIryxSeLicTBlkKSYrWpajPCDnz.jpg
  https://image.tmdb.org/t/p/original/gjv23tBhKOzAMZSYfaIYZQltqyH.jpg
  https://image.tmdb.org/t/p/original/69uuW35H7DzY3iX38VHDCmC5Btm.jpg
  https://image.tmdb.org/t/p/original/kbJ4q2Q1V9iZXcoYO4ABG0kiS9A.jpg
  https://image.tmdb.org/t/p/original/a0d3h97b6YrEHS54LvTPGQrRqJB.jpg
  https://image.tmdb.org/t/p/original/o30RgQM635cGxODjkyW5uigKDKM.jpg
  https://image.tmdb.org/t/p/original/dtYjLGM8xOBnC7ScOp6ttWeDbFo.jpg
  https://image.tmdb.org/t/p/original/rRTwW4WET1fqLnx8TD57fIFrxCp.jpg
  https://image.tmdb.org/t/p/original/pHmZgLMRJzMs5GtIEV8w3W2JMU3.jpg
  https://image.tmdb.org/t/p/original/gg6YWRq3SN63HI2GEIeOZgXWJgt.jpg
  https://image.tmdb.org/t/p/original/t1a1xTy8pKg8WFdc1JQp6Ymnukr.jpg
  https://image.tmdb.org/t/p/original/5p0zZRctJFQq4jgKVHQQrVIHzBO.jpg
  https://image.tmdb.org/t/p/original/Ckq56C9LuLz62GnirF5REwZfYP.jpg
  https://image.tmdb.org/t/p/original/lRANryqMAA3dUim77H8xPc4M57f.jpg
  https://image.tmdb.org/t/p/original/rUBkLSd3MDo5hsbsrCS3q4TGX9S.jpg
  https://image.tmdb.org/t/p/original/vhRUjXbe9fGuKNSjR9f3klA8nUT.jpg
  https://image.tmdb.org/t/p/original/9WO6y90Q275A8tiMNrJ28fxwU9H.jpg
  https://image.tmdb.org/t/p/original/g1T97bLTbShZGqg2SKdFzkSbzKK.jpg
  https://image.tmdb.org/t/p/original/tGeh5v7LFkdu1TPw4XOmZoHRMcK.jpg
  https://image.tmdb.org/t/p/original/tslmQW20IacHrtfxHxDU46LJimX.jpg
  https://image.tmdb.org/t/p/original/rn7JpkUHO1w09vSxBzJgLBgHWca.jpg
  https://image.tmdb.org/t/p/original/s3KVgvmiCHQ3Cpr9MRUqrulUFy0.jpg
  https://image.tmdb.org/t/p/original/socdXyKp7xtOI6AJFJOkhFE53Cb.jpg
  https://image.tmdb.org/t/p/original/cQmUHp0BNgxALTY60q6tGuTzs9o.jpg
  https://image.tmdb.org/t/p/original/lihe32azDGeKqirDpkjCi45x2qo.jpg
  https://image.tmdb.org/t/p/original/aAIivarcMzKDPH46f5DzQyf6dM6.jpg
  https://image.tmdb.org/t/p/original/jucPcz2r1BHnwHQ4rDTXEZN1kfQ.jpg
  https://image.tmdb.org/t/p/original/76kLMTsx4Fjd3gQETgLgZ0bH3MU.jpg
  https://image.tmdb.org/t/p/original/1jo9SjivwsNXfyeX816FKlVvFQ2.jpg
  https://image.tmdb.org/t/p/original/63VpMnr5953KA83dbC2paepA5Hx.jpg
  https://image.tmdb.org/t/p/original/vZRZWqnw6topaWqURZkXkxBQiBm.jpg
  https://image.tmdb.org/t/p/original/sW6dieZiYaspAEJFSEs6NKnbWmr.jpg
  https://image.tmdb.org/t/p/original/vZGhrNqT40Uq3G5j0EdMmE0PJQq.jpg
  https://image.tmdb.org/t/p/original/qlAQtj3ym0e4Xpfb10xqb7CC0yS.jpg
  https://image.tmdb.org/t/p/original/tyz3oKj9pgUH98uB2ltbZelgu9a.jpg
  https://image.tmdb.org/t/p/original/kCvzm8g8P1TqiC9AAyPROsZjceC.jpg
  https://image.tmdb.org/t/p/original/bV8eZ0mt9H5QZCga5BBjKocJNUK.jpg
  https://image.tmdb.org/t/p/original/yWtN3X7cTdpfUfaACm4iLziO0pQ.jpg
  https://image.tmdb.org/t/p/original/6O4yJLPKD6i5EjIK7mKZADgMnZb.jpg
  https://image.tmdb.org/t/p/original/uelHRbVcvpf89SMxGDVYqqLWaiO.jpg
  https://image.tmdb.org/t/p/original/3cW455t160601T2mmp3PxxqdTaz.jpg
  https://image.tmdb.org/t/p/original/rJavcS9nbTxMFsOx1AAWy4qF2y7.jpg
  https://image.tmdb.org/t/p/original/eb15H9nAYPCR7mn3zkh8xU5Sqgq.jpg
  https://image.tmdb.org/t/p/original/odMx9ZoXWY5wkb5YTlrZfvFdhhc.jpg
  https://image.tmdb.org/t/p/original/3UsFIcZIZpucRd4Xl0VO6Bfnuun.jpg
  https://image.tmdb.org/t/p/original/6DFFY0qnL4aOLTh4XDltLtJkrQs.jpg
  https://image.tmdb.org/t/p/original/aiHo2dRYEdpLVVE2mRTPU55z1P2.jpg
  https://image.tmdb.org/t/p/original/tIXT1DIhp3kE2w1lQ3STnFLiGhr.jpg
  https://image.tmdb.org/t/p/original/gzL7kOcb1089CZdvsPHkH5LDrMU.jpg
  https://image.tmdb.org/t/p/original/zvitZtiPfKGdYfNjagSs2FHeUjL.jpg
  https://image.tmdb.org/t/p/original/frcCc1H8vFj76fvkWjRpjmjk7WN.jpg
  https://image.tmdb.org/t/p/original/gzul9a05KYCgQzd2kLyVycr5Srl.jpg
  https://image.tmdb.org/t/p/original/9wJNf5TML9LTKOnO4dmaz20ZGqe.jpg
  https://image.tmdb.org/t/p/original/2iXMdHecpFPiOMQyKa1Zhi6O6PP.jpg
  https://image.tmdb.org/t/p/original/8ZZnMFscHcYQni6yhnZ8zGqoxh3.jpg
  https://image.tmdb.org/t/p/original/Nd3XGy4GbBiZimj1qabDRpZ7kw.jpg
  https://image.tmdb.org/t/p/original/AhNobuFCzLIiwBXFQPkZrBX7fK1.jpg
  https://image.tmdb.org/t/p/original/Aa3C9qoa6sHJlxKMz7qUacE9SFr.jpg
  https://image.tmdb.org/t/p/original/1se4IobB5xUCNWweDYLrtURTpfR.jpg
  https://image.tmdb.org/t/p/original/lZKali4GCL5dTnM5iUvM6QmkrkZ.jpg

Movie ID 1368337:
  https://image.tmdb.org/t/p/original/5rhTDKUhPYvpdQIijFIs5VoWsON.jpg
  https://image.tmdb.org/t/p/original/krVa7rKCQb4OBfsr2LTJv4rTz5q.jpg
  https://image.tmdb.org/t/p/original/9C9PAnrZcB8x7YHNlBs4PUv0Z7K.jpg
  https://image.tmdb.org/t/p/original/pe5cCoX5iIb5IWKPsbPkCwjLFHt.jpg
  https://image.tmdb.org/t/p/original/x5JKwcrl7NzaSWfTFh6bIPCsqJd.jpg
  https://image.tmdb.org/t/p/original/77d9DQN93yw900o80o5utkfDf0U.jpg
  https://image.tmdb.org/t/p/original/3WSxhPjc1piCr6ezMhGv9g2EOGA.jpg
  https://image.tmdb.org/t/p/original/mTnjqFRpfEx3tMrLBaSiA2JiDfk.jpg
  https://image.tmdb.org/t/p/original/jzSqX8nDTpyRF2MfItowWjBtNwY.jpg
  https://image.tmdb.org/t/p/original/3O6ufZBBjLB29NpJOe8awMzQ4XN.jpg
  https://image.tmdb.org/t/p/original/kVYFP3YKVgJEvKCbRdBMBbXVd3N.jpg
  https://image.tmdb.org/t/p/original/a4pOHOWbMmhW1lvEhGmuuzED7IA.jpg
  https://image.tmdb.org/t/p/original/xaEmd3sWVeBUT5lLwzmSEJNAk9z.jpg
  https://image.tmdb.org/t/p/original/m0ehGErq8GTLK4WZxaq9QLGAR3u.jpg
  https://image.tmdb.org/t/p/original/d7MiRRamaAe58DacYEo2ZgziBBv.jpg
  https://image.tmdb.org/t/p/original/qQhInj9fw3S2bMbiEujVldthgKe.jpg
  https://image.tmdb.org/t/p/original/exOPvjnLaKMp00fsk8E3UpfPtNC.jpg
  https://image.tmdb.org/t/p/original/8ze9OcVuFiy94s6FFPvsn4oC2e1.jpg
  https://image.tmdb.org/t/p/original/7876PK6gosE13Uq1B6nRxf7AJLT.jpg
  https://image.tmdb.org/t/p/original/sNCSVuHgteWjWJbtjsY3yahRAhZ.jpg
  https://image.tmdb.org/t/p/original/tLo3DZA3Px4APL3D5s6XrG49O3f.jpg
  https://image.tmdb.org/t/p/original/brhZJ4GyvJDwNaHXkIrsD4CV4re.jpg
  https://image.tmdb.org/t/p/original/zrQ3b9J3XrEBUi5e12MSG97kxSb.jpg
  https://image.tmdb.org/t/p/original/xJ97RenWOB8DBBwZryjUQTDdH73.jpg
  https://image.tmdb.org/t/p/original/4W4zIDre64hnYoc0VviruXRUYck.jpg
  https://image.tmdb.org/t/p/original/cxS9D4yyMkn7euvdFXGMLJnEj13.jpg
  https://image.tmdb.org/t/p/original/r1BhoqxbJ06qq21sGKXaKTlPjJM.jpg
  https://image.tmdb.org/t/p/original/16WS2LNxLuYaLusaqJJm7svz4TF.jpg
  https://image.tmdb.org/t/p/original/ugEXTmwvFj8oqOui6ZwXjQgSwAp.jpg
  https://image.tmdb.org/t/p/original/zG7hzAyqa9KIjM0Yse0bxty4Cq8.jpg
  https://image.tmdb.org/t/p/original/k4vo8tLAgpeY1BObpHJfa5LZyjJ.jpg
  https://image.tmdb.org/t/p/original/5znx7mo9BtDOjEACfg6iVLHv4LF.jpg
  https://image.tmdb.org/t/p/original/6tcy8MqIVctQh63uHR4RGtR6PLN.jpg
  https://image.tmdb.org/t/p/original/gDczukzBuYSAnlj9jSpmAmvDene.jpg
  https://image.tmdb.org/t/p/original/zLbUuaoCctimWJ4TUPW2C1yVImc.jpg
  https://image.tmdb.org/t/p/original/b6IGcKISSSeNMi7e8bsWwNVX438.jpg
  https://image.tmdb.org/t/p/original/n7NR7SH7CyiiF70yN96r3d1jWr0.jpg
  https://image.tmdb.org/t/p/original/kRVe3KHo7cAZaWx8mAi8uVeW2on.jpg
  https://image.tmdb.org/t/p/original/qrkCBykEC6ZY2XttsCk6Thq66P.jpg
  https://image.tmdb.org/t/p/original/sCm613HNAVg6modYGKUBFXGzXEg.jpg
  https://image.tmdb.org/t/p/original/f9J2BhE0W5ivcVEZ9zsv8HojvV5.jpg
  https://image.tmdb.org/t/p/original/lkShxOPlelgr3R7zYAcG00w6Z94.jpg
  https://image.tmdb.org/t/p/original/e5YaWNyarsrL3uAms3dLEt8zTWv.jpg
  https://image.tmdb.org/t/p/original/3hdT7goVwwXFeir7e5wgByjzcV6.jpg
  https://image.tmdb.org/t/p/original/k12dsDVtARFmr6TbC2hn0c68aw5.jpg
  https://image.tmdb.org/t/p/original/5S4U3gM7N17ni028LJhO60zfcKJ.jpg
  https://image.tmdb.org/t/p/original/5mZokAR3nAxv2CA8zWhTcm6bpY8.jpg
  https://image.tmdb.org/t/p/original/e8uFQgyhK7Pry8a9iSFY1vZm3zz.jpg
  https://image.tmdb.org/t/p/original/tcYM55YaRob9UrPf9vW2lrBpIY8.jpg
  https://image.tmdb.org/t/p/original/bsbuhoASfzbWuXBBZSQh8TlZe9Y.jpg
  https://image.tmdb.org/t/p/original/mNntrL5ecJHG3WfIAeOzysAx48P.jpg
  https://image.tmdb.org/t/p/original/geV5Dzx6qKWb844XQ4Zu1uHn8c5.jpg
  https://image.tmdb.org/t/p/original/kZXvqsQXUlQapWO2ftosSQE9ZGd.jpg
  https://image.tmdb.org/t/p/original/7m97zunHURRBsg6E0wrLNklS9Tq.jpg
  https://image.tmdb.org/t/p/original/7NYewC4196yrRwozPGNVPkRa5kI.jpg
  https://image.tmdb.org/t/p/original/lRnTEG4YgrgLhaOD75rjDlvesCN.jpg
  https://image.tmdb.org/t/p/original/v7imca0k09m8ldop6UxoBeu0Vzg.jpg
  https://image.tmdb.org/t/p/original/gpMdgRmAYWhzxsDuWTNdZrMLbfs.jpg
  https://image.tmdb.org/t/p/original/9vmCqlMktjfuAhxniWG2qy2lSjB.jpg
  https://image.tmdb.org/t/p/original/y2F7kjgQtjthRY4jAk5wWquaBnx.jpg
  https://image.tmdb.org/t/p/original/mlBMBlQmRjUXxYkIk7okjrMM3bU.jpg
  https://image.tmdb.org/t/p/original/nWWSbWZ0lRjSRn4oonXgyzXnbc4.jpg
  https://image.tmdb.org/t/p/original/wl9QDpxUFAifWyWHFZQywMJDQLL.jpg
  https://image.tmdb.org/t/p/original/sQ0JG6gNsT4fecog10M4l2zDvWi.jpg
  https://image.tmdb.org/t/p/original/bDkL24ydznDVkD30r4kLmbKCkIL.jpg
  https://image.tmdb.org/t/p/original/jx73CulC20zhZgz1OcHa7R4bcw5.jpg
  https://image.tmdb.org/t/p/original/gcZonNmYTAHZuIb26ei1vYgT3tB.jpg
  https://image.tmdb.org/t/p/original/xbesTZHKudJKmaIXDnHPWcRKKFI.jpg
  https://image.tmdb.org/t/p/original/gg5uPn6HfdtwXVnOQsPSvhBRwZa.jpg
  https://image.tmdb.org/t/p/original/lwwuHIayI2wNxo9cwyR6oAcHWf.jpg
  https://image.tmdb.org/t/p/original/uDi20UVB9OPJSWbPw4hvgaAyEdr.jpg
  https://image.tmdb.org/t/p/original/s8VlEg3AHRG5vs6pVuYRzOdXLTq.jpg
  https://image.tmdb.org/t/p/original/iCDk5FC4EiDNmqwxKQ1R3AgrVfV.jpg
  https://image.tmdb.org/t/p/original/yaHZNbDmIoc5O0t2KmAKETvG7C.jpg
  https://image.tmdb.org/t/p/original/nLvAOCZFIRuBJzvU1CVIjUjIfUq.jpg
  https://image.tmdb.org/t/p/original/5hiASRxB6kJBtrPEoCMhS6R7UTO.jpg
  https://image.tmdb.org/t/p/original/yy2NuguttdYwRmuZietNVV1WsjL.jpg
  https://image.tmdb.org/t/p/original/q1UGTUNxPd9dI020Kzyty9Yn5J4.jpg
  https://image.tmdb.org/t/p/original/zcYkbcJFbBcaoYiXlEk7hocpUbG.jpg
  https://image.tmdb.org/t/p/original/8tbQzeBO9ajHG5DxKSjQBFbfPVQ.jpg
  https://image.tmdb.org/t/p/original/z5DhnCi8vSltpVqVZMSod4nFyYw.jpg
  https://image.tmdb.org/t/p/original/yWHjKVXO1tQkmKBX7luQimhxQUP.jpg
  https://image.tmdb.org/t/p/original/fT17q9W3Wu8mVkZBPbJqHwWg8zd.jpg
  https://image.tmdb.org/t/p/original/4MVLzma1N3iwxVdenIf9CSXaGok.jpg
  https://image.tmdb.org/t/p/original/gjh2dODBhaCrSLli2gdMH2Ire4y.jpg
  https://image.tmdb.org/t/p/original/aIiHnFRpTytNhuQ4zMfA5igNrl7.jpg
  https://image.tmdb.org/t/p/original/hNagH64a6rmDzDvCxZx8HxZxg7q.jpg
  https://image.tmdb.org/t/p/original/7Gr2um6AoF0HBgiU4F5tTfiBdyj.jpg
  https://image.tmdb.org/t/p/original/9Is2RO5kCxj0Cj5dyrTsosIWPtB.jpg
  https://image.tmdb.org/t/p/original/6SIaFQosjJm09Vbk40TgWylU9Bm.jpg
  https://image.tmdb.org/t/p/original/oGnezkeVwM1Sdln5N0FtUMtCPE7.jpg
  https://image.tmdb.org/t/p/original/m61CZ2QWmMBEXa6jB66Z88w0tLT.jpg
  https://image.tmdb.org/t/p/original/i0gNG1tsttDaNVvmWyOMBV9euYk.jpg
  https://image.tmdb.org/t/p/original/pLzAoSJLKyffXruxU1HmtpmFMD4.jpg
  https://image.tmdb.org/t/p/original/6dfr9o52w9AVYJSlSA1IBUlLCyU.jpg
  https://image.tmdb.org/t/p/original/zrMgjVDbJLY1Fs2jyKdQEVG88Dy.jpg
  https://image.tmdb.org/t/p/original/vo1NNMIzvbbroa2chXpmNFZ2roF.jpg
  https://image.tmdb.org/t/p/original/mPh1Lxi6sOuT3RGH8CxTTc8O1a4.jpg
  https://image.tmdb.org/t/p/original/6NldPcazsM3fcu9aFKT8POUC04V.jpg
  https://image.tmdb.org/t/p/original/BksHT24xeoQKKxxj5cqTgPg9WD.jpg
  https://image.tmdb.org/t/p/original/nAqBgoMMft3MdG05v82cOKGfel4.jpg
  https://image.tmdb.org/t/p/original/iFMtOnof9gaOu1DesR8X31ybPpt.jpg
  https://image.tmdb.org/t/p/original/tXUzCa5LZ4rYOJuUtFRwGQ1ZEtI.jpg
  https://image.tmdb.org/t/p/original/lfxzKqahBvi0HwrgD9DywdQf0WK.jpg
  https://image.tmdb.org/t/p/original/d7mv0nJPDxzTLGC1JZIWCcN5PcU.jpg
  https://image.tmdb.org/t/p/original/fftxu1wADH4IvNP1ZBvU6il2Q40.jpg
  https://image.tmdb.org/t/p/original/9LpfDV2Qv2qCO5toWf3aZ7MAv3o.jpg
  https://image.tmdb.org/t/p/original/42iOJyAKd2UZiAajdBdmxmTVHng.jpg
  https://image.tmdb.org/t/p/original/bheY17L6wtB0SdJn6EYyh1X5iry.jpg
  https://image.tmdb.org/t/p/original/2ir4pQqTa4y5mQ8QubZM4AhBZkc.jpg
  https://image.tmdb.org/t/p/original/rU51fJvODTCq8pBjkohmtzwdaUA.jpg
  https://image.tmdb.org/t/p/original/eyRFFI2FH1xXn1JGwwlysNjbYT1.jpg
  https://image.tmdb.org/t/p/original/XSfNrI3V20mLj2vSToZkUKWtY8.jpg
  https://image.tmdb.org/t/p/original/dnWbvHCHTi2PnFwY7LlXHep38LQ.jpg
  https://image.tmdb.org/t/p/original/eMhRlNMxFFMQ7NvgihRTKVqrt7d.jpg
  https://image.tmdb.org/t/p/original/sXqdLjTKB8zFhldydiYctG958mO.jpg
  https://image.tmdb.org/t/p/original/xzympITdMuHOwTvEkZsZlVGYQjo.jpg
  https://image.tmdb.org/t/p/original/mFxrlGItkYWdmW0SydpTqrh1hMb.jpg
  https://image.tmdb.org/t/p/original/pGR7Hx8PjBKWo2JaveiIasAlg5m.jpg
  https://image.tmdb.org/t/p/original/xvCtlCSeYSLHTXHA8mAj8cpHKDx.jpg
  https://image.tmdb.org/t/p/original/o3fSdmN7oekDvVJxKej9XbKR8Uy.jpg
  https://image.tmdb.org/t/p/original/2YYrILqlRX6o0sL8ceIfSLXXAlt.jpg
  https://image.tmdb.org/t/p/original/9xUmUUhh3DPX5iUc0ZR5vIwelqE.jpg
  https://image.tmdb.org/t/p/original/sVgZpKBaoIThuZUap12DS7p1n08.jpg
  https://image.tmdb.org/t/p/original/xZPBBZ4QhNXriRghj7f34WT9A9d.jpg
  https://image.tmdb.org/t/p/original/5WzPybmv7J9lwfRfhHpuk0pySNc.jpg
  https://image.tmdb.org/t/p/original/j6HU3zxq1byc4TVhYNdGZvT0fhA.jpg
  https://image.tmdb.org/t/p/original/pQ7YpJJqa2Qxrjh0LCdiQxBdQ3P.jpg
  https://image.tmdb.org/t/p/original/2cpBRWe1gzso81blxAtJCZRew4F.jpg
  https://image.tmdb.org/t/p/original/iL4nEaOynZ0ewTK7lw0gyAr5UIs.jpg
  https://image.tmdb.org/t/p/original/34PO7rVVr0BJ5tDTbzh7LrnbdJ3.jpg
  https://image.tmdb.org/t/p/original/56KULmKY9VcroHMUukPNjZ5mS1i.jpg
  https://image.tmdb.org/t/p/original/2g9L5SryMQoMZzg3Ro8qoZK68ks.jpg
  https://image.tmdb.org/t/p/original/udGYQyNqXnXAtM7NDFbWCnLDM67.jpg
  https://image.tmdb.org/t/p/original/tQe37bA2RR0QKCJ9LlqDH6znNAt.jpg
  https://image.tmdb.org/t/p/original/g2ifimgJ0WQsKdqFotoGxecluOK.jpg
  https://image.tmdb.org/t/p/original/wYxOSeWlWPEHdTxS26pHXQQj32u.jpg
  https://image.tmdb.org/t/p/original/9NrA6wzim5BG32dZqM5Je7tAOkg.jpg
  https://image.tmdb.org/t/p/original/igdE5kre0dnfZQaXsrnDt2xUNFn.jpg
  https://image.tmdb.org/t/p/original/x3wCf5QK9uoTrgheh1pz9cOKyKc.jpg
  https://image.tmdb.org/t/p/original/vDp2MH1PGaL7sIb2HQzPNb3FAsE.jpg
  https://image.tmdb.org/t/p/original/kyeasZIPTBiaq7mzZlWvGiSBu9M.jpg
  https://image.tmdb.org/t/p/original/7sY0D4Ktkr41vAEEOI2siYYQRBo.jpg
  https://image.tmdb.org/t/p/original/pAFE0oUuUhZDul3LQVMz9h67ia2.jpg
  https://image.tmdb.org/t/p/original/u6b6mWaaukv2AuSF4N3g9xWOxdY.jpg
  https://image.tmdb.org/t/p/original/dzJjLNovwNDejdRtiNtTbj8zVKX.jpg
  https://image.tmdb.org/t/p/original/2ZjXl3Y5o9URZeKsFL3NDw0qNgB.jpg
  https://image.tmdb.org/t/p/original/xZ8hwCspB39zxZ9hif4HCaCVCuJ.jpg
  https://image.tmdb.org/t/p/original/lcBbpBfa4Sv2iA1kFJFpelTKE9G.jpg
  https://image.tmdb.org/t/p/original/l1Y73TUlg8tC2lcPwexAOGesSVS.jpg
  https://image.tmdb.org/t/p/original/9fUqm7UBcyNAJdnxTDpMei13JIn.jpg
  https://image.tmdb.org/t/p/original/i2TPm7Fh4X4WHvEIBVnq36K1h3v.jpg
  https://image.tmdb.org/t/p/original/rbBJmznOOXXFtexCM4rAQsV2aqB.jpg
  https://image.tmdb.org/t/p/original/edC4JzDHJUoQddhbHlBNSU3RHPR.jpg
  https://image.tmdb.org/t/p/original/7j1T6pPSO8Fd7WzRDG4eHO7hjvI.jpg
  https://image.tmdb.org/t/p/original/9F7ey4E8y3rqs31KKhoEvAXZMLi.jpg
  https://image.tmdb.org/t/p/original/7821Z4ltw6iyIHk0hwZ9wdd5pEc.jpg
  https://image.tmdb.org/t/p/original/6M0KlUs72aZW0GTSpn7BuGycPvs.jpg
  https://image.tmdb.org/t/p/original/5AY59oELpt2A6AtSDO61802qGs.jpg
  https://image.tmdb.org/t/p/original/xKpLLfiIRXcTStRpDyFY11Mujpi.jpg
  https://image.tmdb.org/t/p/original/5OT1A2nRAJTXvKfZnhWRnSNb9qM.jpg
  https://image.tmdb.org/t/p/original/gg2ShRA7YaXV8O7xErXvMARoX0T.jpg
  https://image.tmdb.org/t/p/original/vQYkLz1K58SLd2cgJGSdTy3WXbJ.jpg
  https://image.tmdb.org/t/p/original/q4u2dtjOjr6OfQTK8X5Gl94TrFv.jpg
  https://image.tmdb.org/t/p/original/uXMyIbtwQ95IIK5XSLqOKOlAmww.jpg
  https://image.tmdb.org/t/p/original/a1WeF2RYIZe2sjyUnRZ4suB9Trp.jpg
  https://image.tmdb.org/t/p/original/gMMFi3ZeDMrEje5xhHUdAEWRDnC.jpg
  https://image.tmdb.org/t/p/original/18iJcxdTYbxocqdyaJGJrjvXZrQ.jpg
  https://image.tmdb.org/t/p/original/xHxGZGSDfa1FS8fEIaedB0oKF3K.jpg
  https://image.tmdb.org/t/p/original/m1ETlDxX4k1dZZNBmpIxCwHrYZf.jpg
  https://image.tmdb.org/t/p/original/rKahUzGP3B27qJgCbI9QjIMY2yo.jpg
  https://image.tmdb.org/t/p/original/lgoHUonYZmdvmtpyMN1q0FBB38T.jpg
  https://image.tmdb.org/t/p/original/yJpWj45aPnxBu33tKRpEtXtuxkI.jpg
  https://image.tmdb.org/t/p/original/sR81Bcozpt3MysINHXCk9WcuhvA.jpg
  https://image.tmdb.org/t/p/original/45OfigFXrsflY2PbCyRjbAbQamA.jpg
  https://image.tmdb.org/t/p/original/92pvlVHCrUbsgjRj2XiZ7GIzEbx.jpg
  https://image.tmdb.org/t/p/original/g9F3Q28KAyG1niNPJl3CuhSp5dv.jpg
  https://image.tmdb.org/t/p/original/pXQwRgGDlERrLQClQt6amDIzlCc.jpg
  https://image.tmdb.org/t/p/original/8RaqwM5q8cSDLIAKuXLF2RLCvyI.jpg
  https://image.tmdb.org/t/p/original/4VBpZvqGPXUPJ3c8qWZ1OPTI4kP.jpg
  https://image.tmdb.org/t/p/original/iBeW5njeImy4TUyTVJOFwWHscIx.jpg
  https://image.tmdb.org/t/p/original/aPe1S8xkjIqQK1c1nSFhxILajzJ.jpg
  https://image.tmdb.org/t/p/original/22z97vRuY7Pm1wBLpIfAAVd5PZw.jpg
  https://image.tmdb.org/t/p/original/5mzE3EczUubj05wpMwvSY5FjCAH.jpg
  https://image.tmdb.org/t/p/original/USYgKUAjim8BvoTnw1QiXNiK3K.jpg
  https://image.tmdb.org/t/p/original/nI49bZjE7bquuOVSS3zWzTiyN8g.jpg
  https://image.tmdb.org/t/p/original/5fGy34jJI8waXG0MVjWbYIwDYGx.jpg
  https://image.tmdb.org/t/p/original/aq6YxSlo3lD1XLbAcX684AOWCRi.jpg
  https://image.tmdb.org/t/p/original/l4gwfpWt3dXWPDlseaLukRQBFEH.jpg
  https://image.tmdb.org/t/p/original/zhibIxxtjA2jRNGLlta753VvkcE.jpg
  https://image.tmdb.org/t/p/original/xWNmy2v1H0Hu0oIyeHqD7GVQE15.jpg
  https://image.tmdb.org/t/p/original/sQIeePyAP3uUKIcLT5LqfDuRKo8.jpg
  https://image.tmdb.org/t/p/original/2AXd3OBa1lv4hkrFdXd8EOrJyC8.jpg
  https://image.tmdb.org/t/p/original/uauk3BdGOixrIWrjdzQ945BqfG4.jpg
  https://image.tmdb.org/t/p/original/wzKVPug0hNwTcoZhra9iSjwOc65.jpg
  https://image.tmdb.org/t/p/original/kZACAT45AqAhxQLTaQCBlIotUHR.jpg
  https://image.tmdb.org/t/p/original/yULjfaxLxDbBiG8XFkoRaMRPbEj.jpg
  https://image.tmdb.org/t/p/original/cjXacJrNM62v0eTpxFG91GShdXD.jpg
  https://image.tmdb.org/t/p/original/oi55SoylcthjOtZw18fKSCnU3G.jpg
  https://image.tmdb.org/t/p/original/oKNkWq8kKJ9F1qQEMCWCUjrByM1.jpg
  https://image.tmdb.org/t/p/original/v4m4bwaWoGfjNCXgRRWeBO9h3iw.jpg
  https://image.tmdb.org/t/p/original/zztpW7Vv3DOqLJ947FsCBkT8XkL.jpg
  https://image.tmdb.org/t/p/original/fluHnYd9tEqJW9VLYN4CdUV0Zzw.jpg
  https://image.tmdb.org/t/p/original/kILmtuemCoAwsRKBb1eaEDOESGT.jpg
  https://image.tmdb.org/t/p/original/yh0TA260bAFByXVSimCRWFF1rJU.jpg
  https://image.tmdb.org/t/p/original/wJ63hDeSFskq8ltI9JdoyQTOu8w.jpg
  https://image.tmdb.org/t/p/original/v7FkTh7wZOcOoiwussFo9G3XRve.jpg
  https://image.tmdb.org/t/p/original/vTcXr66Bbdk9O4vocwJCtXxEfh3.jpg
  https://image.tmdb.org/t/p/original/rIK89Aq2V5vDs9mCQ5NYQs1KTOQ.jpg
  https://image.tmdb.org/t/p/original/mpwZyMOkqvJohMlEc7qkLzzhThr.jpg
  https://image.tmdb.org/t/p/original/bjlruxR6z8sxYJFihglyvjRCCiG.jpg
  https://image.tmdb.org/t/p/original/cOXuKIVO5EnXI7yPdwCLu15EBKK.jpg
  https://image.tmdb.org/t/p/original/805pUKmz7Ful4fzC9BqZMSUWQnR.jpg
  https://image.tmdb.org/t/p/original/6UJAFmS24wGBr23eqy9Mw3eLdbp.jpg
  https://image.tmdb.org/t/p/original/20qM1aN3a2XJizswc4LmfXEGEPh.jpg
  https://image.tmdb.org/t/p/original/ohoshsS1ZMm7eryDM7PLMeyiqnm.jpg
  https://image.tmdb.org/t/p/original/mkoSumxTVndNo2bF5k382qQl1PS.jpg
  https://image.tmdb.org/t/p/original/7ZNjseSAF1hGxBAsEp6rp0H1pRp.jpg
  https://image.tmdb.org/t/p/original/v2cSaevNBxcI1EWd3JfaBfwbQOb.jpg
  https://image.tmdb.org/t/p/original/ucXkdh2oVvqfIDOLO1UDI9iliij.jpg
  https://image.tmdb.org/t/p/original/bbcXgr2GhKi9T3tyECQoQnizS5R.jpg
  https://image.tmdb.org/t/p/original/6jueFdbWDqAaZE8OJMuqqdsH4Rt.jpg
  https://image.tmdb.org/t/p/original/rV61v1eNpP86CyFf8n9CavIzIaa.jpg
  https://image.tmdb.org/t/p/original/Yvbst5D4Q00cKqxhd7e2lVbccX.jpg
  https://image.tmdb.org/t/p/original/cQ5I94QkXBuSoMl2U4Xc8kr6cxC.jpg
  https://image.tmdb.org/t/p/original/nauBstaujAjo294DBeTXVYENXAa.jpg
  https://image.tmdb.org/t/p/original/icFN4yB9WldnWXokfPKR6Ixyl7A.jpg
  https://image.tmdb.org/t/p/original/9Io6oDw9FiI8Izzsf14g8stuyBN.jpg
  https://image.tmdb.org/t/p/original/8tiqKzkezY39EkPrLh0NlTAIQ8T.jpg
  https://image.tmdb.org/t/p/original/9Io6oDw9FiI8Izzsf14g8stuyBN.jpg
  https://image.tmdb.org/t/p/original/scX69B1ohu0S2Hwssp6XS4bhF2Q.jpg
  https://image.tmdb.org/t/p/original/veNNxr6kq08RVZmFrwciQBHFg9e.jpg

Movie ID 157336:
  https://image.tmdb.org/t/p/original/yQvGrMoipbRoddT0ZR8tPoR7NfX.jpg
  https://image.tmdb.org/t/p/original/9d1sCoMSGJZtghS2X9us1h9u8lW.jpg
  https://image.tmdb.org/t/p/original/1pnigkWWy8W032o9TKDneBa3eVK.jpg
  https://image.tmdb.org/t/p/original/tYaC23U62BOJRNVIlFGT6iowEwj.jpg
  https://image.tmdb.org/t/p/original/nrSaXF39nDfAAeLKksRCyvSzI2a.jpg
  https://image.tmdb.org/t/p/original/iawqQdFKI7yTUoSkDNP8gyV3J3r.jpg
  https://image.tmdb.org/t/p/original/rPrqBqZLl8m6sUQmZCchqW7IEYo.jpg
  https://image.tmdb.org/t/p/original/iolc5VLP4PFU0XvjTVRiCb80mUR.jpg
  https://image.tmdb.org/t/p/original/xbiycuc84TrieEWwkkuH2hoEa9S.jpg
  https://image.tmdb.org/t/p/original/7uCL4gbdmokTWyeYbJxwBo5pbVT.jpg
  https://image.tmdb.org/t/p/original/bzONet3OeCTz5q9WOkGjVpOHMSR.jpg
  https://image.tmdb.org/t/p/original/mS4EvhsrT0SQZOlWrQEzWI5KiUa.jpg
  https://image.tmdb.org/t/p/original/gEU2QniE6E77NI6lCU6MxlNBvIx.jpg
  https://image.tmdb.org/t/p/original/2GqRAbc6Xcak2ZYrIdTQGbHyTsl.jpg
  https://image.tmdb.org/t/p/original/fbUwSqYIP0isCiJXey3staY3DNn.jpg
  https://image.tmdb.org/t/p/original/4pWbfjzUkusGXAZQoduARaI0qu2.jpg
  https://image.tmdb.org/t/p/original/674XbyJKOO7z5ds6ddR6uAmoThU.jpg
  https://image.tmdb.org/t/p/original/mQNr5d0ypstgJ6X0umnaJWoPdH4.jpg
  https://image.tmdb.org/t/p/original/sR1Wh1rNQCrGr6Qs47DCdXxEC0S.jpg
  https://image.tmdb.org/t/p/original/c35Vwd9rmMQfaEJuUrJRF3LZWJX.jpg
  https://image.tmdb.org/t/p/original/v7Iib57HHgSEI9B7XYRF6qrs11T.jpg
  https://image.tmdb.org/t/p/original/7z0QoRia9Tknxe1R1vz7jwkzUrm.jpg
  https://image.tmdb.org/t/p/original/d1QKiYtceF3GDtxvTFXFAqwwah9.jpg
  https://image.tmdb.org/t/p/original/zq8j3XRJDVqNhiRMensg2uTkYrd.jpg
  https://image.tmdb.org/t/p/original/2QzyxZlj2HxVWiCjgjORIvjAq8T.jpg
  https://image.tmdb.org/t/p/original/kfP55zsGaq9xl4CfI1C6TFDmLkZ.jpg
  https://image.tmdb.org/t/p/original/9W7qYnmi1W3648YXVJvpjk82MUf.jpg
  https://image.tmdb.org/t/p/original/6KiSSndIMLj1swkpPNq2lYppDVQ.jpg
  https://image.tmdb.org/t/p/original/omKeIQBr8oiW3MikuoGPQ6z55EG.jpg
  https://image.tmdb.org/t/p/original/hHdhfkkzt0Mwec33Ux177Z7CO8w.jpg
  https://image.tmdb.org/t/p/original/wATQX43h29TojNIbcwLuPg7OPqi.jpg
  https://image.tmdb.org/t/p/original/2khhc03aoTG8nHtGvehEqvcFTDQ.jpg
  https://image.tmdb.org/t/p/original/9DydKQbpAgsksnG3BvuVlV28VIs.jpg
  https://image.tmdb.org/t/p/original/vReLRjDV9XPhiOSEW7QWow4DXwf.jpg
  https://image.tmdb.org/t/p/original/6ricSDD83BClJsFdGB6x7cM0MFQ.jpg
  https://image.tmdb.org/t/p/original/cQuuBjG78j4b2r1dFpAjnjbUplv.jpg
  https://image.tmdb.org/t/p/original/AvNFQWhRh3b9fHNGWh4nn45JVjz.jpg
  https://image.tmdb.org/t/p/original/gDN2NWtHbs8ZWEBQM8Dh5OVXdb4.jpg
  https://image.tmdb.org/t/p/original/khgeuSqVsaZ6jfJi8EOtmhQ8jzd.jpg
  https://image.tmdb.org/t/p/original/if4TI9LbqNIrzkoOgWjX5PZYDYe.jpg
  https://image.tmdb.org/t/p/original/wbnrYkn59cdFuu0LNAZ2BWh2i37.jpg
  https://image.tmdb.org/t/p/original/yA29YRrLgZaM1o0SYSEyUx7il7W.jpg
  https://image.tmdb.org/t/p/original/yCjqPO8h9lxThk1WKxlr55S5rw2.jpg
  https://image.tmdb.org/t/p/original/h7PVA4ukQ4Ha1wMir5SO7ceRcqm.jpg
  https://image.tmdb.org/t/p/original/hoqAK3x4yW0YPdhbTd8yNaMB13X.jpg
  https://image.tmdb.org/t/p/original/auQjFBfCWSL6DpQhWVCZ6wFtDm6.jpg
  https://image.tmdb.org/t/p/original/3rrdvzubITGLWeIBx0UCJeETWs0.jpg
  https://image.tmdb.org/t/p/original/2KgawgqFEfyoS39Iq0kPC76jWgN.jpg
  https://image.tmdb.org/t/p/original/5Nz93QCcucX8PF6qvY9ZFmHRBN6.jpg
  https://image.tmdb.org/t/p/original/3DKszh7Ng0EN0UoTkIT01rb0SYC.jpg
  https://image.tmdb.org/t/p/original/vm4avyFTQAYT4k3YCXasI2Q0BCz.jpg
  https://image.tmdb.org/t/p/original/8ii6xoVFN5MEzOzkXIdPCH0NuLP.jpg
  https://image.tmdb.org/t/p/original/rgoNKrN5oEWIpfM6ZSPORbB2NYf.jpg
  https://image.tmdb.org/t/p/original/nFvNpUa384jrkUYyQdWKzfoZUBq.jpg
  https://image.tmdb.org/t/p/original/3e5BY5kZ8RZ11pBBypjiVzDFWid.jpg
  https://image.tmdb.org/t/p/original/thIxqvn9yBY79Y1YMFDTaWvTg2T.jpg
  https://image.tmdb.org/t/p/original/sr5PR6Waz5io9Ztpm2ftXaluHA7.jpg
  https://image.tmdb.org/t/p/original/9cTfZWP5TfdnmAjiD6ZBXWIJ7O9.jpg
  https://image.tmdb.org/t/p/original/bMKiLh0mES4Uiococ240lbbTGXQ.jpg
  https://image.tmdb.org/t/p/original/lwfl4JPDJQN5xoA0JLeNbgDRXcA.jpg
  https://image.tmdb.org/t/p/original/p6wYy2mUsOwi4TalNAk46ft4sVJ.jpg
  https://image.tmdb.org/t/p/original/hbGNJb88HjoQurnRYYWg45YBFtz.jpg
  https://image.tmdb.org/t/p/original/9PTvvflydmTnfvMWMAwMMkV7X2s.jpg
  https://image.tmdb.org/t/p/original/evoEi8SBSvIIEveM3V6nCJ6vKj8.jpg
  https://image.tmdb.org/t/p/original/zDNAeWU0PxKolEX1D8Vn1qWhGjH.jpg
  https://image.tmdb.org/t/p/original/jM4VN1IFD2R1ElpqT3T0bt08uJt.jpg
  https://image.tmdb.org/t/p/original/h7zAAbQ0rtEteSEQf7HklyizBg5.jpg
  https://image.tmdb.org/t/p/original/dyUA5G7hmMOlBfa7yzAl0Zolynr.jpg
  https://image.tmdb.org/t/p/original/q6KI8ChlkIYYZww8C053cVfPQRo.jpg
  https://image.tmdb.org/t/p/original/990DWuNkoVgvzu8meLQO1WwTHHQ.jpg
  https://image.tmdb.org/t/p/original/s7r8IkdbFP42sYhHhyPRnySmqCD.jpg
  https://image.tmdb.org/t/p/original/fb9VcK7aCI2z4kH5nXjBKkEUVEu.jpg
  https://image.tmdb.org/t/p/original/bzwz0bouQcmuyLttCVluO2ApJyP.jpg
  https://image.tmdb.org/t/p/original/gio2picfTTTM5KbtlkbRJujE6tJ.jpg
  https://image.tmdb.org/t/p/original/9Vf7cFA81yCeKNg3GHvo5mBYct2.jpg
  https://image.tmdb.org/t/p/original/yoPpzmjijprmzikLvHhPAzxUMMw.jpg
  https://image.tmdb.org/t/p/original/eVISbbM9PybrfFWcpE01AeMeiRX.jpg
  https://image.tmdb.org/t/p/original/1JCNAJud8bUdXL4zdc1EacvDzVx.jpg
  https://image.tmdb.org/t/p/original/hbsBATDtojqHugGCNe723AOT4DJ.jpg
  https://image.tmdb.org/t/p/original/kY0QSn66j7YA7XdhupY8awA89TY.jpg
  https://image.tmdb.org/t/p/original/3BDYbXUyQPohCmBC4ZMvbF3RXsv.jpg
  https://image.tmdb.org/t/p/original/8vygqGCLm3ax1cvoR1DXJNNc3uS.jpg
  https://image.tmdb.org/t/p/original/271ENPolpcONHpbLHU1rw9k5Z5d.jpg
  https://image.tmdb.org/t/p/original/th5UkDLIa7yyma9UYDAWaIgDh6z.jpg
  https://image.tmdb.org/t/p/original/e1pkIN4dPjug8rk75BRVukyIXAn.jpg
  https://image.tmdb.org/t/p/original/AtOL7JqNBGELgBA87gSHNcfzSD.jpg
  https://image.tmdb.org/t/p/original/fZYl4hG1Xve39hqeEN7q6UJsWPF.jpg
  https://image.tmdb.org/t/p/original/eS79aflvTbW2f754gCO7NM1j7Ym.jpg
  https://image.tmdb.org/t/p/original/rUOaQxFj5aKIgQJnmJRF22qQXrH.jpg
  https://image.tmdb.org/t/p/original/cv3tj98DvCW8ba75a9XwDPdiYIt.jpg
  https://image.tmdb.org/t/p/original/cNr99Vx7jIa2VOnxRMAfatt1Ong.jpg
  https://image.tmdb.org/t/p/original/5qhJeFztZ2N31T7TvG7j6M1sOtj.jpg
  https://image.tmdb.org/t/p/original/9rSeLJx4k1TaIUlPa4gwZK6tBxl.jpg
  https://image.tmdb.org/t/p/original/mR2OK5aK5kMOdAQYfc5kkOg06Pn.jpg
  https://image.tmdb.org/t/p/original/pOQfDNjk22UhTrAGwwN8Nwz7cyj.jpg
  https://image.tmdb.org/t/p/original/lckRcubpItGlnO1v60clysNirme.jpg
  https://image.tmdb.org/t/p/original/gTlZAMmuMjN2Ia0M4pxU2C0ZWxq.jpg
  https://image.tmdb.org/t/p/original/xrgBLpPMXWXKdyj5r36RVfmkRdb.jpg
  https://image.tmdb.org/t/p/original/8CQOK1RyhUAZGUfiea0aAw3nCub.jpg
  https://image.tmdb.org/t/p/original/9XvVDPCNsfDZCsk9gCRLJCsaJPw.jpg
  https://image.tmdb.org/t/p/original/rmhuOKROpyEdRmhIqQYYrhP3BFr.jpg
  https://image.tmdb.org/t/p/original/c2a7KgNATJm4bfMcTLifGJpb9rU.jpg
  https://image.tmdb.org/t/p/original/qCwhMrmvKwBUh4e38YJWnCQczeR.jpg
  https://image.tmdb.org/t/p/original/x0svdinUPWHwI14CtIdeB5KXfiy.jpg
  https://image.tmdb.org/t/p/original/zLgW4iKqUXxuTBMk5DmOfhPf0zw.jpg
  https://image.tmdb.org/t/p/original/mBZgrHMZ1VQqpuhHZU8fsN03H8u.jpg
  https://image.tmdb.org/t/p/original/3c95G7trDKHahCYKMekCXjeacdh.jpg
  https://image.tmdb.org/t/p/original/qDSDtonrb6LfVOJXBbpZJNLjr2L.jpg
  https://image.tmdb.org/t/p/original/7I0sjfbWJ5r8e8M9jWf7WcN256j.jpg
  https://image.tmdb.org/t/p/original/zQsvYbHaMjBRfnPVxZdtbPyyFT8.jpg
  https://image.tmdb.org/t/p/original/j5AiH1Ez0b0RCjI2MTMvSDgkyXP.jpg
  https://image.tmdb.org/t/p/original/7HEYmKkuWHya4WTGhkqCjSfokAv.jpg
  https://image.tmdb.org/t/p/original/cA5TGzNpwxhLGeAELmWHB5klcvN.jpg
  https://image.tmdb.org/t/p/original/mpIbxc42H4UTZKOytKs9Lq63lXF.jpg
  https://image.tmdb.org/t/p/original/39ygGVVHFxkWzbZKzf842l7rOpb.jpg
  https://image.tmdb.org/t/p/original/sEgN6vtJTw1CW7hjQp4dMUCxUSh.jpg
  https://image.tmdb.org/t/p/original/y1TKElkgWOl90iFik3GHlgJdphm.jpg
  https://image.tmdb.org/t/p/original/ija1bykAdfthqxlSl0UHhOBI2YM.jpg
  https://image.tmdb.org/t/p/original/mgt3D3a51efPMqGOgwH7AaF5m67.jpg
  https://image.tmdb.org/t/p/original/8YZZMKVoc05O8mWdwzKMGhtM4m.jpg
  https://image.tmdb.org/t/p/original/uWZrj6K6kwggb8qdlpko76SRSG7.jpg
  https://image.tmdb.org/t/p/original/2mRRFbnMPMSh4ZiRdiAK0q303Nm.jpg
  https://image.tmdb.org/t/p/original/pGZpvsjeJ1F5DWBhTe5h2cjIjR9.jpg
  https://image.tmdb.org/t/p/original/uz0owCMTNBmojwPQcDR6OpdCyL2.jpg
  https://image.tmdb.org/t/p/original/aDJlk2mPEo0weBzJ1eikAqZeHwS.jpg
  https://image.tmdb.org/t/p/original/90NU5EtPAjs1toYOu2cp4emP1tk.jpg
  https://image.tmdb.org/t/p/original/ulLGFg2QUAhKvkgClIJp2uxuYiA.jpg
  https://image.tmdb.org/t/p/original/96LZNXbXW6lNIuNlnn5rbmx5SVS.jpg
  https://image.tmdb.org/t/p/original/mKfXFJtECVIpv5MAKPTJcGTHlly.jpg
  https://image.tmdb.org/t/p/original/jV1lxv8z5KA0DITvWi9CuqF4e0k.jpg
  https://image.tmdb.org/t/p/original/2Dw0Bd7hiJcz6rbugXp8WVYFfC0.jpg
  https://image.tmdb.org/t/p/original/rUFkW8eGSsckq1y9cYeYevqh4lO.jpg
  https://image.tmdb.org/t/p/original/kb9uLG9GepAeQEdZ4qYYAPpMvGl.jpg
  https://image.tmdb.org/t/p/original/noLE30wv6VvSFLUb6EIJqmWhPOq.jpg
  https://image.tmdb.org/t/p/original/rCCkIey3N5zNpHx5teDD6Tzcm3L.jpg
  https://image.tmdb.org/t/p/original/rLrtM4xLuHf0tucC1NvO83RwInH.jpg
  https://image.tmdb.org/t/p/original/hxxtlLRok742TFUNXGCPKuVSvIj.jpg
  https://image.tmdb.org/t/p/original/1dEOwloOdrGM1evNUsUUvcFUiYl.jpg
  https://image.tmdb.org/t/p/original/4EL6yJgtJuJ8BM45jlu7OB0TWgC.jpg
  https://image.tmdb.org/t/p/original/yD2MpLaswBAIo5kEaIuKQlQKnnz.jpg
  https://image.tmdb.org/t/p/original/iqz6iCgkCQNZNseyEuIE4Ys1iHR.jpg
  https://image.tmdb.org/t/p/original/fnCXdx0dpHSlHazApFbRMkttoXi.jpg
  https://image.tmdb.org/t/p/original/8KuUAZ1HtTMBMKKOi8xYPrw90Je.jpg
  https://image.tmdb.org/t/p/original/88RrLGHdlKX3ZfGoZblk29fStYP.jpg
  https://image.tmdb.org/t/p/original/pLvU3pvL6odhcDMWSCY4NJJLf88.jpg
  https://image.tmdb.org/t/p/original/mPOGGMGfyaoZQnZmsBp0DwZBJzZ.jpg
  https://image.tmdb.org/t/p/original/9PvvBU6vh32bleCZUusupe3EbGM.jpg
  https://image.tmdb.org/t/p/original/fvLwVY3W2zihl9OsQ6fvprqEMKx.jpg
  https://image.tmdb.org/t/p/original/mdtL4Fes9lZ42efVrEY55dUe0eL.jpg
  https://image.tmdb.org/t/p/original/ilTBaxnuLhg2Lmi4AJ7jnNJYdml.jpg
  https://image.tmdb.org/t/p/original/uh5hzerc5TlaX9usXteb3DPH4yQ.jpg
  https://image.tmdb.org/t/p/original/jn3YkjOVZpDCwahAbh7czI21D3d.jpg
  https://image.tmdb.org/t/p/original/5qHaNTV4pXOrv6AG220Xh0853ft.jpg
  https://image.tmdb.org/t/p/original/whxDjq2FummMxzee4TVbsfo6KCT.jpg
  https://image.tmdb.org/t/p/original/vA133yh9mW7Kt82x3f6dnirLd73.jpg
  https://image.tmdb.org/t/p/original/jb2lnJrWkRhDy7C3yb129YQIY6i.jpg
  https://image.tmdb.org/t/p/original/v6oNcydMvHwV8sxNIF8eivbw8tK.jpg
  https://image.tmdb.org/t/p/original/eX4Al8LtAmuw5RRHRLuDxs2Kn22.jpg
  https://image.tmdb.org/t/p/original/hDO9K7NLSUHTis7QDeEdH64KEJ2.jpg
  https://image.tmdb.org/t/p/original/xdAzr43DN4BNMUomn8kgMsGUc7Y.jpg
  https://image.tmdb.org/t/p/original/q4emCJmjNomEE2pVGgqr3nDEIzI.jpg
  https://image.tmdb.org/t/p/original/o0xb7oUWC8K516QdYISRg57fFJv.jpg
  https://image.tmdb.org/t/p/original/104v27KQPR4FWQJtu25WEVIKB9S.jpg
  https://image.tmdb.org/t/p/original/goxCjppjJpJhhAYgzPTTBrqbfHi.jpg
  https://image.tmdb.org/t/p/original/Ap70Jv6nsJ3RpNrK66CfcicBHTA.jpg
  https://image.tmdb.org/t/p/original/1KTTpt22QCdYkPmW7qcMsrEOA1D.jpg
  https://image.tmdb.org/t/p/original/bfMkoXy8d5HGBWPxOvCPRjtRZMF.jpg
  https://image.tmdb.org/t/p/original/yFWUnIdLuxEB00NXQDSjuzgH0fO.jpg
  https://image.tmdb.org/t/p/original/6qdusBmmCndnYs1jkf7BSUrIoBr.jpg
  https://image.tmdb.org/t/p/original/7jOjfOlM9hsZS6B930Oj10X56ib.jpg
  https://image.tmdb.org/t/p/original/fkb2SwmbXhjTCfqU82XmpH9VRAr.jpg
  https://image.tmdb.org/t/p/original/fPM9jZHZAIo0JI4iMLpm5pC4OLw.jpg
  https://image.tmdb.org/t/p/original/zioKUjPlD1aAg0jSdlZY4LNuJgP.jpg
  https://image.tmdb.org/t/p/original/lGdLsK976sbGRppdSHbQ5PbAMnb.jpg
  https://image.tmdb.org/t/p/original/1T0YWRHgxkRXLh78RgPBH7yGHqU.jpg
  https://image.tmdb.org/t/p/original/gdo6oKHUdUiNLscrXzx3LZ6QcWw.jpg
  https://image.tmdb.org/t/p/original/gx36DX1RLixLu6sBWgmdiDr7Rbb.jpg
  https://image.tmdb.org/t/p/original/6L8Eo6ZgBKz63ar5lB6esutDmCU.jpg
  https://image.tmdb.org/t/p/original/rct7HdAfPyvSqbr4H86b6z10tCE.jpg
  https://image.tmdb.org/t/p/original/jT6hhix5X8hFgFUrQBy91QwFSlE.jpg
  https://image.tmdb.org/t/p/original/ogn2abMeIel1UlLm8APU2U69Ydt.jpg
  https://image.tmdb.org/t/p/original/3CQX7KAtGFVfI4PiPRD93Uf3xzX.jpg
  https://image.tmdb.org/t/p/original/15SGNP9JUGCdKzResOuK07rmOxn.jpg
  https://image.tmdb.org/t/p/original/u2PufavhWhs598P66oYfmGSj6A4.jpg
  https://image.tmdb.org/t/p/original/78SsIp2vSCwsXWoOMTcIydMl0ur.jpg
  https://image.tmdb.org/t/p/original/wvvpXMNB1ocUF8ef5ENhOhcvvmc.jpg
  https://image.tmdb.org/t/p/original/nfDwAaCRwj5BLnkCitv0mgfjZAr.jpg
  https://image.tmdb.org/t/p/original/ykfBqIO1oDGZUXYXiUaKverf8Yx.jpg
  https://image.tmdb.org/t/p/original/cE8vbYMK0gMohkihSf4cuhvSZxQ.jpg
  https://image.tmdb.org/t/p/original/lruFqX4g7mHehdQnvjh5Kbnqzs2.jpg
  https://image.tmdb.org/t/p/original/xCy2rcQUb6MkPpNQrkJWewyquYG.jpg
  https://image.tmdb.org/t/p/original/qmp2FOUV0tPaYiRCFHtNUQ3QGOl.jpg
  https://image.tmdb.org/t/p/original/c8lJWsjbrZ0sEjHc7dGh1yOagRK.jpg
  https://image.tmdb.org/t/p/original/qne7HVQ3w9M1PQeM1c6o29o49QF.jpg
  https://image.tmdb.org/t/p/original/uzZWH9prPJ1dWXxh4uPWnYuSHae.jpg
  https://image.tmdb.org/t/p/original/oV6Mx8UgghmTj1nlBCe22jnOvw8.jpg
  https://image.tmdb.org/t/p/original/sdo0HIJT4uAQxAOZSLboQykjqKr.jpg
  https://image.tmdb.org/t/p/original/ae4jJukcGcFSsMwcVCEmO0E5loV.jpg
  https://image.tmdb.org/t/p/original/gmS4yo6qll2StU33dsFUIEeljFP.jpg
  https://image.tmdb.org/t/p/original/hsD8EshwbFjcfkqMut0yfN3g8FE.jpg
  https://image.tmdb.org/t/p/original/6fAJE6geADyUo93mUPr5WJO5BMn.jpg
  https://image.tmdb.org/t/p/original/6wCSjyfmSeuqTLostULUcTnEINQ.jpg
  https://image.tmdb.org/t/p/original/oBvINgU5r10WHvG6VSopCOlWtJP.jpg
  https://image.tmdb.org/t/p/original/j0NdTYuJzjp4gZ0bFrySZwbR7hr.jpg
  https://image.tmdb.org/t/p/original/i783kPzPYaYhxDJSp55JtY8Vitq.jpg
  https://image.tmdb.org/t/p/original/5rJG2YY0l9QNHs0zjDNnzTA3Zhw.jpg
  https://image.tmdb.org/t/p/original/prNdlYXDdVZX9lV37wDptkjqWJw.jpg
  https://image.tmdb.org/t/p/original/wgtkLBiVfF53GQO9xiMXZU6JjNj.jpg
  https://image.tmdb.org/t/p/original/4qkmbzRY6pAoP9fr2LN0rGSCdAC.jpg
  https://image.tmdb.org/t/p/original/5LH1ymFmwgqNhs05LMXhkGs2ykw.jpg
  https://image.tmdb.org/t/p/original/iuTPGVbrqtzlNwnyQ1kUuwdlLvF.jpg
  https://image.tmdb.org/t/p/original/8XMenmgsHECSE0shB8hEANPtHEj.jpg
  https://image.tmdb.org/t/p/original/bJwu7icSF4jTOu12uKy7jwmVBwf.jpg
  https://image.tmdb.org/t/p/original/cdhOToT53tXCDwDRreqAgyfQP3F.jpg
  https://image.tmdb.org/t/p/original/7yD7fzM1tMK13DhCHSyiUjH0dXD.jpg
  https://image.tmdb.org/t/p/original/wzWDLIdPTNfBgiUkqZuYfk91VXd.jpg
  https://image.tmdb.org/t/p/original/tny4sNR4wOWJHNLNXoh6LJgIDaD.jpg
  https://image.tmdb.org/t/p/original/o1Iy42Rij3efzUVzte2MMdwlYsp.jpg
  https://image.tmdb.org/t/p/original/dxLp1VgSNsRz6Akbb6B5JD3xJmP.jpg
  https://image.tmdb.org/t/p/original/moXcLKAFENMFNFdffBR2o0aiE1y.jpg
  https://image.tmdb.org/t/p/original/3ZwFrk4ZqE529jc0A7dfEu1Zhj8.jpg
  https://image.tmdb.org/t/p/original/cpFp6kh7EtY8EI9asyXQIzGinet.jpg
  https://image.tmdb.org/t/p/original/9bZNXfLGGxG4REnsMaX3WICGYho.jpg
  https://image.tmdb.org/t/p/original/gD4YaGHqMSRL2Q4FGuga4RHBPnE.jpg
  https://image.tmdb.org/t/p/original/nfbVDji2XXTnqSJljK8iu4qBGyi.jpg
  https://image.tmdb.org/t/p/original/yLerVkBUNYyNM7Ei1UMD5tYy99v.jpg
  https://image.tmdb.org/t/p/original/yybVkTsz80Lb2dtJCVcaeFS1mHm.jpg
  https://image.tmdb.org/t/p/original/md5If6zp1YuzLNeDp50nbBZd6g3.jpg
  https://image.tmdb.org/t/p/original/dVp0GO1cNlq0mRQjgy8OPGnaYt9.jpg
  https://image.tmdb.org/t/p/original/owj2Dkd6owI2Pt3RoqwMZaXzkwk.jpg
  https://image.tmdb.org/t/p/original/eNRmqEA1WnGm608zBAvy5KLDJb7.jpg
  https://image.tmdb.org/t/p/original/gUdUCztDNt2iHq6tNMv1C5OpiZB.jpg
  https://image.tmdb.org/t/p/original/gSZXcw0G7w5KyXyHgOuCh8rHiOa.jpg
  https://image.tmdb.org/t/p/original/AsCHLS7agpCGxFJI64v3LTFKqAy.jpg
  https://image.tmdb.org/t/p/original/wyLHCvDzGGoKfcTt1QnIAd6QLSC.jpg
  https://image.tmdb.org/t/p/original/uuftkUL68o6ASZ9JeXzQp5USeHQ.jpg
  https://image.tmdb.org/t/p/original/vdL7Y6iScajhf2hSBH6vmlQXmIj.jpg
  https://image.tmdb.org/t/p/original/tXRVjWjiPMEz9z0Y2bu0Nnuqjz7.jpg
  https://image.tmdb.org/t/p/original/797jpFusBNCwMqbRHrji2dm4jbk.jpg
  https://image.tmdb.org/t/p/original/o719VhBkeOklZhhMsvAAENRwIBH.jpg
  https://image.tmdb.org/t/p/original/d7fzNrIuoQ9WSLgme9UWKxVuTkQ.jpg
  https://image.tmdb.org/t/p/original/ezjmyOpebWzQ3p3cYdO6Z1y712l.jpg

Movie ID 155:
  https://image.tmdb.org/t/p/original/qJ2tW6WMUDux911r6m7haRef0WH.jpg
  https://image.tmdb.org/t/p/original/pyNXnq8QBWoK3b37RS6C3axwUOy.jpg
  https://image.tmdb.org/t/p/original/7IPCEr7ifdH5CtU97QG7XgAAtOp.jpg
  https://image.tmdb.org/t/p/original/xQPgyZOBhaz1GdCQIPf5A5VeFzO.jpg
  https://image.tmdb.org/t/p/original/8aQ048h92EvpPME4HsgEN4oJIxu.jpg
  https://image.tmdb.org/t/p/original/r3UKPGdQC5mPiA9bE9otM9CN4lW.jpg
  https://image.tmdb.org/t/p/original/xUX0sVHmukGTYLTyqmSF5hpktOU.jpg
  https://image.tmdb.org/t/p/original/8QDQExnfNFOtabLDKqfDQuHDsIg.jpg
  https://image.tmdb.org/t/p/original/hAf98uHIXMFzqNN5LX1vnouCShr.jpg
  https://image.tmdb.org/t/p/original/6pQMQQrnRWm2zweL5vWyyMHvAa6.jpg
  https://image.tmdb.org/t/p/original/9ICUbdveP56jRoMMVkXSOr3ceyV.jpg
  https://image.tmdb.org/t/p/original/f6dNinWX8rBM79JXKcShkfSh2oA.jpg
  https://image.tmdb.org/t/p/original/vGYJRor3pCyjbaCpJKC39MpJhIT.jpg
  https://image.tmdb.org/t/p/original/2Pf0Dtw6P9CWshK6GYVXmmq9NFS.jpg
  https://image.tmdb.org/t/p/original/pKKvCaL1TPTVtbI6EeliyND3api.jpg
  https://image.tmdb.org/t/p/original/25cE7rTmSWVoRbBWTqIHAcvCtlK.jpg
  https://image.tmdb.org/t/p/original/lvNjH1zyN1w3FYkO8ZZJsICKpgN.jpg
  https://image.tmdb.org/t/p/original/eP5NL7ZlGoW9tE9qnCdHpOLH1Ke.jpg
  https://image.tmdb.org/t/p/original/lch0ILTsm9uFqowVwVmIeRsMcdL.jpg
  https://image.tmdb.org/t/p/original/zGfUVhyIhnCb44VKiPiw7p7pdI4.jpg
  https://image.tmdb.org/t/p/original/m3N6ejIhoD160vgsOfRpBMguADg.jpg
  https://image.tmdb.org/t/p/original/gKMDmGde8aAD8M6dvm6j7wciSbJ.jpg
  https://image.tmdb.org/t/p/original/eMaH8xS0vXae1jm1Ry0S3yRBEhM.jpg
  https://image.tmdb.org/t/p/original/7EfSqviKvXwbiGhUjHyUBGVdoiW.jpg
  https://image.tmdb.org/t/p/original/8eJ1cTMyQHk9FOYk1TAyJLR4eDF.jpg
  https://image.tmdb.org/t/p/original/la1BpzspX6ZejdGFa4MRMhUAz2x.jpg
  https://image.tmdb.org/t/p/original/gHc2zbaIdc8l2e3aGCiIThgOQiz.jpg
  https://image.tmdb.org/t/p/original/z1DfRQf2CgnROyhVZ6ch8FbWt71.jpg
  https://image.tmdb.org/t/p/original/uOIdtyKs6Jk0kSnMRQsWpxBnGcC.jpg
  https://image.tmdb.org/t/p/original/nftQJb9550PtYFXhmTs7XiN0QhR.jpg
  https://image.tmdb.org/t/p/original/AabbWDWAwtxHxTJV3v8C9e67E2p.jpg
  https://image.tmdb.org/t/p/original/l2Nxri5wXgaVQgpOiztMHWHxIsR.jpg
  https://image.tmdb.org/t/p/original/4lj1ikfsSmMZNyfdi8R8Tv5tsgb.jpg
  https://image.tmdb.org/t/p/original/o4DT1wd7TNpvdX5WcGjfiC8dUsY.jpg
  https://image.tmdb.org/t/p/original/itmAEE92LNrIdsU5LEHoyksVaY.jpg
  https://image.tmdb.org/t/p/original/vnGhgRountnkFxNINS4cVBaFQJM.jpg
  https://image.tmdb.org/t/p/original/6lHRQMNz0L4tRLboJdkp27FbJGJ.jpg
  https://image.tmdb.org/t/p/original/jtnnhKIRzsKucai3hPtNTfY5qTe.jpg
  https://image.tmdb.org/t/p/original/2hSPwFKdtsmCDkjDHOEkKC1m9uY.jpg
  https://image.tmdb.org/t/p/original/aPtN76OjnNKLqCJ2FJBnQOIL031.jpg
  https://image.tmdb.org/t/p/original/tboYwCra6qFTkUoVsEUVJFaA2SB.jpg
  https://image.tmdb.org/t/p/original/hVJDZZ3qMLhA9OUfyuLdnXqJWeX.jpg
  https://image.tmdb.org/t/p/original/d5VQAlWuTuvk15MDwoKkHRUyNo4.jpg
  https://image.tmdb.org/t/p/original/8JWi7nyoDqYtijTJY2juvfPNfCy.jpg
  https://image.tmdb.org/t/p/original/rY1g9iuCHR9rCAsHx4IwJrbsAq7.jpg
  https://image.tmdb.org/t/p/original/24q5MaNY3gd5Lv83Ne7mUuZRB5l.jpg
  https://image.tmdb.org/t/p/original/4HkwsmXp3uzcrNIPlNEYo3hMbL8.jpg
  https://image.tmdb.org/t/p/original/tSIH3DTA4oFQDhPaJgHxxQZoqHh.jpg
  https://image.tmdb.org/t/p/original/8W0SjK3gNHG4cD2pZhcL4Rvgkc8.jpg
  https://image.tmdb.org/t/p/original/bIqPWFTrB15fna9010pLGfTiPuL.jpg
  https://image.tmdb.org/t/p/original/xxfdZxY1qergcOWYocOrAhNnqFz.jpg
  https://image.tmdb.org/t/p/original/j2aDrirI121LOg82NlmkjQk8a04.jpg
  https://image.tmdb.org/t/p/original/3KAtr9OX8Bq2FAvZtrjYcdUuBYp.jpg
  https://image.tmdb.org/t/p/original/wzJZ6tLRMwhStehrcjSyiVGnn3R.jpg
  https://image.tmdb.org/t/p/original/pGq8oYx466sSukN3LUv0httsxQa.jpg
  https://image.tmdb.org/t/p/original/31ASyBd8PV0GtxnhvyL4JEAB87v.jpg
  https://image.tmdb.org/t/p/original/qIhsgno1mjbzUbs4H6DaRjhskAR.jpg
  https://image.tmdb.org/t/p/original/pyL921P8MtNyuJMDBxE1AkN7V9k.jpg
  https://image.tmdb.org/t/p/original/1PEFfYM4PV80dDqqO7jkCBdjbZa.jpg
  https://image.tmdb.org/t/p/original/j10MzKeRM0LrfVgD6tHiO3OVOqU.jpg
  https://image.tmdb.org/t/p/original/sqj3UE4Rahv2NYFaxXYvXzqUz5L.jpg
  https://image.tmdb.org/t/p/original/uruzphNWfIo0MxygPDQ5dvlgEQh.jpg
  https://image.tmdb.org/t/p/original/vLFCrzI3V4kbze877tP1H7TqppL.jpg
  https://image.tmdb.org/t/p/original/4s74Ob1e11tLDVL5FbCmfcKHm64.jpg
  https://image.tmdb.org/t/p/original/fCVD6ZPR7XyxsXZPJWOIp2VgF32.jpg
  https://image.tmdb.org/t/p/original/1fCoidUsB2xGzbAJr502Hm7Y2Yg.jpg
  https://image.tmdb.org/t/p/original/A6LnuOLkxOsi9xicfzNege4fjWA.jpg
  https://image.tmdb.org/t/p/original/dxWaYQtgpLbycqUpHzkqqYkT5I3.jpg
  https://image.tmdb.org/t/p/original/5JSt5BraClSv0XgvDeTYM1FsFjG.jpg
  https://image.tmdb.org/t/p/original/i9D9jRDaPKM9GpmJdy0a2yDO0B3.jpg
  https://image.tmdb.org/t/p/original/1QF5OFkYCOMmCCMSr7vC5A6DE5s.jpg
  https://image.tmdb.org/t/p/original/shTcPSqtnQqddboWe5Mw7WAYxQh.jpg
  https://image.tmdb.org/t/p/original/dxabgTYgwysyXP25lgc6L70IJJj.jpg
  https://image.tmdb.org/t/p/original/xynOH3rrt2X4hSe1YQgYAkBXfy.jpg
  https://image.tmdb.org/t/p/original/jvvus5F1ZM4H0fEU7NwQGZ5HtOn.jpg
  https://image.tmdb.org/t/p/original/ZXMG5whzBKHg8zxbLzNjJhr50x.jpg
  https://image.tmdb.org/t/p/original/fdv5k1LxvXn5yIctOLZFlsBiepV.jpg
  https://image.tmdb.org/t/p/original/c1IdoIeIaPsDbWDI6BFzTpcJzO2.jpg
  https://image.tmdb.org/t/p/original/hVLgpOzK94gTuvOf7T0oDRZdxkX.jpg
  https://image.tmdb.org/t/p/original/1cx5SuzheLzu27U0WPk6O46Ezao.jpg
  https://image.tmdb.org/t/p/original/mDQJHj9T4Y77SRF496GgRKqlyQf.jpg
  https://image.tmdb.org/t/p/original/y8Ks471IB2r2daN4pdVFFpYbmoa.jpg
  https://image.tmdb.org/t/p/original/f9FwJSE3478OZTfcL9rr9LkAv02.jpg
  https://image.tmdb.org/t/p/original/z4XwvnDZSm40PCdg9vFJmo0W9ri.jpg
  https://image.tmdb.org/t/p/original/iGZX91hIqM9Uu0KGhd4MUaJ0Rtm.jpg
  https://image.tmdb.org/t/p/original/rqoWYzCuNdQewVfKw6H8dFfg4dd.jpg
  https://image.tmdb.org/t/p/original/ggax1nyhiGIwbq1Ynk0otH2sD6.jpg
  https://image.tmdb.org/t/p/original/30bVZPX7ZRkoOhh7hCXAoDomDgQ.jpg
  https://image.tmdb.org/t/p/original/5GTnnwpF1aj2kc91IogJHSn229K.jpg
  https://image.tmdb.org/t/p/original/8t7ceMgYm6dX0FA71yJ6UO0rNO.jpg
  https://image.tmdb.org/t/p/original/txSJ30aWZY9rDg9OuE2QpDJ7WwZ.jpg
  https://image.tmdb.org/t/p/original/yfY6QdlQ6QQczjUaazFdKTVrxDr.jpg
  https://image.tmdb.org/t/p/original/pdLAyRqMEnL6pzkVgYwMS0a3fEm.jpg
  https://image.tmdb.org/t/p/original/bqFQKVRAs4rVRBiiHDUHWJIbzTk.jpg
  https://image.tmdb.org/t/p/original/c94GEWkz12pYfg9fO1weiN1ibU4.jpg
  https://image.tmdb.org/t/p/original/oBreJ7Yn6mnyIT0hpLT9A2xCQAF.jpg
  https://image.tmdb.org/t/p/original/ykXsDSc3fBPladuH6wXk8heOh0k.jpg
  https://image.tmdb.org/t/p/original/cb40xMMCvRHQzpjR9zfWUR3E5Yy.jpg
  https://image.tmdb.org/t/p/original/aArYQMWP5R6PwlFpSSawLLpYEvy.jpg
  https://image.tmdb.org/t/p/original/r05GcDOai2tlc5hASixe6BB4zpj.jpg
  https://image.tmdb.org/t/p/original/cFfhGHjxv7sWjXS4uABHJi9mvzW.jpg
  https://image.tmdb.org/t/p/original/tAgldVsdvZQ9GZuFMifjtl7kMTn.jpg
  https://image.tmdb.org/t/p/original/rKyMQvIGjBe80zyytNLXvGomWlZ.jpg
  https://image.tmdb.org/t/p/original/fh0VioO7JZfM6p1mOEsA0YA2xXC.jpg
  https://image.tmdb.org/t/p/original/f4KUne3zM29fIq2Nnyn4e0j34mt.jpg
  https://image.tmdb.org/t/p/original/yjwJM3VcItwvkEDW6GklMrQNBhU.jpg
  https://image.tmdb.org/t/p/original/k6hExQBHOLPiGe0K5CBWrVaM3XK.jpg
  https://image.tmdb.org/t/p/original/csraeJmUm7GSXEoalvb83AFFq6W.jpg
  https://image.tmdb.org/t/p/original/plGiCQxuksbGT3ClQDMLlUufo9K.jpg
  https://image.tmdb.org/t/p/original/7MQT7G87WK7Y6ZeDB7c6mGRrzK9.jpg
  https://image.tmdb.org/t/p/original/paIt2d08ZhrwltpmhkQYZiJXYCP.jpg
  https://image.tmdb.org/t/p/original/z9Otej9dIEYuPH6teXXu2I8Oh6V.jpg
  https://image.tmdb.org/t/p/original/2Ka2nOtSlwuFlsHtrtfHKMIjldC.jpg
  https://image.tmdb.org/t/p/original/kMq65QVRSL6YWpN5WQwLbaQjV3P.jpg
  https://image.tmdb.org/t/p/original/Ak8vHeUtTuBhLLB48iC1o8JjRnc.jpg
  https://image.tmdb.org/t/p/original/6IOvN7okabMadYJOznljdYq3cGV.jpg
  https://image.tmdb.org/t/p/original/pacP7NdLG0F3EbOYd4CTvu1DB9x.jpg
  https://image.tmdb.org/t/p/original/r9BQs8VaMziqG2pVD7mcS3ORCWd.jpg
  https://image.tmdb.org/t/p/original/z2E98ETb6PZ99VMqIC7PUEAeYDA.jpg
  https://image.tmdb.org/t/p/original/tnM9lt8QD8PseK7ED65Yt0fIZMd.jpg
  https://image.tmdb.org/t/p/original/bRZRXgW3UTUV1a19qGpGhm6W5uE.jpg
  https://image.tmdb.org/t/p/original/oOv23H19CiK1F2MTzyx76q7dGwk.jpg
  https://image.tmdb.org/t/p/original/gN4qbFbuneR9CUXleYGQzomGUjW.jpg
  https://image.tmdb.org/t/p/original/axyvLjcRhH2IqFrPSdudJL5ohmh.jpg
  https://image.tmdb.org/t/p/original/cCCZ5lhbfvRvseWZHX8yOuSpRDJ.jpg
  https://image.tmdb.org/t/p/original/wltraa6BO2g7OowPmUKuTUvIjHk.jpg
  https://image.tmdb.org/t/p/original/jsvX5vNggD0ObzHDXp2uUwC2Chs.jpg
  https://image.tmdb.org/t/p/original/1M1Y77HhjJ5SgTc4IOdrkszi0nz.jpg
  https://image.tmdb.org/t/p/original/sWduQx8dRigTMPyfOGemMIg6pNu.jpg
  https://image.tmdb.org/t/p/original/hluxFUpyRGQI3ytbzU5GGQXlZ1N.jpg
  https://image.tmdb.org/t/p/original/vCwvl9yn0c5XlVKOcNGATTM2xaS.jpg
  https://image.tmdb.org/t/p/original/8opzOf8zHzckKBgoVb6bz26jq0A.jpg
  https://image.tmdb.org/t/p/original/5KAPr8iBkqCDOsWSHHDFhA33Qdm.jpg
  https://image.tmdb.org/t/p/original/eC3EDsKJwv7RtWhG2aQai6d9jw5.jpg
  https://image.tmdb.org/t/p/original/3HzgX4vmvSKVhEYKMKfIGySPLXM.jpg
  https://image.tmdb.org/t/p/original/e1nMtpUTtaJGXbeZZ2ajaIOyTgU.jpg
  https://image.tmdb.org/t/p/original/8E6MS99JaEZ9mNYZUupTe2nTeKY.jpg
  https://image.tmdb.org/t/p/original/pV8U6MAtQBKcjcbq8zesh4Uhe6q.jpg
  https://image.tmdb.org/t/p/original/qW85opMaI2Ln5Ea3KxBpeg6qjLG.jpg
  https://image.tmdb.org/t/p/original/6ZQsIxobvm7Z0yrtS9NSeRMxuFv.jpg
  https://image.tmdb.org/t/p/original/An3B1Vh3vEHJN1LZh8GwkbRmRn9.jpg
  https://image.tmdb.org/t/p/original/9lPoG7vJOk3GRDIRC4rZyDVOGWE.jpg
  https://image.tmdb.org/t/p/original/jDxcL8SYCgLHh1a1kiT1kA8y4A5.jpg
  https://image.tmdb.org/t/p/original/zq8epazaprZpsI1HsqsBAHWHOBm.jpg
  https://image.tmdb.org/t/p/original/noYJ2sbKQE5384I9kB4h0k2YTlG.jpg
  https://image.tmdb.org/t/p/original/utDBwHoh6lqBgNEwDlm5i40COYQ.jpg
  https://image.tmdb.org/t/p/original/3Z5y3P6CLweBgXazo5V2iebq28H.jpg
  https://image.tmdb.org/t/p/original/ghxS6itn1mGzejZb0SYiTo2SOMR.jpg
  https://image.tmdb.org/t/p/original/qxBQaS8bxhARdZu0feQO7dZPUIw.jpg
  https://image.tmdb.org/t/p/original/dQ7saTbB4h7hPpAMPkCj7lPaSAQ.jpg
  https://image.tmdb.org/t/p/original/aabgm6CLRVUZ3EgnDYIBDD9RjH0.jpg
  https://image.tmdb.org/t/p/original/nZfPDfwBX4cLulKTIitPLsjobXd.jpg
  https://image.tmdb.org/t/p/original/suA9dX1bvn528mDAiSHVzMgXpVr.jpg
  https://image.tmdb.org/t/p/original/o8i8EDSWiwzTIiaMgyPnESKYIVd.jpg
  https://image.tmdb.org/t/p/original/hZUSv4mCne1DP05ihoVDoh8Dg0W.jpg
  https://image.tmdb.org/t/p/original/cswulqzPjSEaFF58pzOmiYpUfjq.jpg
  https://image.tmdb.org/t/p/original/eWbIUAJchJjhkfncbKrmtUPCUrO.jpg
  https://image.tmdb.org/t/p/original/9pwp1Maj4c1lRl4QkyXEaktA22g.jpg
  https://image.tmdb.org/t/p/original/bTOmCkefIK8YNhQNe3IOSueYGNZ.jpg
  https://image.tmdb.org/t/p/original/4Vv2UznWz86TY64m7KWO7yhVT5A.jpg
  https://image.tmdb.org/t/p/original/taZARyNlDUDw2qhDVqz2LpE8sy7.jpg
  https://image.tmdb.org/t/p/original/zKw1XjlUrg6SThnelftIV4g0wUF.jpg
  https://image.tmdb.org/t/p/original/u8InfsF7vwXyoSH8rgfDZYQzv3n.jpg
  https://image.tmdb.org/t/p/original/pJAKIBOvsCc9dBhDDgIRGQGULRR.jpg
  https://image.tmdb.org/t/p/original/a1UL3FTJDgQikYIebnMDhTPFVfm.jpg
  https://image.tmdb.org/t/p/original/967Swdyk4pvSz3n4CpGBJiGVQFr.jpg
  https://image.tmdb.org/t/p/original/m393i9D8M70Wu8Pc2bLOEILfIcn.jpg
  https://image.tmdb.org/t/p/original/sjv42EQebn1nbKGx7vOquhfi5KO.jpg
  https://image.tmdb.org/t/p/original/11Zx6SodSThTbMEVoQtxt11lckL.jpg
  https://image.tmdb.org/t/p/original/t63vUEzIPnZXa5JYFFIK499O6Mr.jpg
  https://image.tmdb.org/t/p/original/bwQPehOhS14ePNRF4EBmN1GqSB1.jpg
  https://image.tmdb.org/t/p/original/8X41aAuDesg3ZUbxwoiYEIlkFUI.jpg
  https://image.tmdb.org/t/p/original/kaNc6kCjNMZx7kH7j7uXn4WQN8b.jpg
  https://image.tmdb.org/t/p/original/vV2SS4fSc5qlvqHAB43t3A0mzOw.jpg
  https://image.tmdb.org/t/p/original/2QeXdLNwrD5SufAWhszm4VzpwV6.jpg
  https://image.tmdb.org/t/p/original/j0NNGfcbrYRKO8szyrJj4E2h03y.jpg
  https://image.tmdb.org/t/p/original/bl3k5MKSmayH4bDAOWhESa9lFfi.jpg
  https://image.tmdb.org/t/p/original/ix8teqIt5kn6vJQQF5PukRaJGj4.jpg
  https://image.tmdb.org/t/p/original/gloStgr5JUbEYHX4tMJrvTfkGUq.jpg
  https://image.tmdb.org/t/p/original/cqjHJ7jQ0RDJCNZglISv1HDcpEr.jpg
  https://image.tmdb.org/t/p/original/xsWMuavHCm08R0NxmTff1g5Q9OU.jpg
  https://image.tmdb.org/t/p/original/btIXVwMUHTlSq1XiEafPn1LSw6p.jpg
  https://image.tmdb.org/t/p/original/kX7H27dYIHXt5UhPys64oEC0q5u.jpg
  https://image.tmdb.org/t/p/original/nJO79lEYO9Ldz2Zjq0OJ1IGP941.jpg
  https://image.tmdb.org/t/p/original/8zdR3dg39eU01sTnmoTO7aT4ZYa.jpg
  https://image.tmdb.org/t/p/original/fHPoD68rQTXoZKrbJJHybNBhSua.jpg
  https://image.tmdb.org/t/p/original/mXk8wKwZRt5lvOdH7u09ezzvF2x.jpg
  https://image.tmdb.org/t/p/original/mjvOkA90fPr4x4DPD6UzRrPm5Xy.jpg
  https://image.tmdb.org/t/p/original/e3oTC5inOgV8g1YJ5iTO6cBLTOs.jpg
  https://image.tmdb.org/t/p/original/l9AGtRDGWhYtxDTRpTdEfuFBbxp.jpg
  https://image.tmdb.org/t/p/original/4kJFMym1gc7jwXygpPmbTIn4eh5.jpg
  https://image.tmdb.org/t/p/original/l1S4fuRKs8vfk7u7GcicjQL4fri.jpg
  https://image.tmdb.org/t/p/original/DDGKO4XgVoKs2ot4c2eKHQyHyq.jpg
  https://image.tmdb.org/t/p/original/ak2djOZJRydQkTrLFXsl5mGcP5k.jpg
  https://image.tmdb.org/t/p/original/7HkYFYhFE86bFjOPP05UjTbwUeF.jpg
  https://image.tmdb.org/t/p/original/peEkxblh4NDDyEq5rJ1JdSiwvTO.jpg
  https://image.tmdb.org/t/p/original/yURzAu0FWDDNHZOiWToWKr22HHX.jpg
  https://image.tmdb.org/t/p/original/szLsNqOY6baIaV1jZCu4lvWOyJm.jpg
  https://image.tmdb.org/t/p/original/5OpSMzCzvlxLDXhrmMzxKJUch9H.jpg
  https://image.tmdb.org/t/p/original/kf3S0swYt9PBYze5kBXlrwKB4hs.jpg
  https://image.tmdb.org/t/p/original/maJsoySBDv3chR0yeRfIiJO9gMN.jpg
  https://image.tmdb.org/t/p/original/zaJD1Me5AfjsxVnAqr8FS0xDHom.jpg
  https://image.tmdb.org/t/p/original/5m0FpBJzI8C0OaBDDnQEWo98QfB.jpg
  https://image.tmdb.org/t/p/original/2PW2nW96tQon28q9sJa5YGNkool.jpg
  https://image.tmdb.org/t/p/original/vxNvglrkzZzdIiL1osdZQwk2DOp.jpg
  https://image.tmdb.org/t/p/original/4K5BLhu87Jf6n7ACWSNwcJy73MG.jpg
  https://image.tmdb.org/t/p/original/hbpNQEeYiD0i5w8NoKNMELg1gs8.jpg
  https://image.tmdb.org/t/p/original/qiMfXM9wqHrRP9TxYOfVxImrder.jpg
  https://image.tmdb.org/t/p/original/vPlg91RfIRfWeCNNI1rtyxRIcAw.jpg
  https://image.tmdb.org/t/p/original/9ORjtH8yql4WClAsl0He79O3MmN.jpg
  https://image.tmdb.org/t/p/original/d6sfqP7V3Z934F7WyI1ucSnKnng.jpg
  https://image.tmdb.org/t/p/original/ntj4qljD8Ki5a6H5rSHrPxRnTzb.jpg
  https://image.tmdb.org/t/p/original/4p3DfD1uj8mcNJ3AzoVMGslxvHy.jpg
  https://image.tmdb.org/t/p/original/7iggTccG0oZhLdgnFvBWvUKMp4d.jpg
  https://image.tmdb.org/t/p/original/6Z9znq1IxwknrdPbXyr7NJJPhpP.jpg
  https://image.tmdb.org/t/p/original/kTzY2df2WlYqf6jv1cD0zJ7K2Oc.jpg
  https://image.tmdb.org/t/p/original/6xjWrC0l40t4vFi8gbF7snXwKeQ.jpg
  https://image.tmdb.org/t/p/original/vjBxyBbYpA4z5Iq1b7A4CB9hyJ8.jpg
  https://image.tmdb.org/t/p/original/lKgmemulDiSCB1lU7LlL1LjdCJs.jpg
  https://image.tmdb.org/t/p/original/jIc1IFQdwgbrLxAljMalmMED3Ym.jpg
  https://image.tmdb.org/t/p/original/hrL5GpVNuGbcBWNfVVXRKErKU0O.jpg
  https://image.tmdb.org/t/p/original/avJEkFjSS1o85YXnGQILQPgGv79.jpg
  https://image.tmdb.org/t/p/original/jbzKedFBcniaAYfjd9BdvcLG1gq.jpg
  https://image.tmdb.org/t/p/original/jIsnJGjTHx7Y4BXlD0W0HiPe42m.jpg
  https://image.tmdb.org/t/p/original/xnibtscCTlTy58UsLILUDgJcCE8.jpg
  https://image.tmdb.org/t/p/original/lxUELrmXCS4W7cZlo1O8DVXoV9G.jpg
  https://image.tmdb.org/t/p/original/jp6NqrpJYg5FciGPvhjMiF7Fk2H.jpg
  https://image.tmdb.org/t/p/original/kpTPDAeYzYSynRgbFNVsxsED1rg.jpg
  https://image.tmdb.org/t/p/original/b1qw4UUFwiCFMLtjSgoEkP4pokl.jpg
  https://image.tmdb.org/t/p/original/iCfSmjV9K9ucgetp52GzniYnQkj.jpg
  https://image.tmdb.org/t/p/original/vd40ebhLSNESPH8mjGld0gUJ9uE.jpg
  https://image.tmdb.org/t/p/original/qKa04qTJRPZ7SmCwwi9JNw6F7A3.jpg
  https://image.tmdb.org/t/p/original/skRiu7FQcLxTo76N8AzpBMQdH0E.jpg
  https://image.tmdb.org/t/p/original/jZ6Ex4zzzo8Tj1bGERCxTeABuus.jpg
  https://image.tmdb.org/t/p/original/dGRM6L2aOK7KyIENE3fqrvkcyMh.jpg
  https://image.tmdb.org/t/p/original/e5T7j76vrsrUSvuzqbH3nyOEbvu.jpg
  https://image.tmdb.org/t/p/original/jdmgxHbWmPKFEFFnJEybY7Wpd07.jpg
  https://image.tmdb.org/t/p/original/9bXdD1aRrBumdpbqFg6JWz7jwp8.jpg
  https://image.tmdb.org/t/p/original/pc6fxxvijaYcOlGMaIhOhWq7Sir.jpg
  https://image.tmdb.org/t/p/original/tvTevQz8UeZmhORUeepHKDxTyGT.jpg
  https://image.tmdb.org/t/p/original/fFYxgZXqFR6rBhztSAOVM8Yi1l4.jpg
  https://image.tmdb.org/t/p/original/ypZRSAuzop1X2lXsbPgEq5cmrNv.jpg
  https://image.tmdb.org/t/p/original/xpVviGi2lheMTEoZan9n1ceuFZK.jpg
  https://image.tmdb.org/t/p/original/kj3wym5DCBezEn30ps610Dfunwh.jpg
  https://image.tmdb.org/t/p/original/3bSNQ3RRM90wSbFyGANVetEV7Hx.jpg
  https://image.tmdb.org/t/p/original/c8bHXU3gcGIKjuX24ivUaFomH39.jpg
  https://image.tmdb.org/t/p/original/8qxNpqvSnwDwolKBdk6V5bJJmXE.jpg
  https://image.tmdb.org/t/p/original/a8U8hUD921m4ACjzHdGnD33u0A2.jpg
  https://image.tmdb.org/t/p/original/bUszNw53IgBr7xT1LNVFFKVnAJb.jpg
  https://image.tmdb.org/t/p/original/qz2O6nPwapLLYDHjzsUtew6oxmE.jpg
  https://image.tmdb.org/t/p/original/qEZWbeN4z5Ir323P71Aq2biQLvA.jpg
  https://image.tmdb.org/t/p/original/u0ubRJ4iNmWb2IHwlRkawjQoA37.jpg
  https://image.tmdb.org/t/p/original/ZgO0vCsHiAk4yXwhyObE1T9aAd.jpg
  https://image.tmdb.org/t/p/original/z8Hv7Dq59dRBHpUx3pRHuaux4Kv.jpg
  https://image.tmdb.org/t/p/original/ih7Ov6it3PNZHuDDOday9Y6WFtJ.jpg
  https://image.tmdb.org/t/p/original/fH72U2ZOdr5eM8mK0kGs9FwqwUQ.jpg
  https://image.tmdb.org/t/p/original/AqAwKCPQYHSU0LTL1ik7NnRFpTk.jpg
  https://image.tmdb.org/t/p/original/bWXsl8ulq1oYXkluNqaGBbBKZcD.jpg
  https://image.tmdb.org/t/p/original/xGSOgu01djJmKGAiWgeqIfpYvs4.jpg
  https://image.tmdb.org/t/p/original/mviNScU9ttaN6l40FxIRsVUYrG7.jpg
  https://image.tmdb.org/t/p/original/vAaDOu4zDFY8YslRb1nRU7Hkv7w.jpg
  https://image.tmdb.org/t/p/original/ugmofFlmZzmoVXWe1SyJVIkWUoK.jpg
  https://image.tmdb.org/t/p/original/54WAzARB0rTp5L7gvCcfZ49AgkX.jpg
  https://image.tmdb.org/t/p/original/mh2y85EAtgK4e58BuaOmeWb7Npm.jpg
  https://image.tmdb.org/t/p/original/hJJPOAOkJuApOy7YaprKI1pDjVJ.jpg
  https://image.tmdb.org/t/p/original/ubMS2OJZIiLkoRIKzhJ6dqK7wDf.jpg
  https://image.tmdb.org/t/p/original/nu7BQLtbEk4HOmxKMAM6R1Juc6b.jpg
  https://image.tmdb.org/t/p/original/ePbW2YviPYKrUBhkfkAQFcM4Udh.jpg
  https://image.tmdb.org/t/p/original/tUd06mfl0gLqBYlnrEceA2DtAhP.jpg
  https://image.tmdb.org/t/p/original/nHXw46UOHd9JYo1eWGehTUeXaEp.jpg
  https://image.tmdb.org/t/p/original/r1icydF4fhb9CVSazchVH0q0BAb.jpg
  https://image.tmdb.org/t/p/original/idoczmOzAxptcULj8IF9cwsCLi0.jpg
  https://image.tmdb.org/t/p/original/4CG3DuHhmxXrK9yixz6ytdtKz8A.jpg
  https://image.tmdb.org/t/p/original/t7Y5sxSpWQiuve5RDdbU2HTdJCO.jpg
  https://image.tmdb.org/t/p/original/jpSzku90fDnRTRVo7k7bsRc7KNx.jpg
  https://image.tmdb.org/t/p/original/z209SLnnLuOob7IVOnoeK8kKHJm.jpg
  https://image.tmdb.org/t/p/original/x9I3i2j3WuGR83liutH6ibYhEul.jpg

Movie ID 374720:
  https://image.tmdb.org/t/p/original/b4Oe15CGLL61Ped0RAS9JpqdmCt.jpg
  https://image.tmdb.org/t/p/original/1VOKlC35yrwVKlfBSN52NY4zoF2.jpg
  https://image.tmdb.org/t/p/original/y8nvZPcNzuAIjWjplDiPeS4WZ6c.jpg
  https://image.tmdb.org/t/p/original/8TbAQlEpRG2EQsjMNR76IYGNuki.jpg
  https://image.tmdb.org/t/p/original/79mvAsULqtLpQvg5zYxgkK1Yohu.jpg
  https://image.tmdb.org/t/p/original/ebSnODDg9lbsMIaWg2uAbjn7TO5.jpg
  https://image.tmdb.org/t/p/original/zx87sFGLXZdrSF4B9WPhwjaKuQP.jpg
  https://image.tmdb.org/t/p/original/kO6ewhlh7OIGRRbHwylDafEM1QG.jpg
  https://image.tmdb.org/t/p/original/53qrLADLqLsGoLVGaAkpe6The0K.jpg
  https://image.tmdb.org/t/p/original/cUqEgoP6kj8ykfNjJx3Tl5zHCcN.jpg
  https://image.tmdb.org/t/p/original/jkFghrF0sHmL2aPwS8fpUINOzo6.jpg
  https://image.tmdb.org/t/p/original/3ldmcbmoQ6A9dUwphrwWxXIYQZM.jpg
  https://image.tmdb.org/t/p/original/maCv5pCoqp8mwWIxZmejzH5aCS4.jpg
  https://image.tmdb.org/t/p/original/4nk6rKWPFafh8XEOsWEL1iuqeBR.jpg
  https://image.tmdb.org/t/p/original/iz7bV07QjC7Ero4msP5c9usJ3Az.jpg
  https://image.tmdb.org/t/p/original/sInkpq76Q9L3JOEXEOVEQeJTjGl.jpg
  https://image.tmdb.org/t/p/original/ruayowvFykAbSJr5cVNRb14KXZt.jpg
  https://image.tmdb.org/t/p/original/k6zHXaXXBSHyExTWxk6N2dtkh4a.jpg
  https://image.tmdb.org/t/p/original/zPRomhANBqtY8XSb9y4f2o5nHzp.jpg
  https://image.tmdb.org/t/p/original/pEuitXhT6LEMOZuEvB6ecAaVa1m.jpg
  https://image.tmdb.org/t/p/original/477Y0JBPosetXaAq3F4JKS5cJOT.jpg
  https://image.tmdb.org/t/p/original/iwvcIamoONxy9yB2td7yjRcbTQ2.jpg
  https://image.tmdb.org/t/p/original/cvyJDi3hP4G8knqNSmodfnJW4Wk.jpg
  https://image.tmdb.org/t/p/original/jJ1H0mjM9qQTv5V52RdlKvOIWMF.jpg
  https://image.tmdb.org/t/p/original/aWPRZvXOo5MmdzXwVNqnPf4uOxm.jpg
  https://image.tmdb.org/t/p/original/vvabU7mZkohtB2yeEcVV6PcE71C.jpg
  https://image.tmdb.org/t/p/original/zzHmycY21doYxLt2bDnhFr8xLo6.jpg
  https://image.tmdb.org/t/p/original/spqqZhj0r8VM62hLrv3DwHyyG8E.jpg
  https://image.tmdb.org/t/p/original/wMGrlJ8TGuB77jcLISUWiVlG1vY.jpg
  https://image.tmdb.org/t/p/original/p3HyZzJYgw35OJj06OnojkAIjdg.jpg
  https://image.tmdb.org/t/p/original/70xsVAZUhkQT5KwwhZuRR2oWdgW.jpg
  https://image.tmdb.org/t/p/original/flJJvMBIlrSBHGJ0SPpTAJG4dBu.jpg
  https://image.tmdb.org/t/p/original/6y2QG3GHEEeC3UbZZ1TcPweynrE.jpg
  https://image.tmdb.org/t/p/original/xpfKj7Yb0mi3PmEvBr4GwtTcENC.jpg
  https://image.tmdb.org/t/p/original/7InJWhJQw050sVHrMJ4rASVTFCx.jpg
  https://image.tmdb.org/t/p/original/mXJOgvCZm4PJ9I4zEbAH3CVCjfa.jpg
  https://image.tmdb.org/t/p/original/4dJ7NqZgQQKslTciyqIJeEWhvCN.jpg
  https://image.tmdb.org/t/p/original/6NsGfc0hLKOeIZ9qx7sP8Tk3GCA.jpg
  https://image.tmdb.org/t/p/original/dZ9psWr9nHTKQH5pOIj6Ha9i52G.jpg
  https://image.tmdb.org/t/p/original/nLQpUxLulXpIvN7FwREWjRNRBRI.jpg
  https://image.tmdb.org/t/p/original/to21T9dJtVoHDQbhHTpcugx7cgf.jpg
  https://image.tmdb.org/t/p/original/9hdPgGGfV4RoKaw8RwM8fOZFQv9.jpg
  https://image.tmdb.org/t/p/original/aWcvjX8wKCqgaz1XwUS39BYWWW1.jpg
  https://image.tmdb.org/t/p/original/6vOgfGYRDFRpDZp517N1TtrOeQT.jpg
  https://image.tmdb.org/t/p/original/rQ9fmBK3sOJbiOE72MhyGs3nyhG.jpg
  https://image.tmdb.org/t/p/original/fTHMbJeKYfaka3GnMHNbrfvhjJf.jpg
  https://image.tmdb.org/t/p/original/8tczQoQpA4Chjg72NZmajGwY3J3.jpg
  https://image.tmdb.org/t/p/original/vBw02gViFMiuhmQBDXALhxDCoDs.jpg
  https://image.tmdb.org/t/p/original/cCH4jLoZCklH3rgqnvatjR7Q1AL.jpg
  https://image.tmdb.org/t/p/original/ppqNQckAPwjVisCg5VPpdUBHxxb.jpg
  https://image.tmdb.org/t/p/original/l7sMTjCVqchwVAz6Kupm1bC62eP.jpg
  https://image.tmdb.org/t/p/original/m3xR365ajZrTN5vm2xf91L1zplv.jpg
  https://image.tmdb.org/t/p/original/1G0TvoahrRObVX4VSq8UhHzqhid.jpg
  https://image.tmdb.org/t/p/original/2HG3jCpmgw2eFCnjYosttnCtJSJ.jpg
  https://image.tmdb.org/t/p/original/a0FWEv2NXw8zCgdCYAcI3x1M2iB.jpg
  https://image.tmdb.org/t/p/original/lsJ6fO8rXfTr5tcJHmJomru9SS5.jpg
  https://image.tmdb.org/t/p/original/e6yYRoEz4WoHIwcCaRTcQrAmaKG.jpg
  https://image.tmdb.org/t/p/original/ii5CQ1ajuyvZlC60Q2rLFJT13UV.jpg
  https://image.tmdb.org/t/p/original/pcVC6wvEVodaUxkTsUkXlgVrXHF.jpg
  https://image.tmdb.org/t/p/original/8z17OrgHGepjgyKvxIX9w5i1cBm.jpg
  https://image.tmdb.org/t/p/original/Y9KbriUET6fnsofAOvwDnXonI9.jpg
  https://image.tmdb.org/t/p/original/1zvQOnISwPx0jACHEqUa93WP1yF.jpg
  https://image.tmdb.org/t/p/original/t1LPjG9KNQQSX156XtXPxn8vIm2.jpg
  https://image.tmdb.org/t/p/original/iWzrUYxUfnpmLbm0rwyGKuFwpTO.jpg
  https://image.tmdb.org/t/p/original/QKPYFn2IS1t2neqv6hkFfAhQCc.jpg
  https://image.tmdb.org/t/p/original/r8GRroYelxUID8dOxcyeNKKol6W.jpg
  https://image.tmdb.org/t/p/original/jSwp3rByt0iG3LwZbrMlw40wvZP.jpg
  https://image.tmdb.org/t/p/original/71bgUB7aDOX2c0KdItL7nHS5V7Z.jpg
  https://image.tmdb.org/t/p/original/3lc06ptVbouEaZyjdHfCzmIm6v7.jpg
  https://image.tmdb.org/t/p/original/m72FNxY3or8guz8fQeR6k8rhqIm.jpg
  https://image.tmdb.org/t/p/original/sC8ci4k90aeUw7Yfd3HBlQIWBMw.jpg
  https://image.tmdb.org/t/p/original/6mmR4jIx4lbcAlMq5jUwoxQBUNl.jpg
  https://image.tmdb.org/t/p/original/zHqzQyu6AyAZ0JCVaYmLQGfGduQ.jpg
  https://image.tmdb.org/t/p/original/4Nw3VyTcZGgk58cJxf5BJGdBU7.jpg
  https://image.tmdb.org/t/p/original/uHBAkhW91dSHjmvm3NaVGszDGwM.jpg
  https://image.tmdb.org/t/p/original/fC17drcQkvLoSfFssEtu0nEH3Cs.jpg
  https://image.tmdb.org/t/p/original/3ZEJQbwgwr1FTEMm7gWMkTgwsZe.jpg
  https://image.tmdb.org/t/p/original/ae18mE3HWOnuiCtT0Bu1REsm2wl.jpg
  https://image.tmdb.org/t/p/original/jmtTd2RLeIK1JXYhZ9EW2Byj8i9.jpg
  https://image.tmdb.org/t/p/original/3o4u2TkjiwsmdAXEz3o88MahEYR.jpg
  https://image.tmdb.org/t/p/original/jyPX1leD6XBsb0tPZdJTgugQys.jpg
  https://image.tmdb.org/t/p/original/28E0FUJRSnYjtD4Il4KbatjJ4OA.jpg
  https://image.tmdb.org/t/p/original/67lqg9Z51ziICL5W0UkqqRWmVMS.jpg
  https://image.tmdb.org/t/p/original/z8yFLxSTrKsVl0LnKkRp7m5jHGW.jpg
  https://image.tmdb.org/t/p/original/yAznDPQlypuw3xuPzB8mwZ7thOF.jpg
  https://image.tmdb.org/t/p/original/wHK0yX54svEWqlLNVMjoHcXXijq.jpg
  https://image.tmdb.org/t/p/original/za5q8ZKtUj3lGazCnPEDbhcp7Q4.jpg
  https://image.tmdb.org/t/p/original/jX2GDUad2rHelr5la31MmwiL06T.jpg
  https://image.tmdb.org/t/p/original/ltbTYAXBohdIHqC72RxthWWMR8S.jpg
  https://image.tmdb.org/t/p/original/eD87eLlEBnu7YVq1mml7Ta6vraI.jpg
  https://image.tmdb.org/t/p/original/dhSlbHJU9qGruyPmupchkDV41kc.jpg
  https://image.tmdb.org/t/p/original/nGtEd7mQ12lJyeSvj6rQSzy8sG5.jpg
  https://image.tmdb.org/t/p/original/6OXM4vZiHI38tdzNl0eZBcnJ6Py.jpg
  https://image.tmdb.org/t/p/original/qgISWc2owsFwQs65h45FyTpecfr.jpg
  https://image.tmdb.org/t/p/original/eHpGqOrkKcxOsjqTVU9XiRA9lBu.jpg
  https://image.tmdb.org/t/p/original/2FaEoBZkjkmeocMpRrsB4C36JZ9.jpg
  https://image.tmdb.org/t/p/original/mtXqM8rjL9rwAs4V0LxKpkZ1ca1.jpg
  https://image.tmdb.org/t/p/original/xWeehULdRScOlKQjvGHacs3T9F9.jpg
  https://image.tmdb.org/t/p/original/zsR6BLC3bqBpXnOVO8GAcltK5v5.jpg
  https://image.tmdb.org/t/p/original/bP7sTFJSRKdO1PqRXBkdr7QJG5c.jpg
  https://image.tmdb.org/t/p/original/5YRk65QJV3oWTO0pzvMhUwHM3H8.jpg
  https://image.tmdb.org/t/p/original/wgbLSRE4hx2E2u4KC05dLejglvZ.jpg
  https://image.tmdb.org/t/p/original/4oBdVk1ndVAyU9vieLMQDjTR0Ja.jpg
  https://image.tmdb.org/t/p/original/uvp9JwfkHAfY98IKCVyW3wn50R5.jpg
  https://image.tmdb.org/t/p/original/hfPZSSOL9Lx8B5iSDob9ZzrWKmG.jpg
  https://image.tmdb.org/t/p/original/rirlZ4Glx1IdtCnwGmax6t65KmE.jpg
  https://image.tmdb.org/t/p/original/li2TmtEDnl9YiKu0EabKZ3UN2OD.jpg
  https://image.tmdb.org/t/p/original/qqe7SdnqKdyuZ4txNo7UzszU8RR.jpg
  https://image.tmdb.org/t/p/original/koF819pZLTVJDKnXTbAjsCWByCj.jpg
  https://image.tmdb.org/t/p/original/b8nDCzjLwOOK84QQ8IOBSXKVYmH.jpg
  https://image.tmdb.org/t/p/original/AkEkRv6yGDKxtPaO5cta6svr8em.jpg
  https://image.tmdb.org/t/p/original/6vbOiVLl6yzDrcmX5tziUY337O.jpg
  https://image.tmdb.org/t/p/original/7G1swFcaEE5IOC1c9vhmsNwAnBn.jpg
  https://image.tmdb.org/t/p/original/tCrBCNzwvFpbOzpakrIzE7urv1h.jpg
  https://image.tmdb.org/t/p/original/jBMxV0Ufzn5zhhavrwmcwUPTQo1.jpg
  https://image.tmdb.org/t/p/original/emdQj6jFZ5KmoVR6z3GzPlUEAPR.jpg
  https://image.tmdb.org/t/p/original/kO2XxxuY0zHv9Xzi75tbb0tH0qq.jpg
  https://image.tmdb.org/t/p/original/bcukXXsDE6E1uwN9uT2a7o0IkJ3.jpg
  https://image.tmdb.org/t/p/original/820AaUpKmLqc7KJePkPUf0xWmZT.jpg
  https://image.tmdb.org/t/p/original/irV3zgU4sxBLiZsRaJkUsFTIWiu.jpg
  https://image.tmdb.org/t/p/original/ibsAJmQFKIGD5045jHCtUjZoG5V.jpg
  https://image.tmdb.org/t/p/original/cqUG42ME8SPfrCIBftZCTy0dIvx.jpg
  https://image.tmdb.org/t/p/original/4VFkZEUnqwYYiWIoweufYEH67lE.jpg
  https://image.tmdb.org/t/p/original/6LPkJO0phMVbuNld3jzLgoQcaYI.jpg
  https://image.tmdb.org/t/p/original/iUw4Qp5EwnLRihy5V7vGBohdwo3.jpg
  https://image.tmdb.org/t/p/original/mJgVk2lvmvZtwQwfq7H71fs1xVQ.jpg
  https://image.tmdb.org/t/p/original/dQ7pAZt4vpYA04dHpOOqYfhADuS.jpg
  https://image.tmdb.org/t/p/original/8TjRK4ltj94BIq6d5N3aUPJSnrB.jpg
  https://image.tmdb.org/t/p/original/8fVpaUhCszes7r9EPtQLIvhBJfw.jpg
  https://image.tmdb.org/t/p/original/6nVrUvOygBS8hS4RWClRKYhkN0a.jpg
  https://image.tmdb.org/t/p/original/j21lDOxiJBOoW8ApfVvilSow0GY.jpg
  https://image.tmdb.org/t/p/original/fMQnPpFFWzDwib7ezN9y4Ip55T6.jpg
  https://image.tmdb.org/t/p/original/juA2jvjQEe0AkbimYetnOPfVtMA.jpg
  https://image.tmdb.org/t/p/original/xhwhLhMgaucxgPzQecfaM2JDIRo.jpg
  https://image.tmdb.org/t/p/original/4EuzSiNeAXrrOXvy9spa6U6oU3J.jpg
  https://image.tmdb.org/t/p/original/rkydrPu5ozwuubWUxyGM0wBd7Zf.jpg
  https://image.tmdb.org/t/p/original/adGWCFQtxYrzJDbVfsXqJd6An1f.jpg
  https://image.tmdb.org/t/p/original/iVLaWEt8lVm8DaWb2yFX0gZzhT1.jpg
  https://image.tmdb.org/t/p/original/70n4Y3GW6BbwZf8TMspkw2S3E9.jpg
  https://image.tmdb.org/t/p/original/a45twTYksQoA7FQxHdrPbhmdymS.jpg
  https://image.tmdb.org/t/p/original/vOYYPbQwmNiFtuCZxepC5jSedK2.jpg
  https://image.tmdb.org/t/p/original/ozZUzjUrkTHm1DsXmxq5Szr33uI.jpg
  https://image.tmdb.org/t/p/original/oV1orpEEyAG6qpYvx0eXLiMDOB5.jpg
  https://image.tmdb.org/t/p/original/qRtqlnvcoWIL0Uma3HA15Ll84I6.jpg
  https://image.tmdb.org/t/p/original/xqpBQsx1pLgmCZmvlm4gs7Xkd6L.jpg
  https://image.tmdb.org/t/p/original/m85YWSaKOQTGd4P2iDPrdx9MWle.jpg
  https://image.tmdb.org/t/p/original/6UOBMm3SPyQwhjXg3JAuimhKH1A.jpg
  https://image.tmdb.org/t/p/original/sOV8Gs14hn3tItR9iRsT0zVXaN0.jpg
  https://image.tmdb.org/t/p/original/hJfvoSRul0vA8buvGEf8Y0nSMLj.jpg
  https://image.tmdb.org/t/p/original/izwq3XnagOtZG2tjTikKmWD72Gr.jpg
  https://image.tmdb.org/t/p/original/ylIWpIzgtj8Kgu2LAttG91SAOEj.jpg
  https://image.tmdb.org/t/p/original/jxeyKW2r6UJy18dJOsWnNcaO9ug.jpg
  https://image.tmdb.org/t/p/original/6DNV7P1dELhmXMTovH5nmX1chcx.jpg
  https://image.tmdb.org/t/p/original/rbIaxCfEXhKcs81cDoRciWeZbWu.jpg
  https://image.tmdb.org/t/p/original/sv1AZIcH1tLV6bcHsyouNVM3VNy.jpg
  https://image.tmdb.org/t/p/original/4IJjdiRxMdnYXojJCNeUzwwXkUK.jpg
  https://image.tmdb.org/t/p/original/fbRhW1nrxIE3nwb5ByfIIQkgUni.jpg
  https://image.tmdb.org/t/p/original/8kK5FHLTrKHRT9UJvRnMlvEhvvk.jpg
  https://image.tmdb.org/t/p/original/vYPgI0pGfiJOI41JX4lN9c70MCL.jpg
  https://image.tmdb.org/t/p/original/pvAYIDWwaQglnKjJGIGwDq02vzA.jpg
  https://image.tmdb.org/t/p/original/gqvkZN4yJwaWXLdawiY6SByPNgp.jpg
  https://image.tmdb.org/t/p/original/bVsNuqh2hPEiX17xmUEhA6726FF.jpg
  https://image.tmdb.org/t/p/original/8rTv325KOZLFjlvYW8r2wVFjHIh.jpg
  https://image.tmdb.org/t/p/original/1au2MtEbzmr9WKRnv1w5ZzX0Zbg.jpg
  https://image.tmdb.org/t/p/original/oDdYBp1ekTO2ELJwb6SNQoC9Cua.jpg
  https://image.tmdb.org/t/p/original/7gmYun3b26zyDRDS11Lef8FkAgA.jpg
  https://image.tmdb.org/t/p/original/zKJYwNZ38BmitETM9ttkG8rvjSF.jpg
  https://image.tmdb.org/t/p/original/xOzpaBp5tXpe8agfVn790vp9GcI.jpg
  https://image.tmdb.org/t/p/original/xWVxMHLpCRhb9GVs0e3nK2uhPwW.jpg
  https://image.tmdb.org/t/p/original/tPws0IH15NimHxG3tN9bwtJqYhw.jpg
  https://image.tmdb.org/t/p/original/53KY20E2Qilu5vKQiItWjlOXcvI.jpg
  https://image.tmdb.org/t/p/original/rrlcTsPTNxx5v4KCmaET2B9JJvI.jpg
  https://image.tmdb.org/t/p/original/5f3QQ8rdleUhl7gnPjvGBAvJIAG.jpg
  https://image.tmdb.org/t/p/original/lJKOHcCRQIt8sHI0qy46lvv2XBQ.jpg
  https://image.tmdb.org/t/p/original/x8oW4O9JMwq217MC8hP4hDbmglW.jpg
  https://image.tmdb.org/t/p/original/scXBUr7V3816G3obhrNOAhFnj9c.jpg
  https://image.tmdb.org/t/p/original/zW4QjOCiJG8Ps0RLwVNobgIR4Nw.jpg
  https://image.tmdb.org/t/p/original/czxBhZ2IrY3Wek7j4oVROnyazqW.jpg
  https://image.tmdb.org/t/p/original/3Cx0N5bER6e7cooCeGFScz4NllJ.jpg
  https://image.tmdb.org/t/p/original/kXJp8pFFcSHiIeviqf0Beuus8sM.jpg
  https://image.tmdb.org/t/p/original/rHfZRfhA2KjilTj6Qea98LM2ezb.jpg
  https://image.tmdb.org/t/p/original/iicnEt6GPdxxVr3SYWA4L5RTHpz.jpg
  https://image.tmdb.org/t/p/original/1Yvz8Ik2CH28NrhKuDsSaZaV05z.jpg
  https://image.tmdb.org/t/p/original/s3KLN2N3iXquiw4hni3YrBZZFeS.jpg
  https://image.tmdb.org/t/p/original/1Q4xnBoBMH07lEMSKFy0wme8yLs.jpg
  https://image.tmdb.org/t/p/original/qxzb43Eg75AULYCiBNiGgbw48gR.jpg
  https://image.tmdb.org/t/p/original/8M5vTMyzKeFLPOZ12ruofbr6heJ.jpg
  https://image.tmdb.org/t/p/original/fpcEP9luOCrK4bJQNlZsulZKLxw.jpg
  https://image.tmdb.org/t/p/original/1zdSD6Mm9deodEy0HfGIukWdAv5.jpg
  https://image.tmdb.org/t/p/original/2zCK2jVUYSlIlqusmSy49pmzPG5.jpg
  https://image.tmdb.org/t/p/original/m4cxfQCziN8TlEESfs0TVwGpOeq.jpg

Movie ID 320:
  https://image.tmdb.org/t/p/original/riVXh3EimGO0y5dgQxEWPRy5Itg.jpg
  https://image.tmdb.org/t/p/original/cwB0t4OHX1Pw1Umzc9jPgzalUpS.jpg
  https://image.tmdb.org/t/p/original/74Tw91IVP3Q8AjfeNSqgfZ0FGWK.jpg
  https://image.tmdb.org/t/p/original/6NyOWQ32k1uh6DOtwJQkc3Gsq0V.jpg
  https://image.tmdb.org/t/p/original/dVppgIoMNu3NvK3GThHdXjqOHYD.jpg
  https://image.tmdb.org/t/p/original/iwU4g5UynQRp5PSMR6gLIW84FdE.jpg
  https://image.tmdb.org/t/p/original/t3oYtCqDue393e7uhDn5f8NBQRx.jpg
  https://image.tmdb.org/t/p/original/gjHergpHMkxtgpSr8fTbasVmXDS.jpg
  https://image.tmdb.org/t/p/original/grgvwGEAUNurWDsIyTLeGSQkc5r.jpg
  https://image.tmdb.org/t/p/original/qK9LTPsM3IeLyXti8wvZTqZHoJm.jpg
  https://image.tmdb.org/t/p/original/nDjJyjHkNfWllvBVsbA7BIB7J8C.jpg
  https://image.tmdb.org/t/p/original/72vB0ekpPOIDD0JI0EcueCqlLaa.jpg
  https://image.tmdb.org/t/p/original/9DZURodSAFt093lD6xWxuU55vS5.jpg
  https://image.tmdb.org/t/p/original/6Vwc5vgioIXUhLQGAqmp3uDDKJJ.jpg
  https://image.tmdb.org/t/p/original/l95SOzLzZ9x9qY0EdBPYa6mnFDL.jpg
  https://image.tmdb.org/t/p/original/eJ49J6QXrTJryC61p43NTAULms.jpg
  https://image.tmdb.org/t/p/original/6O3eA55DO3fHicwlAE3DaSrA5Uv.jpg
  https://image.tmdb.org/t/p/original/u8qp8FKo6sU7SUOER8guCd8LVsv.jpg
  https://image.tmdb.org/t/p/original/7IKbG5NpqnT8UKP6bigmeQmmR2k.jpg
  https://image.tmdb.org/t/p/original/tptisxjbdI4LInxdjrU95DYCXnT.jpg
  https://image.tmdb.org/t/p/original/7pfpRJMkk7iy4pby2gnIX8dmPQc.jpg
  https://image.tmdb.org/t/p/original/wz3tHxlBIlVXrwdcxi4V6RgBDLQ.jpg
  https://image.tmdb.org/t/p/original/ydO1cCU9rNkSCMwYRAj0uAXh2jc.jpg
  https://image.tmdb.org/t/p/original/q9rKjv1XucoqDg6046hqvfuQInA.jpg
  https://image.tmdb.org/t/p/original/eJ7Rg29Gf9OMBRJTx7S1MWkoIDy.jpg
  https://image.tmdb.org/t/p/original/lHZXeG4sTkWREgkP7iJCWGJkPmp.jpg
  https://image.tmdb.org/t/p/original/iHFgXmnl8kI5Mj7M2FIgVNidh1K.jpg
  https://image.tmdb.org/t/p/original/pMs8nZuoLPrzL20dcS7cZM11ba9.jpg
  https://image.tmdb.org/t/p/original/2uTHwj5aHXiDlw8V99wzRrmTljD.jpg
  https://image.tmdb.org/t/p/original/eQ0fpkk2DSlMGWp3E4BzEqAxxD5.jpg
  https://image.tmdb.org/t/p/original/gAP5xELKJrIdLjc20W7QUSD2q9Z.jpg
  https://image.tmdb.org/t/p/original/hpUFOvUg4QEBaYf17ptfBgftF1A.jpg
  https://image.tmdb.org/t/p/original/2QsdTyaPOEeH3Hs9IZ7wP4Q47KI.jpg
  https://image.tmdb.org/t/p/original/zeZ2KBilr4i1weqDgaJMXwfszfB.jpg
  https://image.tmdb.org/t/p/original/meHgOaJw1qG4ghyOQpgcAEnGiYL.jpg
  https://image.tmdb.org/t/p/original/lgikX0J6y1HQwd2olhpAO6uFaRM.jpg
  https://image.tmdb.org/t/p/original/6r0kwSACT5ByguAtPOD2jEBX4Bk.jpg
  https://image.tmdb.org/t/p/original/8ex63HADjW4Aq0Yyi7I206fPD4w.jpg
  https://image.tmdb.org/t/p/original/bctwBm75A0hCMIkRAv9hudqJgxU.jpg
  https://image.tmdb.org/t/p/original/9cCoRXCVPORW14RmGmE5yPQxVdw.jpg
  https://image.tmdb.org/t/p/original/o9KCIyB81bxUIysFYa32tRmDLLa.jpg
  https://image.tmdb.org/t/p/original/iUVqFNAsczEZDKMZ0WUwmijFXXi.jpg
  https://image.tmdb.org/t/p/original/xr5vqYTGDDNp1czYWS3FXDgTLgS.jpg
  https://image.tmdb.org/t/p/original/yfvof5mHWcHI51d985ty8Md5Unz.jpg
  https://image.tmdb.org/t/p/original/xKbkg7hXd2sxjC4yog7wRsa0Htf.jpg
  https://image.tmdb.org/t/p/original/yWXumElnl9Ma5upfZ0lVXzJoSIZ.jpg
  https://image.tmdb.org/t/p/original/lVEKzRlME0PzVhhsYIjSozUzOjG.jpg
  https://image.tmdb.org/t/p/original/poUximKxGghA1MgjN0DNUYTb8aK.jpg
  https://image.tmdb.org/t/p/original/sWBfP7vfft2EcmDet9wMVS1RgZt.jpg
  https://image.tmdb.org/t/p/original/8y9yQAwWlWYVzLxz0spQRoKWh3T.jpg
  https://image.tmdb.org/t/p/original/5mGl3dFFCzeTCG3otMmsjY71Bdm.jpg
  https://image.tmdb.org/t/p/original/4U6pmqe88q6LtY7odwePgIcAeTP.jpg
  https://image.tmdb.org/t/p/original/5cP3UW62b76IGQ62CNqkCzwmiMy.jpg
  https://image.tmdb.org/t/p/original/f0z3fk86viBXtKuc8kt35lZTnJa.jpg
  https://image.tmdb.org/t/p/original/xqaVk5O71cJ7a395mpL3FGkQi4W.jpg
  https://image.tmdb.org/t/p/original/hmkEhCI81s5tQDHLQGalIKniRB2.jpg
  https://image.tmdb.org/t/p/original/uEzTEUg6WIOde764thJ3lLVjlY1.jpg
  https://image.tmdb.org/t/p/original/A7pRTbFV2xY0hdGa7m97YkX2WtE.jpg
  https://image.tmdb.org/t/p/original/dF9wsystP8ZC5vlPlBpSA7Zkerf.jpg
  https://image.tmdb.org/t/p/original/uUwR0k1jdyjwSr3oM055Iu0ZxDf.jpg
  https://image.tmdb.org/t/p/original/7G8UfjO21nL6drpoJs0hjWQjz1i.jpg
  https://image.tmdb.org/t/p/original/1X8UKMZSLD03sO4kIsRboGIBFmv.jpg
  https://image.tmdb.org/t/p/original/AemN25nVifB0EjFVhYesvr9UFaQ.jpg
  https://image.tmdb.org/t/p/original/60pEUsgZc04H4FPcDsuWPcJGKJZ.jpg
  https://image.tmdb.org/t/p/original/5XN31EniIwnO12pWETePTQN6jgC.jpg

Movie ID 27205:
  https://image.tmdb.org/t/p/original/tXQvtRWfkUUnWJAn2tN3jERIUG.jpg
  https://image.tmdb.org/t/p/original/r84x4x93LbZ2gozISTBYVeq0gLZ.jpg
  https://image.tmdb.org/t/p/original/oYuLEt3zVCKq57qu2F8dT7NIa6f.jpg
  https://image.tmdb.org/t/p/original/xlaY2zyzMfkhk0HSC5VUwzoZPU1.jpg
  https://image.tmdb.org/t/p/original/ljsZTbVsrQSqZgWeep2B1QiDKuh.jpg
  https://image.tmdb.org/t/p/original/xn0Kcg4e6p0mLxVS3nAWhNmW2Ni.jpg
  https://image.tmdb.org/t/p/original/gqgwNjwjSqGkOqkE2rppogenu4v.jpg
  https://image.tmdb.org/t/p/original/8IB2e4r4oVhHnANbnm7O3Tj6tF8.jpg
  https://image.tmdb.org/t/p/original/aBGVsKeDn5gtegkyajPGBHWev25.jpg
  https://image.tmdb.org/t/p/original/lQEjWasu07JbQHdfFI5VnEUfId2.jpg
  https://image.tmdb.org/t/p/original/eKkbXuGZ68YOkTs2sz8OYu7Y3hj.jpg
  https://image.tmdb.org/t/p/original/edv5CZvWj09upOsy2Y6IwDhK8bt.jpg
  https://image.tmdb.org/t/p/original/zt5kihG59UaOYyGcXnBz3HwQxXl.jpg
  https://image.tmdb.org/t/p/original/aej3LRUga5rhgkmRP6XMFw3ejbl.jpg
  https://image.tmdb.org/t/p/original/9gk7adHYeDvHkCSEqAvQNLV5Uge.jpg
  https://image.tmdb.org/t/p/original/fL4CcbigFi4P0Gx1X76vbRjgg6c.jpg
  https://image.tmdb.org/t/p/original/khDfC1Qi167U2oFHxBOKeu1qMjg.jpg
  https://image.tmdb.org/t/p/original/mQw9lsrMGlWDHdigLoGvCqX4tz6.jpg
  https://image.tmdb.org/t/p/original/9e3Dz7aCANy5aRUQF745IlNloJ1.jpg
  https://image.tmdb.org/t/p/original/agvve2rnVhH5Ybuovsqui2HkxC2.jpg
  https://image.tmdb.org/t/p/original/3xxd3Ntf6dZfTQOG2edgUPx0CzD.jpg
  https://image.tmdb.org/t/p/original/84TynUqXvXJnYiQr8uYcdbTDDWY.jpg
  https://image.tmdb.org/t/p/original/tVmoPRtN7mMlTJLlhEZDOzqILpp.jpg
  https://image.tmdb.org/t/p/original/mVbiYFaGfi0YyYvQmUaObFzuvMj.jpg
  https://image.tmdb.org/t/p/original/t5WUY5ZSxwVIVExaMZmmIj88BKA.jpg
  https://image.tmdb.org/t/p/original/bgIt92V3IDysoAIcEfOo2ZK9PEv.jpg
  https://image.tmdb.org/t/p/original/qzb0slJerd5bQgJxteJ5oAmfp09.jpg
  https://image.tmdb.org/t/p/original/rxHM1Cyn0cpgF7l9DVA2m3SS5Zk.jpg
  https://image.tmdb.org/t/p/original/paNKUnfHDVDWh4hifULoOdRVzP0.jpg
  https://image.tmdb.org/t/p/original/efvcvRgOAZgFC2hrPUa6YqrE1KG.jpg
  https://image.tmdb.org/t/p/original/gVhGjY9k7mUvsLn0ea2obchJXgk.jpg
  https://image.tmdb.org/t/p/original/frq4ygwcIMusECNv9rPBrvJwyxG.jpg
  https://image.tmdb.org/t/p/original/9Pfuay9ztGmoS3bt8LW2mfgGjHs.jpg
  https://image.tmdb.org/t/p/original/mJfTycNg8PxjvxzpnKnzAAG7RIP.jpg
  https://image.tmdb.org/t/p/original/z7xs5iYsI6S9spcdm3B92q2Ew46.jpg
  https://image.tmdb.org/t/p/original/vr6ouTojPp0zlSpJvCbODPp19nd.jpg
  https://image.tmdb.org/t/p/original/rKUx9KF9qSGQQ5njENeDXwxgH0O.jpg
  https://image.tmdb.org/t/p/original/5LgdhHup0t0DD9wewFmwgdgzKtp.jpg
  https://image.tmdb.org/t/p/original/okXrvv9kCNrYTpjMQTpmzXV9JCi.jpg
  https://image.tmdb.org/t/p/original/piQXcdOGgv1O9HQ07pI0tnjkGJw.jpg
  https://image.tmdb.org/t/p/original/7NCFUxQNExfxd0kmkTqIwd1cMol.jpg
  https://image.tmdb.org/t/p/original/89W962aAnPS3N3BdKgy2BvUhnCh.jpg
  https://image.tmdb.org/t/p/original/bjEtPaiCFf9KFBkAAfPaacWh47V.jpg
  https://image.tmdb.org/t/p/original/atSxEGstxXRoSKDQFBgqQ5lpGSt.jpg
  https://image.tmdb.org/t/p/original/pnPRcvOtu9Vop3RjtpgYnGSodbU.jpg
  https://image.tmdb.org/t/p/original/jc45pxTMTuOlBilSItOejMAMH34.jpg
  https://image.tmdb.org/t/p/original/k3UoZhRHg6h2XYzwNAJJvGC2yev.jpg
  https://image.tmdb.org/t/p/original/5QHWgqaBxZI1eM5e3YhyKzY5o3z.jpg
  https://image.tmdb.org/t/p/original/4Kc9ij5DeAwexVwVoT0fGHWK5WM.jpg
  https://image.tmdb.org/t/p/original/vXyyn578tC5TonEUNmn49mwm4A0.jpg
  https://image.tmdb.org/t/p/original/hEYPJruVOc3VBkVbEUbyVTZ2AXd.jpg
  https://image.tmdb.org/t/p/original/7SivRwOLuA6DR09zNJ9JIo14GyX.jpg
  https://image.tmdb.org/t/p/original/nPO8aNT4uGtDAY0bZZZACfP66Lo.jpg
  https://image.tmdb.org/t/p/original/jEsp30qRAFPAWMYFGWwK7f9ObST.jpg
  https://image.tmdb.org/t/p/original/iViFPY2O3rSbK84zsw2kEUtmxVP.jpg
  https://image.tmdb.org/t/p/original/jSm8mzp7sucgL8NwINIoAmx4dS5.jpg
  https://image.tmdb.org/t/p/original/anJ2PN3jfjv6nocW41Ikgqygcc6.jpg
  https://image.tmdb.org/t/p/original/dp7n2vb8bmhI2f3Fa0mkQnZnHyO.jpg
  https://image.tmdb.org/t/p/original/dVhP5LObWUYWwcHKufcdUabApII.jpg
  https://image.tmdb.org/t/p/original/dUjeL2HBcOpQKATeu6gltO1CKVc.jpg
  https://image.tmdb.org/t/p/original/ms1bJvwa4BJycBakQ7afcedGlwY.jpg
  https://image.tmdb.org/t/p/original/aSY6QhgEeUYky0TMfAXjvRJj5bL.jpg
  https://image.tmdb.org/t/p/original/lFrnL8dxEOp6qVj54vyFLi0Qyw.jpg
  https://image.tmdb.org/t/p/original/1UgqxtiJNxRzPeqs9pztWBUJd7k.jpg
  https://image.tmdb.org/t/p/original/eARwxzrwvayasGerlMgRH2rtILs.jpg
  https://image.tmdb.org/t/p/original/bPYjum1fH24yU2f1exsq8nuHEG0.jpg
  https://image.tmdb.org/t/p/original/4rHfaC6dthDRPO8SsrSTMgAgkdW.jpg
  https://image.tmdb.org/t/p/original/mKZVtEfdYqcCC8FnYnwO3rsgn2q.jpg
  https://image.tmdb.org/t/p/original/qUcXimqo6p55r5D7gdYvKBeOMxB.jpg
  https://image.tmdb.org/t/p/original/b2jBc5P7vwnfBbLm8ZziNslFb9d.jpg
  https://image.tmdb.org/t/p/original/2aQZWpZKHECecGkFKLcuWa0Cmus.jpg
  https://image.tmdb.org/t/p/original/xgPGDEKkBrXhPaNmwIlf8e2RCMk.jpg
  https://image.tmdb.org/t/p/original/xMQpKxZzJog5DVMCjSTsD99AziI.jpg
  https://image.tmdb.org/t/p/original/ubj7fEmtNqxwtZtMk6wAIc0SCFJ.jpg
  https://image.tmdb.org/t/p/original/w3tea0HZDYVwQVyjrWBoF5x0Ofs.jpg
  https://image.tmdb.org/t/p/original/zTgjeblxSLSvomt6F6UYtpiD4n7.jpg
  https://image.tmdb.org/t/p/original/2CkUNEqIRGAwOC5jiKcQgKFjw87.jpg
  https://image.tmdb.org/t/p/original/h7kgZg7Bk3fCmGkOD6vd9qoqdjC.jpg
  https://image.tmdb.org/t/p/original/3cVWh9LRwdTpYRUqS5dwxROm5bk.jpg
  https://image.tmdb.org/t/p/original/iQUateaYbt0Zbjrl8gqaGlT56iG.jpg
  https://image.tmdb.org/t/p/original/rq0UeJr9eoaAeEllw6WheF1HD9R.jpg
  https://image.tmdb.org/t/p/original/efC6it8M158f76ym8BA7cHTlcBW.jpg
  https://image.tmdb.org/t/p/original/uoeYeDKCaxcjgZdal4r5UcQrSYD.jpg
  https://image.tmdb.org/t/p/original/cHRXb7TUnfntX4XdGF63GNL3U4E.jpg
  https://image.tmdb.org/t/p/original/nJnRy3nywUceNwNZ3spYuIecIBG.jpg
  https://image.tmdb.org/t/p/original/pg4Q5CGD06jdkQQTi3Yz2TSzrU6.jpg
  https://image.tmdb.org/t/p/original/lCwO4czSKzL1LP4h85T4b8C0UWD.jpg
  https://image.tmdb.org/t/p/original/eM2Y0RN3mUwp40Nm9I22Slgzl4c.jpg
  https://image.tmdb.org/t/p/original/o1SB1gHCmEEURs8P6dfmSC9O3iu.jpg
  https://image.tmdb.org/t/p/original/67RLqAViz6v4ez5oTy01eVH57VC.jpg
  https://image.tmdb.org/t/p/original/uvvH40CJ38pgqA97q2yurGVyycX.jpg
  https://image.tmdb.org/t/p/original/5MXQAlCa2npFrIbB7OjoquD4MG6.jpg
  https://image.tmdb.org/t/p/original/jXE9uOtbE1BhnPgk5pioQ6aGEFy.jpg
  https://image.tmdb.org/t/p/original/9egFcRMV4Z3ZdcaJAYoxmnbqZE7.jpg
  https://image.tmdb.org/t/p/original/bm1XEWLZfCZQEj77SlPcG3ZQaxd.jpg
  https://image.tmdb.org/t/p/original/aC3kqu6Lqw8Rpg9c3spTTGvgOim.jpg
  https://image.tmdb.org/t/p/original/nVTLDH8DCcCn4r4hixAYo6ESjyI.jpg
  https://image.tmdb.org/t/p/original/hJmGoCN8DjH0yrw7XsLRFCL9VBJ.jpg
  https://image.tmdb.org/t/p/original/qZ0kJnOwX6Qo55vIYjicbtl8WlZ.jpg
  https://image.tmdb.org/t/p/original/oV5yEdlu1PodRNTyp8d2nvk2qOy.jpg
  https://image.tmdb.org/t/p/original/l9uiKYEmdd4cKFExymkDVeos1ED.jpg
  https://image.tmdb.org/t/p/original/aQZOoAGDz7StBQVEA6hDiUGMMXA.jpg
  https://image.tmdb.org/t/p/original/p5NyT6SX3I6rjArOoxXl9U9fATf.jpg
  https://image.tmdb.org/t/p/original/xymM5aW6MDcH5AR9I3CamSegJd6.jpg
  https://image.tmdb.org/t/p/original/oiJOvzOcTi8g70d4bhaRVLEcQA8.jpg
  https://image.tmdb.org/t/p/original/g1z0zLD8tW94omZdM1NDg9Cb0L5.jpg
  https://image.tmdb.org/t/p/original/4VWZyyUTuOZGcamFWfdo9EccuQJ.jpg
  https://image.tmdb.org/t/p/original/siwBgxiw39ox1eQ2GsTu49u7HNF.jpg
  https://image.tmdb.org/t/p/original/8bxMHkuEzRpIC1YeVhWJKBnj5qq.jpg
  https://image.tmdb.org/t/p/original/aGVZkgQVPFLAu2aVc5iwOywnskk.jpg
  https://image.tmdb.org/t/p/original/bseL9xvgcpp3KnYswS1rWmLPzJy.jpg
  https://image.tmdb.org/t/p/original/y242ckW8B10H24DrzpBAo5llXtp.jpg
  https://image.tmdb.org/t/p/original/7futGyUOW7x0yGCHyLZvkciEeAB.jpg
  https://image.tmdb.org/t/p/original/9nkrC15drTBc2ZWGg7T2x20MrEj.jpg
  https://image.tmdb.org/t/p/original/9Q7LAAkiLcgk5ohjlQPS0ocmWCe.jpg
  https://image.tmdb.org/t/p/original/d7nO6ezrtx9mkJIoaWN4QyFoloa.jpg
  https://image.tmdb.org/t/p/original/7l7GUXc4492LdNfusC3gSUKjSzk.jpg
  https://image.tmdb.org/t/p/original/8S7couVqr7g4L48HQ7XD3jZkg5y.jpg
  https://image.tmdb.org/t/p/original/llnw1ytJyplbttau3PWYo6P57Ma.jpg
  https://image.tmdb.org/t/p/original/w7pIMKIKrkuzCAWCoUcV6H48krv.jpg
  https://image.tmdb.org/t/p/original/uI1gJI93hpbP0L1OqjUQNwKHbq7.jpg
  https://image.tmdb.org/t/p/original/ic8sEH971i01e9qs29795s9Sjr0.jpg
  https://image.tmdb.org/t/p/original/fB1AYIHXtZFp30khynZAx8pwCb2.jpg
  https://image.tmdb.org/t/p/original/bmK3XsNFgAv1RfEV681KLLIKbbV.jpg
  https://image.tmdb.org/t/p/original/1G1DR6LxKVNKIAH1oPjp04EIsxr.jpg
  https://image.tmdb.org/t/p/original/tLeqhlAKQicrzUoWqbTJH6Ac7Z0.jpg
  https://image.tmdb.org/t/p/original/ida4t24BmQcVS3FUL4TY4uixoaU.jpg
  https://image.tmdb.org/t/p/original/A62DYEWb3dgRA2o4NNtuHciFJJi.jpg
  https://image.tmdb.org/t/p/original/d9ob4cNkH5vmyPppcrYIpIo6x8m.jpg
  https://image.tmdb.org/t/p/original/iunQDLut0NRyEfsLeisnRDxzFEA.jpg
  https://image.tmdb.org/t/p/original/eBtqGWtR5KUiNl6OXHLR3ri6nVm.jpg
  https://image.tmdb.org/t/p/original/hzxHC3Q65MgpKsGxWKIT6I8wnxG.jpg
  https://image.tmdb.org/t/p/original/w85Z9pG9qMtw6m9QuE6PvKygEh1.jpg
  https://image.tmdb.org/t/p/original/lqkIBuRyD9mFF5tQ0gKZLfBY54a.jpg
  https://image.tmdb.org/t/p/original/wGF3iLAkjDLvF2Ws1kcQI5VWGdv.jpg
  https://image.tmdb.org/t/p/original/kg03rABx8jwHNLnUhbTbhTGkoVH.jpg
  https://image.tmdb.org/t/p/original/53rhALkaIDqkft2KRZO9ZaaRrB9.jpg
  https://image.tmdb.org/t/p/original/4i1I0cvwYhUTVbU5Qe6HbD1audF.jpg
  https://image.tmdb.org/t/p/original/bhX2wFzkbKU2cTGuhDbaUww5BDm.jpg
  https://image.tmdb.org/t/p/original/jVaSzQpA1WODQjFdeqgozbR5tdS.jpg
  https://image.tmdb.org/t/p/original/2AhMM3kuiesK3rCza72FJypaEIC.jpg
  https://image.tmdb.org/t/p/original/jfnbkogB7iimhKYAcJDGsUHaW1b.jpg
  https://image.tmdb.org/t/p/original/3kB8ncO7iehDNQ2ERNcRnZCWiN3.jpg
  https://image.tmdb.org/t/p/original/l46BsZPZ49J8oQZcOyP7pdlXkjs.jpg
  https://image.tmdb.org/t/p/original/tHegx9JnXUHvIyViqZI2J9NJ2l9.jpg
  https://image.tmdb.org/t/p/original/3VAhy6bMPqwaj13rzdonbDRQm5s.jpg
  https://image.tmdb.org/t/p/original/tokT0stOvqBigBpimusd4zmheI6.jpg
  https://image.tmdb.org/t/p/original/9LohPHzsuILo2NUrf8nXudEiUcX.jpg
  https://image.tmdb.org/t/p/original/2iTpJJlMgyPsprrovf9FTFjTa4g.jpg
  https://image.tmdb.org/t/p/original/6FE1uNqLmnjRX2W350nSO4drfuR.jpg
  https://image.tmdb.org/t/p/original/dRNOQGwSZ35ByhRmKSkGMiW07Fd.jpg
  https://image.tmdb.org/t/p/original/yJ2YdBfpwzrn0As12noouKt98BE.jpg
  https://image.tmdb.org/t/p/original/ojCYOPJNUPGs9ZRrOkG08OXBQ9o.jpg
  https://image.tmdb.org/t/p/original/eQmdFJJiTeFQCLMjf1gbi6euc3v.jpg
  https://image.tmdb.org/t/p/original/ssKmJjbt0JfXTFkSWcQ8t8o3GQL.jpg
  https://image.tmdb.org/t/p/original/yw4pZVzVUKg5bjYUDHwXf5vHVvT.jpg
  https://image.tmdb.org/t/p/original/bxccL5ak0yf26rBEdxGxKQQgQfs.jpg
  https://image.tmdb.org/t/p/original/xvuafWsKv7QIzf9kqyQpnWEadZC.jpg
  https://image.tmdb.org/t/p/original/RMG2IJAXRGYh1kT0r5tppM2v7P.jpg
  https://image.tmdb.org/t/p/original/wyMil0WQy0JhPVpWVfC6rRhKpTi.jpg
  https://image.tmdb.org/t/p/original/qdqBcjf6hkimo5CvIToOVWweW5O.jpg
  https://image.tmdb.org/t/p/original/8eWOfiFdhuW1Q4JiBA1qN9xa4DD.jpg
  https://image.tmdb.org/t/p/original/z9iTcVx1SEAWjBFj36gSldWyGNz.jpg
  https://image.tmdb.org/t/p/original/jkEx6jNxNjv0CFEJEyCpqfjXrOE.jpg
  https://image.tmdb.org/t/p/original/c28DpQIVrHX2py2RHM6S5pr6Wnd.jpg
  https://image.tmdb.org/t/p/original/idHNmmHN7HRleTjwleWdMgU9IyC.jpg
  https://image.tmdb.org/t/p/original/P4iP4Vgynjux22hH66oqDnrtWG.jpg
  https://image.tmdb.org/t/p/original/rT8Qs7D4JLJYYy6gnD4hzZZLp3o.jpg
  https://image.tmdb.org/t/p/original/tKBvfN5zs7RDGEPvbLue6LZfcIy.jpg
  https://image.tmdb.org/t/p/original/b1DvgHXpVyuIEECJ5tM7cK1ydUK.jpg
  https://image.tmdb.org/t/p/original/A2QSkPxjcMj4apEHO6Sz7aUCmUu.jpg
  https://image.tmdb.org/t/p/original/ew7MmtIkLjhkYFKtN8dwKBBMzd0.jpg
  https://image.tmdb.org/t/p/original/6DCq0lVZElOohBBYfUdLnc2wYmX.jpg
  https://image.tmdb.org/t/p/original/tSHO3YQ6bdivbI5hLxuSgrPxbNR.jpg
  https://image.tmdb.org/t/p/original/zxvAAPcJoNklMtM2XbgacvuGlel.jpg
  https://image.tmdb.org/t/p/original/gljq6rY3g9jOUGOWP5TPQJvryhX.jpg
  https://image.tmdb.org/t/p/original/aDph5mZnndouVob6MUiL4jjNjv9.jpg
  https://image.tmdb.org/t/p/original/2zbxAryYSggrg0xvUd4Usvf6im9.jpg
  https://image.tmdb.org/t/p/original/zjxXcjOGB7t5YETdpUlhxDV0wAD.jpg
  https://image.tmdb.org/t/p/original/i4S5xM2OnXBzXfNqd1EodSMsGVx.jpg
  https://image.tmdb.org/t/p/original/mpocsUDq3TXJcd4GJgi0dKJcF39.jpg
  https://image.tmdb.org/t/p/original/xVtHOuGonp2uDtb2nMvMqxJlsbf.jpg
  https://image.tmdb.org/t/p/original/ffvYAbgBsXZXcLKxIM9Z45YyjIQ.jpg
  https://image.tmdb.org/t/p/original/ydFspXlDU6GDmCuVDapOOV3qzzi.jpg
  https://image.tmdb.org/t/p/original/7QEWjq85wRAfdKJV6xAJBe7ubVm.jpg
  https://image.tmdb.org/t/p/original/oTQjodpA7CMU2x7tNf8oTkiZlc9.jpg
  https://image.tmdb.org/t/p/original/wlHP7geb52kl3YI4qkmwkUXxWC2.jpg
  https://image.tmdb.org/t/p/original/yPVNyzD3OwHIKUrmPcYaeObQNbt.jpg
  https://image.tmdb.org/t/p/original/5STT3zEmjhp8kAu2t8Hb2e6nWBi.jpg
  https://image.tmdb.org/t/p/original/ur45pzIFATOUKCUdt4tRZ39BR6p.jpg
  https://image.tmdb.org/t/p/original/8vYm88tcBYSF1HLrfgJYkbiwRTd.jpg
  https://image.tmdb.org/t/p/original/f0Cs4vkt4isYGVS82WNOIHc0d3A.jpg
  https://image.tmdb.org/t/p/original/evIIv9Cr2NGQz9Y0Wxywckrj0DK.jpg
  https://image.tmdb.org/t/p/original/hgccaDPGW9u897xjqw6udRHsKft.jpg
  https://image.tmdb.org/t/p/original/7b97wQUXXhBYgcJta6anIrZCsji.jpg
  https://image.tmdb.org/t/p/original/oEXrEVMfp8uC14zK09wMox6ucxy.jpg
  https://image.tmdb.org/t/p/original/b5OArcllgjpAup9jDV4uahO1OAc.jpg
  https://image.tmdb.org/t/p/original/xliKIUkWHfUkUeDJK2rFpaMYe9y.jpg
  https://image.tmdb.org/t/p/original/5NXcLSgYJEaqeHt2rbtqgigjR9E.jpg
  https://image.tmdb.org/t/p/original/vT2B1bABFiUyYOgOTqPBPt2W4xz.jpg
  https://image.tmdb.org/t/p/original/uvho34O0yPRXZP2SUZN4tfAgYQY.jpg
  https://image.tmdb.org/t/p/original/2VKw2Jl39iv8lqFKRILbcVObJ12.jpg
  https://image.tmdb.org/t/p/original/xEQBnGFT8kJ3xkaZnfm1zA3wFNB.jpg
  https://image.tmdb.org/t/p/original/1tr8hn3nLmKHlBBG3448cZqcYiR.jpg
  https://image.tmdb.org/t/p/original/oU96gmT0CUPtA9To8eV3ylqhEAJ.jpg
  https://image.tmdb.org/t/p/original/AbvdhvzHm6FBbgjkDTjPJPjHvlD.jpg
  https://image.tmdb.org/t/p/original/grVYEYBUa0uDKVzUsq8t7gy6zfd.jpg
  https://image.tmdb.org/t/p/original/cIezyOeA1jiql6ziqqgdzE6GUsK.jpg
  https://image.tmdb.org/t/p/original/55rMgrl3kEBgFEf12GnDPciJtfX.jpg
  https://image.tmdb.org/t/p/original/dsS2UKJwrWryJnpFggQDyciluQ6.jpg
  https://image.tmdb.org/t/p/original/26lmnBU2IJL2iTstCbxOpMhnsZE.jpg
  https://image.tmdb.org/t/p/original/e2W0W9BeIbQKyNAumcpfDc7HE5.jpg
  https://image.tmdb.org/t/p/original/tdghhv39XHsJ03d0tgXam1XQgkh.jpg
  https://image.tmdb.org/t/p/original/yb1BRn09hvRfHJZPQRYfMmREU7f.jpg
  https://image.tmdb.org/t/p/original/1P7x6swxLy0FqSB4u8GOAaHQngl.jpg
  https://image.tmdb.org/t/p/original/5vqYbsRyfzuF1X5yXq4I8ju3Xwc.jpg
  https://image.tmdb.org/t/p/original/8yYTU2ayHOjz1fSeyUgZwfXnMdn.jpg
  https://image.tmdb.org/t/p/original/xWInQbkJOJiSyjRmdDYRibB6116.jpg
  https://image.tmdb.org/t/p/original/w1pQJcUEsN9ZwG9ZWEbninuoH8h.jpg
  https://image.tmdb.org/t/p/original/dpaGQIGovozlFMLrEVQeG4lpnzB.jpg
  https://image.tmdb.org/t/p/original/zUfT2o9RlWSqtNPPWWju0iuwSS3.jpg
  https://image.tmdb.org/t/p/original/w5NPe1uhPhszxjYIpwFpKe5CEwY.jpg
  https://image.tmdb.org/t/p/original/b7MC7HmvQcQ3booAHJwErCeOxhJ.jpg
  https://image.tmdb.org/t/p/original/s8oSSwtdYin5UCYBMO4caiZuVXd.jpg
  https://image.tmdb.org/t/p/original/jKmPgchy3zIFJ4qawXnq2WooiiR.jpg
  https://image.tmdb.org/t/p/original/2vz2v6ceh5ebqupoXoAV5ANCj44.jpg
  https://image.tmdb.org/t/p/original/cuYcYD4QrFhSMA6HZ6hkGDVB749.jpg
  https://image.tmdb.org/t/p/original/sU8OlubwkR4qt5ulvpJhlI8w73U.jpg
  https://image.tmdb.org/t/p/original/c3YhPD9CjOzcxeIBp3gF7Gjgi7b.jpg
  https://image.tmdb.org/t/p/original/pyo4w5gSsTbK5NbhuuyfbUegdu.jpg
  https://image.tmdb.org/t/p/original/kM8LrLC33AuUujl4gfdCyNMTlAn.jpg
  https://image.tmdb.org/t/p/original/zUXtgay9Nzlw6oZPYdjW3JQxx0k.jpg

Movie ID 77:
  https://image.tmdb.org/t/p/original/fKTPH2WvH8nHTXeBYBVhawtRqtR.jpg
  https://image.tmdb.org/t/p/original/nzlv62aC0octS5AklAiWpXLX9Z0.jpg
  https://image.tmdb.org/t/p/original/yuNs09hvpHVU1cBTCAk9zxsL2oW.jpg
  https://image.tmdb.org/t/p/original/nWtySDlffTfwAa0rSfq61o33ZXV.jpg
  https://image.tmdb.org/t/p/original/uprP8rtOgMYJQ2h3ldDFvGsaBgH.jpg
  https://image.tmdb.org/t/p/original/3jFQqn81xdYqNquQZtsu8PJBPiB.jpg
  https://image.tmdb.org/t/p/original/tBS1gqYTGS31sM9vAGc5fKCAJTA.jpg
  https://image.tmdb.org/t/p/original/neHrQLVfT3KPqvv30pNPyRb6chQ.jpg
  https://image.tmdb.org/t/p/original/j0W26SOwnorl6Kga9A90wCypjcr.jpg
  https://image.tmdb.org/t/p/original/4UyveG2qEI6sbw19pNP4JBudhPU.jpg
  https://image.tmdb.org/t/p/original/sP3GaLR1kRz0Fj5exKJmYKvIYzz.jpg
  https://image.tmdb.org/t/p/original/4wQQo9RxnIWCrY9qXBJWjfefw5d.jpg
  https://image.tmdb.org/t/p/original/lB1f0IrDNprqCwjKxvCFNVXPN6X.jpg
  https://image.tmdb.org/t/p/original/4fyZ1u4amzo5a5dIxUApACIvsl1.jpg
  https://image.tmdb.org/t/p/original/eyVdGf0QUnw1SBr1IMvZJj5kk6M.jpg
  https://image.tmdb.org/t/p/original/dy8gXxDdWILkR7f2N6fQGwFxgKl.jpg
  https://image.tmdb.org/t/p/original/x5FPVwJHyf1SnDW04fwr9rsyWm4.jpg
  https://image.tmdb.org/t/p/original/okfeRsN16NFTqVWUCIKW1D5GciO.jpg
  https://image.tmdb.org/t/p/original/plgpihLQkdXvbvcvMu0sN5ZLIFi.jpg
  https://image.tmdb.org/t/p/original/dpm9O11QgDOwixkgxmPdjZDrLGS.jpg
  https://image.tmdb.org/t/p/original/kDTdH8NUTVSWdkaPhVLiOJ1Gxyf.jpg
  https://image.tmdb.org/t/p/original/7leBWM27Q0TUnvmhw6WnFNgGn4G.jpg
  https://image.tmdb.org/t/p/original/adRNs1fR1ggpsUQejMvzRiyu7F2.jpg
  https://image.tmdb.org/t/p/original/iQmjFjtM4bf85KY3ToZTjJPNfx0.jpg
  https://image.tmdb.org/t/p/original/exU1uUwNuF7EXy6G9nKVUJfGG4l.jpg
  https://image.tmdb.org/t/p/original/nK3cJaUWx1iaQ9Cs08JPtZqVzQ6.jpg
  https://image.tmdb.org/t/p/original/74SYaTyGMEYvjk0UtdhANlWiSkn.jpg
  https://image.tmdb.org/t/p/original/wqG9YXPBpDbC4NpV1Xc42BOm2hO.jpg
  https://image.tmdb.org/t/p/original/cNKT3GNCndTIHlzhEU8Ga6kMNEj.jpg
  https://image.tmdb.org/t/p/original/k37Rd1zILrxWb9Jt3B3pfpvaSvA.jpg
  https://image.tmdb.org/t/p/original/9omLgbOfvZRhnH3m9iatkmvy6i.jpg
  https://image.tmdb.org/t/p/original/sToRKnEQ5WZtJbe5mLssPc6Ujm0.jpg
  https://image.tmdb.org/t/p/original/a50NmK5l5yo6sdfB2lr7SpRrq3L.jpg
  https://image.tmdb.org/t/p/original/psE5eio91dVL1k5nTwPUNLp7Kuy.jpg
  https://image.tmdb.org/t/p/original/vqxdADPdy0ZVJr8dMB3mh6C5Vsv.jpg
  https://image.tmdb.org/t/p/original/5Pe6iiwZyExtIzeuk2Q5LNxLuHO.jpg
  https://image.tmdb.org/t/p/original/uSae85DR1D4uKknQIsHbuqO1RgN.jpg
  https://image.tmdb.org/t/p/original/pXLnKcUzbUZI8OwkznA8te5dOSt.jpg
  https://image.tmdb.org/t/p/original/dH4wSoQx5Pn5Ig3lPediWEJvzzl.jpg
  https://image.tmdb.org/t/p/original/xILX5k6PvSeCQ0NFVjKQJKkiJr2.jpg
  https://image.tmdb.org/t/p/original/rO9d5ES2v5h2xDDZzVWUfQwdZ42.jpg
  https://image.tmdb.org/t/p/original/wTmmN7Zbs9L28ganGOp5DHHxuda.jpg
  https://image.tmdb.org/t/p/original/5fN2GkYIDJlsMEEL6asWBJexP43.jpg
  https://image.tmdb.org/t/p/original/qiCoSAqZ19RT35EJpZkFAkGB87m.jpg
  https://image.tmdb.org/t/p/original/AoLzLn8Z5akd1zHfBcrIiF2MdPw.jpg
  https://image.tmdb.org/t/p/original/6BHA8tT4d4M5bpj45VCmehpaKyV.jpg
  https://image.tmdb.org/t/p/original/uCgVdMeAaGKNgXjkRoQEHuOOn6x.jpg
  https://image.tmdb.org/t/p/original/yEd5l7VoRCxr5yOcy88crCyDeZr.jpg
  https://image.tmdb.org/t/p/original/oAvAkTk0cta7o1hB1WlmUYV8txT.jpg
  https://image.tmdb.org/t/p/original/iWr4SwGJTF9Pamoeaan8tLgp0r5.jpg
  https://image.tmdb.org/t/p/original/ogpwO0trLk4Fc4eqgy5S4ShH3oJ.jpg
  https://image.tmdb.org/t/p/original/3PcEBIneICSp2Bct3eVDUztPkV6.jpg
  https://image.tmdb.org/t/p/original/tDDUPuvdCLjx4hwRYPHdZxt2uB4.jpg
  https://image.tmdb.org/t/p/original/2zjoduvmZzBWRPYti8pdBxr4tSt.jpg
  https://image.tmdb.org/t/p/original/k34v0hBeMdVl41w47QKqZL3UH0Y.jpg
  https://image.tmdb.org/t/p/original/e8aNU97T9zggNstlyc922c1qOPA.jpg
  https://image.tmdb.org/t/p/original/rhqElM69kFrztpCUIYIUl3b8JGV.jpg
  https://image.tmdb.org/t/p/original/8vIXf5av3GctbFtBNAeeREB2rxt.jpg
  https://image.tmdb.org/t/p/original/dbkEpzotHJfotpSUSYI36aPC1WN.jpg
  https://image.tmdb.org/t/p/original/lZhmX2AcadZussDFGlZFBOaKKhn.jpg
  https://image.tmdb.org/t/p/original/bLLu4knvRWNCyGv23ccT6Zn2cE7.jpg
  https://image.tmdb.org/t/p/original/plJaA65gk91pdwC8vstlr7qBY1l.jpg
  https://image.tmdb.org/t/p/original/8DihqBgKlBdt4C7iKm7KvXxYuL6.jpg
  https://image.tmdb.org/t/p/original/6ONkGH38ajR7uFvg5WX8SbkbfVP.jpg
  https://image.tmdb.org/t/p/original/d2dbk2s4Nnlw5FxJ4f0mues6kp3.jpg
  https://image.tmdb.org/t/p/original/dCCsDcMeJFVOUN0mt9QYGHZDquq.jpg
  https://image.tmdb.org/t/p/original/jEiaUHh062AlNNDdIIB6W7DMb1V.jpg
  https://image.tmdb.org/t/p/original/orak5VWu5CPaty1XCzdYWnxtEEd.jpg
  https://image.tmdb.org/t/p/original/ytzQijCzGG8KDzHYri9nc0jyJdh.jpg
  https://image.tmdb.org/t/p/original/nkmokS8g0GHjxdhmRNfYueYvUN5.jpg
  https://image.tmdb.org/t/p/original/f3AKnpK3aFPwnjHTSRkviTkuobr.jpg
  https://image.tmdb.org/t/p/original/31yNVJl968krAHy3f5nFB6kLl7i.jpg
  https://image.tmdb.org/t/p/original/qaXfDrZCdd3wix2XYor5HDDpFrT.jpg
  https://image.tmdb.org/t/p/original/tLFV34gBCjuc55xFwFL7zyoCClK.jpg
  https://image.tmdb.org/t/p/original/pFj339q3hoXg0NYbo7BvnmdBRhK.jpg
  https://image.tmdb.org/t/p/original/5ZbII3voM1KrQYgM76ZnnkBHXB4.jpg
  https://image.tmdb.org/t/p/original/iJeqcL4vlz8u1emUeZzcBBdaLoy.jpg
  https://image.tmdb.org/t/p/original/gaky2GoDZHmt1p3HwPYiiS7SOeC.jpg
  https://image.tmdb.org/t/p/original/60SUpn8uryJRorPOOwXYLfwNCDV.jpg
  https://image.tmdb.org/t/p/original/xtRG0eGCc4tVH4awqio8xFmbMKM.jpg
  https://image.tmdb.org/t/p/original/xnrALKtd8O5qPB02bsVpCVngDet.jpg
  https://image.tmdb.org/t/p/original/sHmWUA5oyduqCKva1GT3cgb5HWz.jpg
  https://image.tmdb.org/t/p/original/dUOPHJdQTMq80dCQLglFkjFGnd0.jpg
  https://image.tmdb.org/t/p/original/5MUvQ9Xlynw3Yr1ICbGFj5WlCqQ.jpg
  https://image.tmdb.org/t/p/original/uWUNEGsG6ZCLteHX3FxDvRbY4zh.jpg
  https://image.tmdb.org/t/p/original/ydQZRCbUCXxgEC4NyVouAYswN25.jpg
  https://image.tmdb.org/t/p/original/AoH8hMnZoHjkoOsBWirtHx5mNMG.jpg
  https://image.tmdb.org/t/p/original/uMxeDGRD0T1nsZFQoG6M9JIh4h.jpg
  https://image.tmdb.org/t/p/original/uhB5geeK4lMF8rHK43bNjwXfBSN.jpg
  https://image.tmdb.org/t/p/original/h4Y0L3tkbuVZyOW9nahNfVhSCJb.jpg
  https://image.tmdb.org/t/p/original/zjdvg4jfq0wuIzJ3XYZrVfpyxxO.jpg
  https://image.tmdb.org/t/p/original/cgIPTCoQy0MoZvnwLIpKhfQ9Vg6.jpg
  https://image.tmdb.org/t/p/original/6nYX1CpQPETA3Mr6UHChIKl06CZ.jpg
  https://image.tmdb.org/t/p/original/dpNw6OGGlHtcJ38Ac1Advd6GwYI.jpg
  https://image.tmdb.org/t/p/original/l1qwH1BdceGApDT3ITp39CnFfpt.jpg
  https://image.tmdb.org/t/p/original/zfp4jvDDDcAES7GtyZDOLLe0MW7.jpg

Movie ID 505819:
  https://image.tmdb.org/t/p/original/rQ884232vYo3pbm0Ov1bCrMy6Zp.jpg

Movie ID 804706:
  https://image.tmdb.org/t/p/original/eqFhruWEIRwjkvqgJN48VPuR50Q.jpg
  https://image.tmdb.org/t/p/original/geKOL5vnXoqTEH8D2qVoYGIkfys.jpg

Movie ID 1124:
  https://image.tmdb.org/t/p/original/wiSuje8hdVuwM0pvhtSFirCHmJF.jpg
  https://image.tmdb.org/t/p/original/9yOIPXWQ9ttsZfzHvmcS7XiV8To.jpg
  https://image.tmdb.org/t/p/original/aw5qvRlY31AixBLr5op0CIqCMdS.jpg
  https://image.tmdb.org/t/p/original/37Fr7lY4QBHsuxlLJIfTNxW6nGW.jpg
  https://image.tmdb.org/t/p/original/atJR8vClEvAU7MtB5hy4oxuf4RK.jpg
  https://image.tmdb.org/t/p/original/Ag2B2KHKQPukjH7WutmgnnSNurZ.jpg
  https://image.tmdb.org/t/p/original/v5aGIxVprgv85Qa1XDbxYN2xpt6.jpg
  https://image.tmdb.org/t/p/original/pvSESD7ujxWZwtYDb9l57qE0ywq.jpg
  https://image.tmdb.org/t/p/original/89BhTcxt9s7daMsx44HLrH1yoYm.jpg
  https://image.tmdb.org/t/p/original/bdN3gXuIZYaJP7ftKK2sU0nPtEA.jpg
  https://image.tmdb.org/t/p/original/gcphM7ZLxS5HPeCZgjZobfz907x.jpg
  https://image.tmdb.org/t/p/original/a03qYIZM0zkEutN5JRZddTBmQqY.jpg
  https://image.tmdb.org/t/p/original/3noVrrRbPU0iEcVhRRLGa7hnqY.jpg
  https://image.tmdb.org/t/p/original/tRNlZbgNCNOpLpbPEz5L8G8A0JN.jpg
  https://image.tmdb.org/t/p/original/5DMDkeRfgISRqwxgrX9McAYwu6A.jpg
  https://image.tmdb.org/t/p/original/2ZOzyhoW08neG27DVySMCcq2emd.jpg
  https://image.tmdb.org/t/p/original/bQNVJKVuSoyoa5iLvkesxRa8DH0.jpg
  https://image.tmdb.org/t/p/original/bv15haKwQdMyGoVdnmP02MYE2bg.jpg
  https://image.tmdb.org/t/p/original/9QxqZI7ssVzyKEBwdUvOt3AUWzA.jpg
  https://image.tmdb.org/t/p/original/utdVHiRHQHKIMd11VHx1KOFdxFC.jpg
  https://image.tmdb.org/t/p/original/ti7W0gh3WyHnQGiBzZDMH7TpYtD.jpg
  https://image.tmdb.org/t/p/original/rOa94QOq3wbqKBHjSqL0WtPPJm1.jpg
  https://image.tmdb.org/t/p/original/6NHAZLR4AJhBAVU4qFzkucfyhVl.jpg
  https://image.tmdb.org/t/p/original/76lhZonZ0Fa2T8dq5tBtsV9yDCK.jpg
  https://image.tmdb.org/t/p/original/8zoy0oZ0CiCXleCsnQaPWVogAir.jpg
  https://image.tmdb.org/t/p/original/agcgaJ1ieNc972XWGBvsJkDxo08.jpg
  https://image.tmdb.org/t/p/original/A0eycgzccYk6VlpWF89L7ia2hNO.jpg
  https://image.tmdb.org/t/p/original/8bLzqR9BuEUmVxficFYakJIQUan.jpg
  https://image.tmdb.org/t/p/original/wsUt98RThQsNXbTY3OT5Fl2zYFa.jpg
  https://image.tmdb.org/t/p/original/hGGmC4a3F9JYYQUM2ePz6lw4rj6.jpg
  https://image.tmdb.org/t/p/original/mrf31ezhckXfkIUd0p8LHqksvbG.jpg
  https://image.tmdb.org/t/p/original/5lR2p9DntdSKbCZikplaa8Bu7P5.jpg
  https://image.tmdb.org/t/p/original/q76E2E2AXuTOEjEUvsFYQrTA7KB.jpg
  https://image.tmdb.org/t/p/original/mbA00TFayFO0gLZLVADoEhokPUi.jpg
  https://image.tmdb.org/t/p/original/kO9x0er8zoQardHmfHMzH5SavgX.jpg
  https://image.tmdb.org/t/p/original/7wzYr3RpNdga3fTFSaALCARLfLQ.jpg
  https://image.tmdb.org/t/p/original/oR1snTJBnj4utfqZ3ug91fH5dTg.jpg
  https://image.tmdb.org/t/p/original/liXMrSpyCoTzVFweAXYzc0I4nwx.jpg
  https://image.tmdb.org/t/p/original/z3loPJk9ZnIw37PQOnLTsMy8mpY.jpg
  https://image.tmdb.org/t/p/original/4AUW2bGbQjWACUREckGJWXmyF0d.jpg
  https://image.tmdb.org/t/p/original/7CUYgGtwuHXthdJfaKsrxBrpaSK.jpg
  https://image.tmdb.org/t/p/original/1GjRCeZoE251tWkYc3erwjpdBpU.jpg
  https://image.tmdb.org/t/p/original/pN3H35IXZb9Aiew4BWLiloWQe7q.jpg
  https://image.tmdb.org/t/p/original/7fzUMwitipZSijRVYvHCrXxdYs4.jpg
  https://image.tmdb.org/t/p/original/5JHJoAPf4zhlfFbPAy316ttYWnM.jpg
  https://image.tmdb.org/t/p/original/cynfEpFBHGkdBIVpdnx8Od2TQNj.jpg
  https://image.tmdb.org/t/p/original/osBXpsFTRtpXpnxo81XRceymWNj.jpg
  https://image.tmdb.org/t/p/original/nQP63IbCJ5B9O348h5FAAmGWanG.jpg
  https://image.tmdb.org/t/p/original/lIl2CrnWohGrZSO9eyKRptxZ7Hs.jpg
  https://image.tmdb.org/t/p/original/9jMvxh1Ib6BPnE0pprRcaNibKDO.jpg
  https://image.tmdb.org/t/p/original/pvW6UoBZOp9IrMqpT5ha29snsDR.jpg
  https://image.tmdb.org/t/p/original/qdEVRAZTST7OR0pHMdbJAZz0pH4.jpg
  https://image.tmdb.org/t/p/original/AdT50fOv8Sn7wnRMU4IUsLwy4CQ.jpg
  https://image.tmdb.org/t/p/original/cibtd0x7yrEnbl2by7OnNY61bEM.jpg
  https://image.tmdb.org/t/p/original/9pJJXtw7j0nSs1TvBGPKYwQuId0.jpg
  https://image.tmdb.org/t/p/original/syor3JlLzuzPkeheD2QHSYaJEQN.jpg
  https://image.tmdb.org/t/p/original/rN2eGbRpbJw8ZFVDiQfDxsknirP.jpg
  https://image.tmdb.org/t/p/original/wx6gj3KKbnOsrGnwA6CyfXRrVF0.jpg
  https://image.tmdb.org/t/p/original/rwEc7SgXu7b5Yo8Co4CvSinF91v.jpg
  https://image.tmdb.org/t/p/original/uuxtLLbfMVzWL4ythAgX87JinR3.jpg
  https://image.tmdb.org/t/p/original/rHQWJ745h6vk9IzMN4NKBkxpYcR.jpg
  https://image.tmdb.org/t/p/original/qKnagY6ksIlZsbsUunXQCvbMk7K.jpg
  https://image.tmdb.org/t/p/original/26B5M0Yze0UJ5WIYzKYRvgM9D1c.jpg
  https://image.tmdb.org/t/p/original/gkUZ0tr5KB9MgwmgQ8gHhUNUNzm.jpg
  https://image.tmdb.org/t/p/original/ol2q3EhSDZt0x1La2h3CBM2fZi6.jpg
  https://image.tmdb.org/t/p/original/tzlCKrvvUixy57Xh1infy6CxDOQ.jpg
  https://image.tmdb.org/t/p/original/9MyDPiIJJeNctHwhvLE8kICxJrX.jpg
  https://image.tmdb.org/t/p/original/knAhYKFn9O4VD1KtcQLKZVLKMgg.jpg
  https://image.tmdb.org/t/p/original/29bgk0clNyU7xS6DkcgVFYos7yG.jpg
  https://image.tmdb.org/t/p/original/7bw2iBAdTu3fZoAKvZobbuMojMz.jpg
  https://image.tmdb.org/t/p/original/18VqvEIxSjZLb8HvkmySVNbLa19.jpg
  https://image.tmdb.org/t/p/original/2eOF4po2dYQRlJ64Pthh4CqoT3o.jpg
  https://image.tmdb.org/t/p/original/u4SwnpHgvZ0N02oGA6k9DlmkVkO.jpg
  https://image.tmdb.org/t/p/original/pB11l7K4oq4lwBev0YMfYoOqPSm.jpg
  https://image.tmdb.org/t/p/original/dKoKG8SyvDjOW3ZC4OO6mSza8xZ.jpg
  https://image.tmdb.org/t/p/original/u5sQzZtxe3VnWNZh8ExijDQG9yZ.jpg
  https://image.tmdb.org/t/p/original/tuLCSrXvRSXVlumY4e1TGb9zAc2.jpg
  https://image.tmdb.org/t/p/original/cq5RVLOYxYWGkGI3FWGmoTYWheV.jpg
  https://image.tmdb.org/t/p/original/jTYDMYXCwwbZV5PRXQAl0zqhyjx.jpg
  https://image.tmdb.org/t/p/original/6ukpDLO9WlhndMhAE98u6QrvkQT.jpg
  https://image.tmdb.org/t/p/original/4iZfOVSjomdcxbvMCmBMcjzDk5F.jpg
  https://image.tmdb.org/t/p/original/8wkZx4FbABuNyOFIb94DFDC3CcZ.jpg
  https://image.tmdb.org/t/p/original/qosQop2cGWG4WCtf1tbx98xXcDj.jpg
  https://image.tmdb.org/t/p/original/9DQtfm51BsRQFVe5lOPNMY2w23O.jpg
  https://image.tmdb.org/t/p/original/2SZAFZw6ITYtgRio3y5QDy2lvs0.jpg
  https://image.tmdb.org/t/p/original/fAjOgo4NMGzqSfgvOzCBrU51hbb.jpg
  https://image.tmdb.org/t/p/original/rqLdxsUoGDWst28yXAmMIN1uVv6.jpg
  https://image.tmdb.org/t/p/original/7GyVI1QpkycimTgFPlrpUq3jqiT.jpg
  https://image.tmdb.org/t/p/original/xKsiJimxRa44FArhlfGHnylrT0i.jpg
  https://image.tmdb.org/t/p/original/m624LrPxlbXkMZVyM9tyDkI8g0M.jpg
  https://image.tmdb.org/t/p/original/9cH4zoed31NY6xxgeMTzlzEvXaN.jpg
  https://image.tmdb.org/t/p/original/wtjVc3Yja1cTITPfgsXLgGy79MF.jpg
  https://image.tmdb.org/t/p/original/6QBVVAPcUh92JKandnpZTS9UjI7.jpg
  https://image.tmdb.org/t/p/original/pmBg0Hsv0UtftJ3HvjSfLFUkRYL.jpg
  https://image.tmdb.org/t/p/original/hnwykYXa3WE62YR3wReA1HUMkOR.jpg
  https://image.tmdb.org/t/p/original/iJ3gm0JE9FSkRX14NAy74RQgk48.jpg
  https://image.tmdb.org/t/p/original/i6Di5GtG77XTF2a80fT5k7hi8y5.jpg
  https://image.tmdb.org/t/p/original/u997ljhMiGO8LlffyTN9sxxgZ9A.jpg
  https://image.tmdb.org/t/p/original/cNpg2TjWtsut8QUBqezkbHXQFgb.jpg
  https://image.tmdb.org/t/p/original/h4SgwOskf3CIBlsEiZwVFDkB7Gy.jpg
  https://image.tmdb.org/t/p/original/zOwP4sWiVUffsbzQva742GL3ZXA.jpg
  https://image.tmdb.org/t/p/original/aE4PR92KPazsbZKEha06roRoXgv.jpg
  https://image.tmdb.org/t/p/original/dOdURWFzv6UGYK1tBzXsn9mY7oD.jpg
  https://image.tmdb.org/t/p/original/ujX6Liubmg9cBdqZIm7MxYm6DvZ.jpg
  https://image.tmdb.org/t/p/original/jb4GtFklHbxTJ9u3zMgUvJ5dkeE.jpg
  https://image.tmdb.org/t/p/original/yVyVqv7D6l2LpggHbwBkut7wHdw.jpg
  https://image.tmdb.org/t/p/original/jKFVa9Dq2lSc7VePdMs8ApZbGX4.jpg
  https://image.tmdb.org/t/p/original/tPAAA4p8NqKbkhIAxPz3MaAkjMA.jpg
  https://image.tmdb.org/t/p/original/fqTQIMWqjHoHVQouignErrOy3Co.jpg
  https://image.tmdb.org/t/p/original/dyXgxnqRdHPzoGXqwYKNnsJ7bgl.jpg
  https://image.tmdb.org/t/p/original/mrwOUto3pCzo7EygRTjgZOJ60nk.jpg
  https://image.tmdb.org/t/p/original/fTzZ0LvMDbQhecNJRCPjMYzMnGW.jpg
  https://image.tmdb.org/t/p/original/k8tyIq8Vh2P2rx3azHf5JcNBkFE.jpg
  https://image.tmdb.org/t/p/original/eIVlCLQ9sNiksewwKzuQz532EWW.jpg
  https://image.tmdb.org/t/p/original/xCtrI7dVMXg0R0bkEsBu3H2pQKu.jpg
  https://image.tmdb.org/t/p/original/o3AhvHT7BcIKN5g6YkkvQu1br98.jpg
  https://image.tmdb.org/t/p/original/5wEp0xIU1BVVgbAFHqVYS6rYVIl.jpg
  https://image.tmdb.org/t/p/original/dzbZhvxbyxDfS5c6PaFDiP2B6C0.jpg
  https://image.tmdb.org/t/p/original/344sr3YdtMZMX74AlsQ6XUzDi46.jpg
  https://image.tmdb.org/t/p/original/sFZd33binATNGtthxR2rEy0IyIi.jpg
  https://image.tmdb.org/t/p/original/vn1iykM7cnrDuinbzlGDjogjkJs.jpg
  https://image.tmdb.org/t/p/original/mqzaSxNW9k5SXZXIRcwcBQO0B1f.jpg
  https://image.tmdb.org/t/p/original/uOtLlkAPiroUPct893PNvbxfkHY.jpg
  https://image.tmdb.org/t/p/original/pNCwpbVZvQ4icqEgG149R8MPkPL.jpg
  https://image.tmdb.org/t/p/original/l94bVxPSDzuvw9YxV2e0xTR6mzL.jpg
  https://image.tmdb.org/t/p/original/iynrbk7WHpL0qpRJHuScb0XDLMW.jpg
  https://image.tmdb.org/t/p/original/hlPSAUsp2MTssw1bO2IHVKJXeqf.jpg
  https://image.tmdb.org/t/p/original/oECqDd6S4sW5fUMGlTgyzijo1xa.jpg
  https://image.tmdb.org/t/p/original/ykMrFO1Xgm2Y9xXWZvFyuLmPvm8.jpg
  https://image.tmdb.org/t/p/original/dBXrq28eKl5lrayYih05l2ae7vQ.jpg
  https://image.tmdb.org/t/p/original/vLNUqwUMJb0V9RYevr3E5Y0D51A.jpg
  https://image.tmdb.org/t/p/original/7lOJPxBAe9Kw3JeLFmxbe5iRzVG.jpg

Movie ID 456684:
  https://image.tmdb.org/t/p/original/jBWtTViwpr9xN6PWuzp8WlxTSXB.jpg

Movie ID 126444:
  https://image.tmdb.org/t/p/original/iY1FDQM6taKwO7bG6YH09nE8NSs.jpg
  https://image.tmdb.org/t/p/original/7QjqXSW8pl2PCSaYSUHdO1qc0vh.jpg

Movie ID 43629:
  https://image.tmdb.org/t/p/original/cXDFFv6yZNW3vUHOKKUPJNnL0So.jpg
  https://image.tmdb.org/t/p/original/mJGIjkALIOmj1TGv48l3qGvJQuy.jpg
  https://image.tmdb.org/t/p/original/7kSYGg6zrsXBsLvZnaNwoteiruv.jpg
  https://image.tmdb.org/t/p/original/mh9KuyKsRawQoNta3upTQyu3lab.jpg
  https://image.tmdb.org/t/p/original/zomfKkYlS6oeiTUUfqHYHrnI2sk.jpg

Movie ID 352114:
  https://image.tmdb.org/t/p/original/uluMeKfYFVvfZlmHgFBXqbnHXE2.jpg
  https://image.tmdb.org/t/p/original/fTWzRx8TKAxj8EaNs0wZ17kiqCW.jpg
  https://image.tmdb.org/t/p/original/eyDMENQZYq0APm8AypQT0DNOrwa.jpg
  https://image.tmdb.org/t/p/original/pVZQdNikCIMQtkjsFMZ4e6ACmR.jpg",1,1,3,7257,0,[],0,0,0,0,0,"import sys
from pathlib import Path
PROJECT_ROOT = Path(__file__).resolve().parents[1]
RESTBENCH_TOOLS_DIR = PROJECT_ROOT / 'restbench tools'
if str(RESTBENCH_TOOLS_DIR) not in sys.path:
    sys.path.insert(0, str(RESTBENCH_TOOLS_DIR))

from Search_person import Search_person
from Get_person_movie_credits import Get_person_movie_credits
from Get_movie_images import Get_movie_images

import traceback

# ========== Module-level constants ==========
QUERY = ""Christopher Nolan""
BASE_IMAGE_URL = ""https://image.tmdb.org/t/p/original""


def find_person_id(name):
    """"""Searches for a person by name and returns their TMDB id.
    Returns the id of the first result whose name loosely matches.
    Raises ValueError if no match found.
    """"""
    result = Search_person(name)
    results = result.get(""results"", [])
    for person in results:
        # use a loose match: check if query appears in person's name
        if name.lower() in person.get(""name"", """").lower():
            return person[""id""]
    raise ValueError(f""Could not find person matching '{name}'"")


def get_movies_directed(person_id):
    """"""Returns a list of movie IDs for which the person is credited as Director.""""""
    credits = Get_person_movie_credits(person_id)
    crew = credits.get(""crew"", [])
    directed_movie_ids = set()
    for entry in crew:
        # According to schema: department and job fields exist
        if entry.get(""department"") == ""Directing"" and entry.get(""job"") == ""Director"":
            # Some entries may be for same movie (different roles), deduplicate
            movie_id = entry[""id""]
            directed_movie_ids.add(movie_id)
    return list(directed_movie_ids)


def get_cover_images(movie_id):
    """"""Returns a list of full-size poster image URLs for a given movie.""""""
    images_data = Get_movie_images(movie_id)
    posters = images_data.get(""posters"", [])
    urls = []
    for poster in posters:
        path = poster.get(""file_path"")
        if path:
            urls.append(BASE_IMAGE_URL + path)
    return urls


def main():
    try:
        # Step 1: get Christopher Nolan's person id
        person_id = find_person_id(QUERY)

        # Step 2: get all movie IDs where he is director
        movie_ids = get_movies_directed(person_id)
        if not movie_ids:
            print(""No directed movies found."")
            return

        # Step 3: for each movie, fetch cover images and print
        print(f""Cover images for movies directed by {QUERY}:\n"")
        for mid in movie_ids:
            cover_urls = get_cover_images(mid)
            if cover_urls:
                print(f""Movie ID {mid}:"")
                for url in cover_urls:
                    print(f""  {url}"")
                print()  # blank line between movies
            else:
                print(f""Movie ID {mid}: no poster images available.\n"")
    except Exception:
        traceback.print_exc(file=sys.stderr)
        sys.exit(1)


if __name__ == ""__main__"":
    main()",3,"[""Search_person"", ""Get_person_movie_credits"", ""Get_movie_images""]",1,"[""restbench tools""]",,53.0986,0.0
"What are some common keywords associated with movie ""Titanic""?","Common keywords associated with movie 'Titanic':
  - ship
  - soulmates
  - shipwreck
  - atlantic ocean
  - evacuation
  - iceberg
  - titanic
  - forbidden love
  - ocean liner
  - based on true story
  - rich woman poor man
  - tragedy
  - tragic love
  - historical fiction
  - class differences
  - love affair
  - historical event
  - sinking ship
  - rich snob
  - tragic romance
  - disaster movie
  - 1910s",1,1,3,4810,0,[],0,0,0,0,0,"import sys
from pathlib import Path
PROJECT_ROOT = Path(__file__).resolve().parents[1]
RESTBENCH_TOOLS_DIR = PROJECT_ROOT / 'restbench tools'
if str(RESTBENCH_TOOLS_DIR) not in sys.path:
    sys.path.insert(0, str(RESTBENCH_TOOLS_DIR))

from Search_movie import Search_movie
from Get_movie_keywords import Get_movie_keywords

import traceback

# --- Module-level constants derived from user requirement ---
TARGET_TITLE = ""Titanic""


def find_movie_id(movie_title):
    """"""
    Search for a movie by title and return its TMDB id.

    Args:
        movie_title (str): The title to search for.

    Returns:
        int: The id of the first search result whose title matches
             (case-insensitively) the given title.

    Raises:
        ValueError: If no matching movie is found.
    """"""
    response = Search_movie(movie_title)
    results = response.get(""results"", [])
    if not results:
        raise ValueError(f""No movies found for title '{movie_title}'."")

    # Look for an exact (case-insensitive) title match
    for movie in results:
        if movie.get(""title"", """").strip().lower() == movie_title.strip().lower():
            return movie[""id""]

    # Fallback: return the first result's id (the API usually returns the most relevant first)
    return results[0][""id""]


def get_keywords_for_movie(movie_id):
    """"""
    Retrieve the list of keywords for a given movie id.

    Args:
        movie_id (int): The TMDB movie id.

    Returns:
        list[dict]: A list of keyword objects with keys 'id' and 'name'.
    """"""
    response = Get_movie_keywords(movie_id)
    keywords = response.get(""keywords"", [])
    return keywords


def main():
    # Step 1: Find the movie id for ""Titanic""
    movie_id = find_movie_id(TARGET_TITLE)

    # Step 2: Retrieve keywords
    keywords = get_keywords_for_movie(movie_id)

    # Step 3: Output the keywords
    if not keywords:
        print(f""No keywords found for movie '{TARGET_TITLE}'."")
        return

    print(f""Common keywords associated with movie '{TARGET_TITLE}':"")
    for kw in keywords:
        # Each keyword dict should have a 'name' field per schema
        kw_name = kw.get(""name"", ""Unknown"")
        print(f""  - {kw_name}"")


if __name__ == ""__main__"":
    try:
        main()
    except Exception:
        print(""An unexpected error occurred:"", file=sys.stderr)
        traceback.print_exc(file=sys.stderr)
        sys.exit(1)",2,"[""Search_movie"", ""Get_movie_keywords""]",1,"[""restbench tools""]",,21.3191,0.0
Give me a show that is currently on the air,Show: House of the Dragon (First air date: 2022-08-21),1,1,3,4422,0,[],0,0,0,0,0,"import sys
from pathlib import Path
PROJECT_ROOT = Path(__file__).resolve().parents[1]
RESTBENCH_TOOLS_DIR = PROJECT_ROOT / 'restbench tools'
if str(RESTBENCH_TOOLS_DIR) not in sys.path:
    sys.path.insert(0, str(RESTBENCH_TOOLS_DIR))

from Get_on_the_air_tv import Get_on_the_air_tv

import traceback

# Module-level constants derived from user requirement
SHOW_INDEX = 0
EMPTY_MESSAGE = ""No shows currently on air.""

def retrieve_airing_shows():
    """"""
    Call the API to get a list of TV shows currently on the air.
    Returns the list of show objects (results array).
    """"""
    response = Get_on_the_air_tv()
    # schema guarantees ""results"" key exists
    return response.get(""results"", [])

def select_one_show(show_list):
    """"""
    Pick a particular show from the list.
    Uses the module-level SHOW_INDEX constant to choose which one.
    Returns the show dict, or None if the list is empty.
    """"""
    if not show_list:
        return None
    return show_list[SHOW_INDEX]

def format_show_output(show):
    """"""Return a readable string for a show dictionary.""""""
    if show is None:
        return EMPTY_MESSAGE
    name = show.get(""name"", ""Unknown"")
    first_air_date = show.get(""first_air_date"", ""Unknown"")
    return f""Show: {name} (First air date: {first_air_date})""

def main():
    """"""Orchestrate the steps: retrieve, select, format, print.""""""
    airing_shows = retrieve_airing_shows()
    selected_show = select_one_show(airing_shows)
    result = format_show_output(selected_show)
    print(result)

if __name__ == ""__main__"":
    try:
        main()
    except Exception:
        traceback.print_exc(file=sys.stderr)",1,"[""Get_on_the_air_tv""]",1,"[""restbench tools""]",,25.6219,0.0
When is Clint Eastwood's latest movie scheduled to be released?,No future scheduled movie found,0,0,7,20448,1,"[""pseudocode_repair""]",2,7546,1,0,1,"import sys
from pathlib import Path
PROJECT_ROOT = Path(__file__).resolve().parents[1]
RESTBENCH_TOOLS_DIR = PROJECT_ROOT / 'restbench tools'
if str(RESTBENCH_TOOLS_DIR) not in sys.path:
    sys.path.insert(0, str(RESTBENCH_TOOLS_DIR))

from Search_person import Search_person
from Get_person_movie_credits import Get_person_movie_credits
from Get_movie_details import Get_movie_details

import traceback
from datetime import datetime, date

# ------------------------------------------------------------
# Module-level constants (derived from user requirement)
# ------------------------------------------------------------
SEARCH_QUERY = ""Clint Eastwood""
DATE_FORMAT = ""%Y-%m-%d""
TODAY = date.today()


# ------------------------------------------------------------
# Helper functions – each with a single responsibility
# ------------------------------------------------------------
def search_person_id(person_name: str) -> int | None:
    """"""Search for a person by name and return the first person's ID.
    Returns None if no result found.""""""
    try:
        data = Search_person(person_name)
    except Exception as e:
        print(f""Error searching for '{person_name}': {e}"", file=sys.stderr)
        traceback.print_exc(file=sys.stderr)
        return None

    results = data.get(""results"", [])
    if not results:
        return None

    # Return ID of the first result
    first = results[0]
    return first.get(""id"")


def get_movie_credits_with_dates(person_id: int) -> list[dict]:
    """"""Fetch movie credits (cast + crew) and return a list of entries
    that have a release_date. Each entry: {'id': ..., 'release_date': str}.""""""
    try:
        data = Get_person_movie_credits(person_id)
    except Exception as e:
        print(f""Error fetching movie credits for person {person_id}: {e}"", file=sys.stderr)
        traceback.print_exc(file=sys.stderr)
        return []

    # Collect from both cast and crew to avoid missing any movie
    seen_ids = set()
    entries = []
    for category in (""cast"", ""crew""):
        items = data.get(category, [])
        for item in items:
            movie_id = item.get(""id"")
            release_date_str = item.get(""release_date"")
            if movie_id and release_date_str and movie_id not in seen_ids:
                seen_ids.add(movie_id)
                entries.append({
                    ""id"": movie_id,
                    ""release_date"": release_date_str
                })
    return entries


def filter_future_movies(credits: list[dict]) -> list[int]:
    """"""Return a sorted list (ascending by release date) of movie IDs
    whose release_date is in the future (after today).""""""
    future_ids = []
    for entry in credits:
        release_date_str = entry.get(""release_date"")
        if not release_date_str:
            continue
        try:
            dt = datetime.strptime(release_date_str, DATE_FORMAT).date()
        except (ValueError, TypeError):
            # ignore malformed dates
            continue
        if dt > TODAY:
            future_ids.append((dt, entry[""id""]))
    # Sort by release date ascending
    future_ids.sort(key=lambda x: x[0])
    return [movie_id for _, movie_id in future_ids]


def get_latest_scheduled_movie_id(future_ids: list[int]) -> int | None:
    """"""Return the movie ID with the latest release date (furthest in future).
    If the list is empty, return None.""""""
    if not future_ids:
        return None
    # future_ids already sorted ascending; last element is the latest
    return future_ids[-1]


def get_movie_release_date(movie_id: int) -> str | None:
    """"""Fetch movie details and return the release_date string.""""""
    try:
        details = Get_movie_details(movie_id)
    except Exception as e:
        print(f""Error fetching details for movie {movie_id}: {e}"", file=sys.stderr)
        traceback.print_exc(file=sys.stderr)
        return None
    release_date = details.get(""release_date"")
    return release_date if release_date else None


def main():
    # Step 1: Search for Clint Eastwood
    person_id = search_person_id(SEARCH_QUERY)
    if person_id is None:
        print(""Person not found"")
        sys.exit(0)

    # Step 2: Get movie credits (with release dates)
    credits = get_movie_credits_with_dates(person_id)
    if not credits:
        print(""No movie credits found"")
        sys.exit(0)

    # Step 3: Filter future movies
    future_ids = filter_future_movies(credits)

    # Step 4: Get the latest scheduled movie
    latest_movie_id = get_latest_scheduled_movie_id(future_ids)
    if latest_movie_id is None:
        print(""No future scheduled movie found"")
        sys.exit(0)

    # Step 5: Get its release date
    release_date = get_movie_release_date(latest_movie_id)
    if release_date is None:
        print(""Could not retrieve release date"")
        sys.exit(0)

    # Output the answer
    print(f""The latest scheduled movie for {SEARCH_QUERY} is released on {release_date}."")


if __name__ == ""__main__"":
    main()",3,"[""Search_person"", ""Get_person_movie_credits"", ""Get_movie_details""]",1,"[""restbench tools""]",,82.1984,15.4411
Give me some movie reviews about The Dark Knight,"Searching for movie: 'The Dark Knight'
Found movie ID: 155
Fetching reviews for movie ID 155...
Found 16 review(s). Displaying up to 5:
============================================================
Review #1
Author: tricksy (No rating)
Date: 2015-06-09
Content:
Excellent movie. Best of the trilogy. Lovely music. Nolan is a genius. So is Heath Ledger.
----------------------------------------

Review #2
Author: talisencrw (10.0/10)
Date: 2016-05-25
Content:
This has no competition. It is the very finest comic-book character movie ever made. Knowing the Burton, Donner and Nolan filmic adaptations of Batman and Superman exist helps me to sleep at night. They are Exhibit A of 'How to Make a Comic-Book Movie'. Nothing else has ever come even remotely close. These seven films (I include 'Superman II' because it was mostly Donner's work)--and Nolan's trilogy especially--are what I imagine a great director like Kubrick, Hitchcock or Kurosawa would have co...
----------------------------------------

Review #3
Author: erickprieto (No rating)
Date: 2018-11-06
Content:
Perhaps the best Batman movie of all times. I think that this Batman trilogy presents the well-known superhero history in an unexpected way with the capable to maintain on the edge of the chair all time.

**Heath Ledger** present an excellent impersonification of a psychopath.

All support roles are magnificent.

And Bruce Wayne role played by Christian Bale, shows a human being behind of the mask.
----------------------------------------

Review #4
Author: moubledian (No rating)
Date: 2019-03-23
Content:
I used to leave a theatre after seeing a highly anticipated movie, specifically a sequel, and be so revved up about what I saw that I would declare that movie to be the best of a series. After each of the prequel ""Star Wars"" films, I rated that one the best, as good as any of the originals...for a time, until my opinion balanced out and I had a more well-rounded take. For that reason, I steer away from that mindset, and did for ""Dark Knight"".



Though my opinion is solidifying already after hav...
----------------------------------------

Review #5
Author: tmdb22590444 (10.0/10)
Date: 2019-05-03
Content:
One of the best movies of all time. Christopher Nolan has brought us the Batman trilogy that it made it feel it could happen today. Christian Bale returns as Batman, was able to perform as wonderfully as he did in Batman Begins. The one person that ultimately stole the show had to be the late Heath Ledger who played as the Joker. His performance as a psychotic clown terrorizing Gotham City was one of the best performance as a superhero villain. One of the best parts of the Joker was when he was ...
----------------------------------------",1,1,3,5197,0,[],0,0,0,0,0,"import sys
from pathlib import Path
PROJECT_ROOT = Path(__file__).resolve().parents[1]
RESTBENCH_TOOLS_DIR = PROJECT_ROOT / 'restbench tools'
if str(RESTBENCH_TOOLS_DIR) not in sys.path:
    sys.path.insert(0, str(RESTBENCH_TOOLS_DIR))

from Search_movie import Search_movie
from Get_movie_reviews import Get_movie_reviews

import traceback

# Module-level constants derived from user_requirement
MOVIE_TITLE = ""The Dark Knight""
# We can also set a default number of reviews to display, but not strictly required
MAX_REVIEWS_DISPLAY = 5  # optional, just to limit output


def search_movie_id(title: str) -> int:
    """"""
    Search for a movie by title and return the first result's movie ID.
    Raises ValueError if no movie found.
    """"""
    response = Search_movie(title)
    results = response.get(""results"", [])

    if not results:
        raise ValueError(f""No movie found for title: {title!r}"")

    first_movie = results[0]
    movie_id = first_movie.get(""id"")
    if movie_id is None:
        raise ValueError(f""Movie ID missing in first result for title: {title!r}"")
    return movie_id


def get_movie_reviews_list(movie_id: int) -> list:
    """"""
    Fetch all reviews for a given movie ID (first page).
    Returns a list of review dicts.
    """"""
    response = Get_movie_reviews(movie_id)
    results = response.get(""results"", [])
    return results


def format_review(review: dict) -> str:
    """"""
    Format a single review dictionary into a human-readable string.
    """"""
    author = review.get(""author"", ""Unknown Author"")
    author_details = review.get(""author_details"", {})
    rating = author_details.get(""rating"")
    rating_str = f""{rating}/10"" if rating is not None else ""No rating""
    content = review.get(""content"", """")
    # Trim content if too long for readability
    max_content_len = 500
    if len(content) > max_content_len:
        content = content[:max_content_len] + ""...""

    created = review.get(""created_at"", ""Unknown date"")[:10]  # just date part

    lines = [
        f""Author: {author} ({rating_str})"",
        f""Date: {created}"",
        f""Content:\n{content}"",
        ""-"" * 40,
    ]
    return ""\n"".join(lines)


def main():
    try:
        print(f""Searching for movie: {MOVIE_TITLE!r}"")
        movie_id = search_movie_id(MOVIE_TITLE)
        print(f""Found movie ID: {movie_id}"")

        print(f""Fetching reviews for movie ID {movie_id}..."")
        reviews = get_movie_reviews_list(movie_id)
        if not reviews:
            print(""No reviews found for this movie."")
            return

        print(f""Found {len(reviews)} review(s). Displaying up to {MAX_REVIEWS_DISPLAY}:"")
        print(""="" * 60)
        for idx, review in enumerate(reviews[:MAX_REVIEWS_DISPLAY], 1):
            print(f""Review #{idx}"")
            print(format_review(review))
            print()

    except Exception as e:
        print(f""An error occurred: {e}"", file=sys.stderr)
        traceback.print_exc(file=sys.stderr)
        sys.exit(1)


if __name__ == ""__main__"":
    main()",2,"[""Search_movie"", ""Get_movie_reviews""]",1,"[""restbench tools""]",,21.0347,0.0
What are some movies that are similar to one of the movies directed by Francis Ford Coppola?,"Searching for director...
Found person ID: 1776
Fetching movie credits for person 1776...
Found 38 directed movies.
Most popular directed movie: The Godfather (ID: 238)
Fetching similar movies for The Godfather...

Top 10 similar movies:
  1. Flower and Sword
  2. Hitler's Girl
  3. Diocles
  4. The Child in Time
  5. De-Lovely
  6. A Man Escaped
  7. How to Forget You
  8. Murder, Inc.
  9. Crime Is Our Business
  10. Anna Goldin, the Last Witch",1,1,3,6679,0,[],0,0,0,0,0,"import sys
from pathlib import Path
PROJECT_ROOT = Path(__file__).resolve().parents[1]
RESTBENCH_TOOLS_DIR = PROJECT_ROOT / 'restbench tools'
if str(RESTBENCH_TOOLS_DIR) not in sys.path:
    sys.path.insert(0, str(RESTBENCH_TOOLS_DIR))

from Search_person import Search_person
from Get_person_movie_credits import Get_person_movie_credits
from Get_movie_similar import Get_movie_similar

import traceback

# ----------------------------------------------------------------------
# Module‑level constants (derived from user requirement)
# ----------------------------------------------------------------------
DIRECTOR_NAME = ""Francis Ford Coppola""
DIRECTOR_DEPARTMENT = ""Directing""
DIRECTOR_JOB = ""Director""
TOP_N_DIRECTED = 1  # we want the single most popular movie directed by him
OUTPUT_LIMIT = 10   # limit the number of similar movies printed for readability

# ----------------------------------------------------------------------
# Step 1: Search for the director's person ID
# ----------------------------------------------------------------------
def get_person_id_by_name(name):
    """"""
    Use Search_person API to find the person ID for the given name.
    Returns the first matching person's ID.
    """"""
    data = Search_person(name)
    results = data.get(""results"", [])
    if not results:
        raise ValueError(f""No person found for name '{name}'"")
    # Pick the first result (usually most relevant)
    first_person = results[0]
    person_id = first_person.get(""id"")
    if person_id is None:
        raise ValueError(f""Person '{name}' found but 'id' field missing"")
    return person_id

# ----------------------------------------------------------------------
# Step 2: Get all movie credits for the person and filter for 'Director'
# ----------------------------------------------------------------------
def get_directed_movies(person_id):
    """"""
    Fetch movie credits and return a list of dicts for movies where
    the person is credited as Director.
    Each dict contains: movie_id, title, popularity, release_date (if available).
    """"""
    credits = Get_person_movie_credits(person_id)
    crew_list = credits.get(""crew"", [])
    directed = []
    for entry in crew_list:
        # According to response_schema: keys are ""department"" and ""job""
        if entry.get(""department"") == DIRECTOR_DEPARTMENT and entry.get(""job"") == DIRECTOR_JOB:
            movie_id = entry.get(""id"")
            title = entry.get(""title"")  # may be missing? schema requires it
            popularity = entry.get(""popularity"", 0.0)
            directed.append({
                ""movie_id"": movie_id,
                ""title"": title,
                ""popularity"": popularity
            })
    if not directed:
        raise ValueError(f""No movies directed by person with id {person_id}"")
    return directed

# ----------------------------------------------------------------------
# Step 3: Pick the most popular directed movie
# ----------------------------------------------------------------------
def select_most_popular_movie(directed_movies):
    """"""
    From a list of directed movies (each with 'movie_id' and 'popularity'),
    return the movie_id of the one with highest popularity.
    """"""
    if not directed_movies:
        raise ValueError(""Empty list of directed movies"")
    # Sort descending by popularity, take first
    sorted_movies = sorted(directed_movies, key=lambda m: m[""popularity""], reverse=True)
    return sorted_movies[0][""movie_id""]

# ----------------------------------------------------------------------
# Step 4: Get similar movies for a given movie ID
# ----------------------------------------------------------------------
def get_similar_movies(movie_id):
    """"""
    Call Get_movie_similar and return a list of similar movie titles.
    Returns at most OUTPUT_LIMIT titles.
    """"""
    data = Get_movie_similar(movie_id)
    similar_results = data.get(""results"", [])
    titles = []
    for movie in similar_results[:OUTPUT_LIMIT]:
        # response_schema guarantees ""title"" field
        title = movie.get(""title"")
        if title:  # skip if empty (shouldn't happen)
            titles.append(title)
    return titles

# ----------------------------------------------------------------------
# Main orchestrator – no core logic, just calls the helpers
# ----------------------------------------------------------------------
def main():
    try:
        # Step 1
        print(""Searching for director..."")
        person_id = get_person_id_by_name(DIRECTOR_NAME)
        print(f""Found person ID: {person_id}"")

        # Step 2
        print(f""Fetching movie credits for person {person_id}..."")
        directed_movies = get_directed_movies(person_id)
        print(f""Found {len(directed_movies)} directed movies."")

        # Step 3
        chosen_movie_id = select_most_popular_movie(directed_movies)
        # We can also get the title for display
        chosen_title = next((m[""title""] for m in directed_movies if m[""movie_id""] == chosen_movie_id), ""Unknown"")
        print(f""Most popular directed movie: {chosen_title} (ID: {chosen_movie_id})"")

        # Step 4
        print(f""Fetching similar movies for {chosen_title}..."")
        similar_titles = get_similar_movies(chosen_movie_id)
        if not similar_titles:
            print(""No similar movies found."")
        else:
            print(f""\nTop {len(similar_titles)} similar movies:"")
            for i, title in enumerate(similar_titles, 1):
                print(f""  {i}. {title}"")

    except Exception as e:
        traceback.print_exc(file=sys.stderr)
        sys.exit(1)

if __name__ == ""__main__"":
    main()",3,"[""Search_person"", ""Get_person_movie_credits"", ""Get_movie_similar""]",1,"[""restbench tools""]",,34.3559,0.0
Who is the lead actor in the latest released movie?,The lead actor in the latest released movie is: No cast available,0,0,7,14360,1,"[""pseudocode_repair""]",2,5308,1,0,1,"import sys
from pathlib import Path
PROJECT_ROOT = Path(__file__).resolve().parents[1]
RESTBENCH_TOOLS_DIR = PROJECT_ROOT / 'restbench tools'
if str(RESTBENCH_TOOLS_DIR) not in sys.path:
    sys.path.insert(0, str(RESTBENCH_TOOLS_DIR))

from Get_latest_movie import Get_latest_movie
from Get_movie_credits import Get_movie_credits

import traceback

# ----- MODULE-LEVEL CONSTANTS (none required for this task) -----

# ----- HELPER FUNCTIONS -----

def get_latest_movie_id() -> int:
    """"""
    Fetch the latest movie from TMDB and return its ID.
    """"""
    movie_data = Get_latest_movie()
    # Extract 'id' from the response per schema
    movie_id = movie_data.get(""id"")
    if movie_id is None:
        raise ValueError(""No movie ID found in latest movie response."")
    return movie_id


def get_lead_actor_name(movie_id: int) -> str:
    """"""
    Fetch the credits for a movie and return the name of the lead actor
    (the cast member with the smallest 'order' value). If the cast is
    empty, return a fallback message.
    """"""
    credits = Get_movie_credits(movie_id)
    cast_list = credits.get(""cast"", [])
    if not cast_list:
        return ""No cast available""
    # Find the cast member with the smallest 'order' (first billed)
    lead = min(cast_list, key=lambda member: member.get(""order"", float(""inf"")))
    return lead.get(""name"", ""Unknown actor"")


def main() -> None:
    """"""
    Orchestrate the workflow:
      1. Get latest movie ID.
      2. Get lead actor name.
      3. Print the answer.
    """"""
    try:
        latest_id = get_latest_movie_id()
        lead_actor = get_lead_actor_name(latest_id)
        print(f""The lead actor in the latest released movie is: {lead_actor}"")
    except Exception:
        traceback.print_exc(file=sys.stderr)
        sys.exit(1)


if __name__ == ""__main__"":
    main()",2,"[""Get_latest_movie"", ""Get_movie_credits""]",1,"[""restbench tools""]",,61.156,11.7888
give me one image of the movie that is currently showing in theaters,"Selected movie: Obsession (ID: 1339713)
Image URL: https://image.tmdb.org/t/p/original/bRwnj8WEKBCvmfeUNOukJPwB43K.jpg",1,1,3,5942,0,[],0,0,0,0,0,"import sys
from pathlib import Path
PROJECT_ROOT = Path(__file__).resolve().parents[1]
RESTBENCH_TOOLS_DIR = PROJECT_ROOT / 'restbench tools'
if str(RESTBENCH_TOOLS_DIR) not in sys.path:
    sys.path.insert(0, str(RESTBENCH_TOOLS_DIR))

from Get_now_playing_movies import Get_now_playing_movies
from Get_movie_images import Get_movie_images

import traceback

# -----------------------------------------------------------------------------
# Module-level constants (derived from user_requirement)
# -----------------------------------------------------------------------------
REGION = None                     # No specific region requested
IMAGE_BASE_URL = ""https://image.tmdb.org/t/p/original""

# -----------------------------------------------------------------------------
# Helper functions – each encapsulates a single step
# -----------------------------------------------------------------------------
def get_now_playing_movies_data():
    """"""
    Retrieve the list of movies currently in theatres.
    Returns the 'results' array (list of movie dicts).
    """"""
    response = Get_now_playing_movies(region=REGION)
    movies = response.get(""results"", [])
    return movies

def get_first_movie(movies):
    """"""
    Extract the first movie from the list.
    Returns (movie_id, title) or (None, None) if the list is empty.
    """"""
    if not movies:
        return None, None
    first = movies[0]
    movie_id = first.get(""id"")
    title = first.get(""title"")
    return movie_id, title

def get_movie_images_data(movie_id):
    """"""
    Fetch all images (posters, backdrops, logos) for a given movie.
    Returns the full image data dict.
    """"""
    return Get_movie_images(movie_id)

def get_first_image(image_data):
    """"""
    Pick the first available image file path.
    Priority order: posters → backdrops → logos.
    Returns a relative file path string, or None if none exist.
    """"""
    for category in (""posters"", ""backdrops"", ""logos""):
        items = image_data.get(category, [])
        if items:
            return items[0].get(""file_path"")
    return None

def construct_image_url(file_path):
    """"""
    Build a full TMDB image URL from the relative path.
    """"""
    if not file_path:
        return None
    return f""{IMAGE_BASE_URL}{file_path}""

# -----------------------------------------------------------------------------
# Orchestration – no business logic here
# -----------------------------------------------------------------------------
def main():
    movies = get_now_playing_movies_data()
    if not movies:
        print(""No movies currently showing in theaters."")
        return

    movie_id, title = get_first_movie(movies)
    if title:
        print(f""Selected movie: {title} (ID: {movie_id})"")

    image_data = get_movie_images_data(movie_id)
    image_path = get_first_image(image_data)
    if not image_path:
        print(""No images available for this movie."")
        return

    image_url = construct_image_url(image_path)
    print(f""Image URL: {image_url}"")

if __name__ == ""__main__"":
    try:
        main()
    except Exception:
        traceback.print_exc(file=sys.stderr)
        sys.exit(1)",2,"[""Get_now_playing_movies"", ""Get_movie_images""]",1,"[""restbench tools""]",,34.8787,0.0
What is the most popular movie right now and what is its keywords?,"Most popular movie right now:
  Title: Obsession
  ID:    1339713
  Keywords: obsession, supernatural, possession, wish, unrequited love, couple, absurdism, self-harm, supernatural horror, psychological, independent film, psychological horror, cursed object",1,1,3,5078,0,[],0,0,0,0,0,"import sys
from pathlib import Path
PROJECT_ROOT = Path(__file__).resolve().parents[1]
RESTBENCH_TOOLS_DIR = PROJECT_ROOT / 'restbench tools'
if str(RESTBENCH_TOOLS_DIR) not in sys.path:
    sys.path.insert(0, str(RESTBENCH_TOOLS_DIR))

from Get_popular_movie import Get_popular_movie
from Get_movie_keywords import Get_movie_keywords

import traceback

# ---- Module-level constants (Rule13) ----
POPULAR_MOVIE_INDEX = 0
# -----------------------------------------

def get_most_popular_movie():
    """"""
    Fetches the current most popular movie using Get_popular_movie().
    Returns a dict with keys 'id' and 'title'.
    """"""
    response = Get_popular_movie()  # API call
    results = response.get(""results"", [])
    if not results:
        raise ValueError(""No popular movies found in API response."")
    first_movie = results[POPULAR_MOVIE_INDEX]
    movie_id = first_movie.get(""id"")
    movie_title = first_movie.get(""title"")
    return {""id"": movie_id, ""title"": movie_title}


def get_movie_keywords(movie_id):
    """"""
    Fetches keywords for the given movie_id using Get_movie_keywords().
    Returns a list of keyword names.
    """"""
    response = Get_movie_keywords(movie_id)  # API call
    keywords_raw = response.get(""keywords"", [])
    # Extract keyword names using lenient access (Rule14)
    keyword_names = [kw.get(""name"") for kw in keywords_raw if kw.get(""name"")]
    return keyword_names


def main():
    """"""
    Orchestrates the workflow:
    1. Obtain the most popular movie.
    2. Fetch its keywords.
    3. Print the results in a readable format.
    """"""
    try:
        # Step 1: Get most popular movie
        popular = get_most_popular_movie()
        movie_id = popular[""id""]
        movie_title = popular[""title""]

        # Step 2: Get keywords for that movie
        keywords = get_movie_keywords(movie_id)

        # Step 3: Output (Rule6: readable and task-oriented)
        print(""Most popular movie right now:"")
        print(f""  Title: {movie_title}"")
        print(f""  ID:    {movie_id}"")
        print(f""  Keywords: {', '.join(keywords) if keywords else 'None'}"")
    except Exception as e:
        # Rule9: print full traceback to stderr
        traceback.print_exc(file=sys.stderr)
        sys.exit(1)


if __name__ == ""__main__"":
    main()",2,"[""Get_popular_movie"", ""Get_movie_keywords""]",1,"[""restbench tools""]",,20.7048,0.0
What are the keywords of the most popular movie right now,"Keywords of the most popular movie right now:
  - obsession
  - supernatural
  - possession
  - wish
  - unrequited love
  - couple
  - absurdism
  - self-harm
  - supernatural horror
  - psychological
  - independent film
  - psychological horror
  - cursed object",1,1,3,5086,0,[],0,0,0,0,0,"import sys
from pathlib import Path
PROJECT_ROOT = Path(__file__).resolve().parents[1]
RESTBENCH_TOOLS_DIR = PROJECT_ROOT / 'restbench tools'
if str(RESTBENCH_TOOLS_DIR) not in sys.path:
    sys.path.insert(0, str(RESTBENCH_TOOLS_DIR))

from Get_popular_movie import Get_popular_movie
from Get_movie_keywords import Get_movie_keywords

import traceback

# Module-level constant for how many top movies to consider (here just the first)
TOP_MOVIE_COUNT = 1

def get_most_popular_movie():
    """"""
    Fetch the list of currently popular movies and return the full API response.
    """"""
    try:
        response = Get_popular_movie()
        # response is a dict with 'results' key
        return response
    except Exception as e:
        raise RuntimeError(f""Failed to fetch popular movies: {e}"")

def extract_movie_id(popular_movie_data):
    """"""
    From the popular movie data, extract the movie ID of the most popular movie.
    The results array is ordered by popularity, so first element is the most popular.
    """"""
    results = popular_movie_data.get(""results"", [])
    if not results:
        raise ValueError(""No popular movies found in the response."")
    # According to response_schema, each item has integer 'id'
    return results[0][""id""]

def get_movie_keywords(movie_id):
    """"""
    Fetch keywords for a given movie ID.
    """"""
    try:
        return Get_movie_keywords(movie_id)
    except Exception as e:
        raise RuntimeError(f""Failed to fetch keywords for movie {movie_id}: {e}"")

def extract_keywords_list(keywords_data):
    """"""
    From the keywords API response, extract a list of keyword names.
    """"""
    # response_schema: keywords is an array of objects with 'id' and 'name'
    keywords = keywords_data.get(""keywords"", [])
    # Return list of keyword names (or empty list if no keywords)
    return [kw[""name""] for kw in keywords]

def main():
    try:
        # Step 1: Get the most popular movie
        popular_movie = get_most_popular_movie()
        # Step 2: Extract its ID
        movie_id = extract_movie_id(popular_movie)
        # Step 3: Get keywords for that movie
        keywords_response = get_movie_keywords(movie_id)
        # Step 4: Extract the list of keyword names
        keywords = extract_keywords_list(keywords_response)
        # Output the result in a readable format
        if keywords:
            print(""Keywords of the most popular movie right now:"")
            for keyword in keywords:
                print(f""  - {keyword}"")
        else:
            print(""The most popular movie currently has no keywords."")
    except Exception as e:
        print(f""An error occurred: {e}"", file=sys.stderr)
        traceback.print_exc(file=sys.stderr)

if __name__ == ""__main__"":
    main()",2,"[""Get_popular_movie"", ""Get_movie_keywords""]",1,"[""restbench tools""]",,22.5273,0.0
"Who has starred in a movie ""Titanic""","Cast of Titanic:
Leonardo DiCaprio
Kate Winslet
Billy Zane
Kathy Bates
Frances Fisher
Gloria Stuart
Bill Paxton
Bernard Hill
David Warner
Victor Garber
Jonathan Hyde
Suzy Amis
Lewis Abernathy
Nicholas Cascone
Anatoly M. Sagalevitch
Danny Nucci
Jason Barry
Ewan Stewart
Ioan Gruffudd
Jonny Phillips
Mark Lindsay Chapman
Richard Graham
Paul Brightwell
Ron Donachie
Eric Braeden
Charlotte Chatton
Bernard Fox
Michael Ensign
Fannie Brett
Jenette Goldstein
Camilla Overbye Roos
Linda Kerns
Amy Gaipa
Martin Jarvis
Rosalind Ayres
Rochelle Rose
Jonathan Evans-Jones
Brian Walsh
Rocky Taylor
Alexandrea Owens
Simon Crane
Edward Fletcher
Scott G. Anderson
Martin East
Craig Kelly
Gregory Cooke
Liam Tuohy
James Lancaster
Elsa Raven
Lew Palter
Reece P. Thompson III
Laramie Landis
Amber Waddell
Alison Waddell
Mark Rafael Truitt
John Walcutt
Terry Forrestal
Derek Lea
Richard Ashton
Sean Nepita
Brendan Connolly
David Cronnelly
Garth Wilton
Martin Laing
Richard Fox
Nick Meaney
Kevin Owers
Mark Capri
Marc Cass
Paul Herbert
Emmett James
Chris Byrne
Oliver Page
James Garrett
Erik Holland
Jari Kinnunen
Anders Falk
Martin Hub
Seth Adkins
Barry Dennen
Vern Urich
Rebecca Klingler
Tricia O'Neil
Kathleen S. Dunn
Romeo Francis
Mandana Marino
Van Ling
Bjørn Olsen
Dan Pettersson
Shay Duffin
Greg Ellis
Diana Morgan
Kris Andersson
Bobbie Bates
Aaron James Cash
Anne Fletcher
Edmond Alan Forsyth
Andie Hicks
Scott Hislop
Stan Mazin
Lisa Ratzin
Julene Renee
Alexandra Boyd
James Cameron
Mike Butters
Kevin De La Noy
Tony Kenny
Sean Lawlor
Don Lynch
Johnny Martin
Meghan McLeod
Steven Quale
R. Gern Trowbridge
Olivia Rosewood
John Slade
Brian McDermott
Randy Callahan",1,1,3,5622,0,[],0,0,0,0,0,"import sys
from pathlib import Path
PROJECT_ROOT = Path(__file__).resolve().parents[1]
RESTBENCH_TOOLS_DIR = PROJECT_ROOT / 'restbench tools'
if str(RESTBENCH_TOOLS_DIR) not in sys.path:
    sys.path.insert(0, str(RESTBENCH_TOOLS_DIR))

from Search_movie import Search_movie
from Get_movie_credits import Get_movie_credits

import traceback

# ===== MODULE-LEVEL CONSTANTS =====
QUERY = ""Titanic""
TOP_N = 1  # take first matching movie


def search_movie_id(query: str) -> int:
    """"""
    Search for a movie by query and return the ID of the first result.
    Raises ValueError if no movie found.
    """"""
    response = Search_movie(query)
    if not response:
        raise ValueError(""Search API returned empty response."")
    results = response.get(""results"", [])
    if not results:
        raise ValueError(f""No movies found for query '{query}'."")
    # Take the first result
    movie = results[0]
    movie_id = movie.get(""id"")
    if movie_id is None:
        raise ValueError(""First search result has no 'id' field."")
    return movie_id


def get_movie_cast(movie_id: int) -> list:
    """"""
    Retrieve the cast list for a given movie ID.
    Returns a list of cast member dictionaries.
    """"""
    response = Get_movie_credits(movie_id)
    if not response:
        raise ValueError(""Credits API returned empty response."")
    cast = response.get(""cast"", [])
    return cast


def extract_starred_names(cast: list) -> list:
    """"""
    Extract 'name' from each cast member dictionary.
    Returns a list of names.
    """"""
    names = []
    for member in cast:
        name = member.get(""name"")
        if name:  # Only include non-empty names
            names.append(name)
    return names


def main() -> None:
    try:
        # Step 1: Get movie ID for ""Titanic""
        movie_id = search_movie_id(QUERY)
        # Step 2: Get cast for that movie
        cast_list = get_movie_cast(movie_id)
        # Step 3: Extract actor names
        stars = extract_starred_names(cast_list)
        # Step 4: Output
        if stars:
            print(""Cast of Titanic:"")
            for name in stars:
                print(name)
        else:
            print(""No cast information found for Titanic."")
    except Exception as e:
        print(""An error occurred:"", file=sys.stderr)
        traceback.print_exc(file=sys.stderr)
        sys.exit(1)


if __name__ == ""__main__"":
    main()",2,"[""Search_movie"", ""Get_movie_credits""]",1,"[""restbench tools""]",,23.816,0.0
What do the logo looks like for Paramount Pictures?,"Found company ID: 4
Found 7 logo(s):

Logo 1:
  File path : /jay6WcMgagAklUt7i9Euwj1pzTF.png
  Aspect    : 1.2787212787212787
  Type      : .png
  Size      : 1280x1001

Logo 2:
  File path : /quak7YuVuz67E1KZzNN0d6WDtMY.png
  Aspect    : 1.3563829787234043
  Type      : .png
  Size      : 510x376

Logo 3:
  File path : /zKQ6jLPmCGeB2AiTAwB3aeXAJOb.png
  Aspect    : 1.2406947890818858
  Type      : .svg
  Size      : 1000x806

Logo 4:
  File path : /gz66EfNoYPqHTYI4q9UEN4CbHRc.png
  Aspect    : 1.2406947890818858
  Type      : .svg
  Size      : 1000x806

Logo 5:
  File path : /lH1dIv66K2BLgyDa3I3Pj6Q2Lre.png
  Aspect    : 1.272823779193206
  Type      : .png
  Size      : 1199x942

Logo 6:
  File path : /sISqIPXbcojHyFShJeNHxm6LE4S.png
  Aspect    : 1.2798353909465021
  Type      : .svg
  Size      : 622x486

Logo 7:
  File path : /fycMZt242LVjagMByZOLUGbCvv3.png
  Aspect    : 1.3440860215053763
  Type      : .svg
  Size      : 1000x744",1,1,3,4811,0,[],0,0,0,0,0,"import sys
from pathlib import Path
PROJECT_ROOT = Path(__file__).resolve().parents[1]
RESTBENCH_TOOLS_DIR = PROJECT_ROOT / 'restbench tools'
if str(RESTBENCH_TOOLS_DIR) not in sys.path:
    sys.path.insert(0, str(RESTBENCH_TOOLS_DIR))

from Search_company import Search_company
from Get_company_images import Get_company_images

import traceback

# ===== Module-level Constants (derived from user_requirement) =====
SEARCH_QUERY = ""Paramount Pictures""
# No other constant parameters needed for this task.

# ===== Helper Functions =====

def find_company_id(company_name: str) -> int:
    """"""
    Search for a company by name and return its TMDB company ID.
    Uses the Search_company API function.
    """"""
    response = Search_company(company_name)  # API call; function is in scope
    results = response.get(""results"")
    if not results or not isinstance(results, list):
        raise ValueError(f""No results found for company '{company_name}'"")
    # Return the first result's id (most relevant match)
    first_result = results[0]
    company_id = first_result.get(""id"")
    if company_id is None:
        raise KeyError(f""Result missing 'id' field: {first_result}"")
    return company_id


def get_company_logos(company_id: int) -> list:
    """"""
    Fetch all logo images for the given company ID.
    Uses the Get_company_images API function.
    """"""
    response = Get_company_images(company_id)  # API call; function is in scope
    logos = response.get(""logos"")
    if logos is None:
        raise KeyError(f""Response missing 'logos' key: {response}"")
    return logos


def display_logos(logos: list) -> None:
    """"""
    Print readable information about each logo.
    """"""
    if not logos:
        print(""No logos found for this company."")
        return
    print(f""Found {len(logos)} logo(s):\n"")
    for idx, logo in enumerate(logos, start=1):
        file_path = logo.get(""file_path"", ""N/A"")
        aspect_ratio = logo.get(""aspect_ratio"", ""N/A"")
        file_type = logo.get(""file_type"", ""N/A"")
        width = logo.get(""width"", ""N/A"")
        height = logo.get(""height"", ""N/A"")
        print(f""Logo {idx}:"")
        print(f""  File path : {file_path}"")
        print(f""  Aspect    : {aspect_ratio}"")
        print(f""  Type      : {file_type}"")
        print(f""  Size      : {width}x{height}\n"")


# ===== Main Orchestration =====

def main() -> None:
    """"""
    Orchestrate the workflow:
    1. Search for company -> get ID
    2. Fetch logos for that ID
    3. Display the logos
    """"""
    company_id = find_company_id(SEARCH_QUERY)
    print(f""Found company ID: {company_id}"")
    logos = get_company_logos(company_id)
    display_logos(logos)


if __name__ == ""__main__"":
    try:
        main()
    except Exception:
        traceback.print_exc(file=sys.stderr)
        sys.exit(1)",2,"[""Search_company"", ""Get_company_images""]",1,"[""restbench tools""]",,22.7068,0.0
"tell me where the company ""universal pictures"" was founded?","The company 'Universal Pictures' was founded in / is headquartered at: Universal City, California",1,1,3,4716,0,[],0,0,0,0,0,"import sys
from pathlib import Path
PROJECT_ROOT = Path(__file__).resolve().parents[1]
RESTBENCH_TOOLS_DIR = PROJECT_ROOT / 'restbench tools'
if str(RESTBENCH_TOOLS_DIR) not in sys.path:
    sys.path.insert(0, str(RESTBENCH_TOOLS_DIR))

from Search_company import Search_company
from Get_company_details import Get_company_details

import traceback

# ===== Module-level constants =====
QUERY = ""Universal Pictures""


def search_company_id() -> int:
    """"""Search for a company by name and return the first matching company ID.""""""
    data = Search_company(query=QUERY)
    results = data.get(""results"", [])
    if not results:
        raise ValueError(f""No company found for query: {QUERY}"")
    # Take the first result as the intended company
    return results[0][""id""]


def get_company_headquarters(company_id: int) -> str:
    """"""Retrieve the headquarters location of the given company ID.""""""
    details = Get_company_details(company_id=company_id)
    headquarters = details.get(""headquarters"")
    if not headquarters:
        raise ValueError(f""No headquarters found for company ID {company_id}"")
    return headquarters


def main() -> None:
    """"""Orchestrate the search and detail retrieval, then print the result.""""""
    try:
        company_id = search_company_id()
        location = get_company_headquarters(company_id)
        print(f""The company '{QUERY}' was founded in / is headquartered at: {location}"")
    except Exception:
        traceback.print_exc(file=sys.stderr)
        sys.exit(1)


if __name__ == ""__main__"":
    main()",2,"[""Search_company"", ""Get_company_details""]",1,"[""restbench tools""]",,19.6806,0.0
"When is the movie ""Titanic"" released?",The movie 'Titanic' was released on 1997-12-18.,1,1,3,5919,0,[],0,0,0,0,0,"import sys
from pathlib import Path
PROJECT_ROOT = Path(__file__).resolve().parents[1]
RESTBENCH_TOOLS_DIR = PROJECT_ROOT / 'restbench tools'
if str(RESTBENCH_TOOLS_DIR) not in sys.path:
    sys.path.insert(0, str(RESTBENCH_TOOLS_DIR))

from Search_movie import Search_movie
from Get_movie_details import Get_movie_details

import traceback

# Module-level constant derived from user requirement
MOVIE_QUERY = ""Titanic""


def search_movie():
    """"""
    Search for the movie by query and return the first matching movie ID.
    Uses a lenient title match (case-insensitive substring) to find 'Titanic'.
    """"""
    data = Search_movie(MOVIE_QUERY)
    results = data.get(""results"", [])
    if not results:
        raise ValueError(""No results found for movie 'Titanic'"")

    # Lenient match: look for a result whose title contains ""titanic"" (case-insensitive)
    for movie in results:
        title = movie.get(""title"", """")
        if ""titanic"" in title.lower():
            return movie[""id""]

    # Fallback: return the first result's ID if no perfect lenient match
    return results[0][""id""]


def get_release_date(movie_id):
    """"""
    Retrieve the release date for a given movie ID.
    """"""
    details = Get_movie_details(movie_id)
    release_date = details.get(""release_date"", """")
    if not release_date:
        raise ValueError(""Release date not available for this movie"")
    return release_date


def main():
    """"""Orchestrate the search and retrieval, then print the release date.""""""
    movie_id = search_movie()
    release_date = get_release_date(movie_id)
    print(f""The movie 'Titanic' was released on {release_date}."")


if __name__ == ""__main__"":
    try:
        main()
    except Exception:
        traceback.print_exc(file=sys.stderr)
        sys.exit(1)",2,"[""Search_movie"", ""Get_movie_details""]",1,"[""restbench tools""]",,31.2829,0.0
Who has starred in the first movie of Star Wars collection?,"Found Star Wars collection ID: 10
First movie ID in collection: 11
Stars who have starred in the first movie of the Star Wars collection:
  - Mark Hamill
  - Harrison Ford
  - Carrie Fisher
  - Peter Cushing
  - Alec Guinness
  - Anthony Daniels
  - Kenny Baker
  - Peter Mayhew
  - David Prowse
  - James Earl Jones
  - Phil Brown
  - Shelagh Fraser
  - Jack Purvis
  - Alex McCrindle
  - Eddie Byrne
  - Drewe Henley
  - Denis Lawson
  - Garrick Hagon
  - Jack Klaff
  - William Hootkins
  - Angus MacInnes
  - Jeremy Sinden
  - Graham Ashley
  - Don Henderson
  - Richard LeParmentier
  - Leslie Schofield
  - Michael Leader
  - David Ankrum
  - Scott Beach
  - Lightning Bear
  - Jon Berg
  - Doug Beswick
  - Paul Blake
  - Janice Burchette
  - Ted Burnett
  - John Chapman
  - Gilda Cohen
  - Tim Condren
  - Barry Copping
  - Alfie Curtis
  - Robert Davies
  - Maria De Aragon
  - Robert A. Denham
  - Frazer Diamond
  - Peter Diamond
  - Warwick Diamond
  - Sadie Eden
  - Kim Falkinburg
  - Harry Fielder
  - Ted Gagliano
  - Salo Gardner
  - Steve Gawley
  - Barry Gnome
  - Rusty Goffe
  - Isaac Grand
  - Reg Harding
  - Alan Harris
  - Frank Henson
  - Arthur Howell
  - Tommy Ilsley
  - Joe Johnston
  - Linda Jones
  - Joe Kaye
  - Colin Michael Kitchens
  - Melissa Kurtz
  - Tiffany Hillkurtz
  - Al Lampert
  - Anthony Lang
  - Derek Lyons
  - Mahjoub
  - Alf Mangan
  - Grant McCune
  - Geoffrey Moon
  - Mandy Morton
  - Lorne Peterson
  - Marcus Powell
  - Shane Rimmer
  - Pam Rose
  - George Roubicek
  - Erica Simmons
  - Angela Staines
  - George Stock
  - Roy Straite
  - Peter Sturgeon
  - Peter Sumner
  - John Sylla
  - Tom Sylla
  - Malcolm Tierney
  - Phil Tippett
  - Burnell Tucker
  - Morgan Upton
  - Jerry Walter
  - Hal Wamsley
  - Diana Sadley Way
  - Bill Weston
  - Fred Wood
  - Colin Higgins
  - Ron Tarr
  - Anthony Forrest
  - John Cannon
  - Larry Ward
  - Eddie Eddon
  - Rick McCallum
  - Steve Williams",1,1,3,6624,0,[],0,0,0,0,0,"import sys
from pathlib import Path
PROJECT_ROOT = Path(__file__).resolve().parents[1]
RESTBENCH_TOOLS_DIR = PROJECT_ROOT / 'restbench tools'
if str(RESTBENCH_TOOLS_DIR) not in sys.path:
    sys.path.insert(0, str(RESTBENCH_TOOLS_DIR))

from Search_collections import Search_collections
from Get_collection_details import Get_collection_details
from Get_movie_credits import Get_movie_credits

import traceback

# Module-level constants derived from user_requirement
SEARCH_QUERY = ""Star Wars""
TOP_N_CAST = None  # If we wanted to limit, but we'll take all cast

def search_collection_id(query: str) -> int:
    """"""
    Search for a collection by name and return the ID of the first result.
    Raises ValueError if no collection found.
    """"""
    data = Search_collections(query)
    results = data.get(""results"", [])
    if not results:
        raise ValueError(f""No collections found for query '{query}'"")
    # Take the first collection
    first = results[0]
    collection_id = first.get(""id"")
    if collection_id is None:
        raise ValueError(""Collection result missing 'id'"")
    return collection_id

def get_first_movie_id(collection_id: int) -> int:
    """"""
    Get the collection details and return the movie ID of the first part.
    """"""
    data = Get_collection_details(collection_id)
    parts = data.get(""parts"", [])
    if not parts:
        raise ValueError(f""Collection {collection_id} has no parts"")
    first_part = parts[0]
    movie_id = first_part.get(""id"")
    if movie_id is None:
        raise ValueError(""First part missing 'id'"")
    return movie_id

def get_movie_cast_names(movie_id: int) -> list:
    """"""
    Get the cast list for a movie and return a list of actor names.
    """"""
    data = Get_movie_credits(movie_id)
    cast = data.get(""cast"", [])
    # Extract names; order is preserved from API (top-billed first)
    names = [member.get(""name"") for member in cast if member.get(""name"")]
    return names

def main():
    try:
        # Step 1: Find the Star Wars collection
        collection_id = search_collection_id(SEARCH_QUERY)
        print(f""Found Star Wars collection ID: {collection_id}"")

        # Step 2: Get the first movie in that collection
        first_movie_id = get_first_movie_id(collection_id)
        print(f""First movie ID in collection: {first_movie_id}"")

        # Step 3: Get cast members for that movie
        star_names = get_movie_cast_names(first_movie_id)
        print(""Stars who have starred in the first movie of the Star Wars collection:"")
        for name in star_names:
            print(f""  - {name}"")

    except Exception:
        print(""An error occurred:"", file=sys.stderr)
        traceback.print_exc(file=sys.stderr)
        sys.exit(1)

if __name__ == ""__main__"":
    main()",3,"[""Search_collections"", ""Get_collection_details"", ""Get_movie_credits""]",1,"[""restbench tools""]",,32.0878,0.0
give me a movie cover of a movie from the collection Harry Potter,"Found collection ID: 1241
First movie ID in collection: 671
Movie cover URL:
https://image.tmdb.org/t/p/original/wuMc08IPKEatf9rnMNXvIDxqP4W.jpg",1,1,3,6644,0,[],0,0,0,0,0,"import sys
from pathlib import Path
PROJECT_ROOT = Path(__file__).resolve().parents[1]
RESTBENCH_TOOLS_DIR = PROJECT_ROOT / 'restbench tools'
if str(RESTBENCH_TOOLS_DIR) not in sys.path:
    sys.path.insert(0, str(RESTBENCH_TOOLS_DIR))

from Search_collections import Search_collections
from Get_collection_details import Get_collection_details
from Get_movie_images import Get_movie_images

import traceback

# ----------------------------------------------------------------------
# Module-level constants derived from user_requirement
SEARCH_QUERY = ""Harry Potter""
IMAGE_BASE_URL = ""https://image.tmdb.org/t/p/original""

# ----------------------------------------------------------------------
def search_collection():
    """"""
    Search for collections using the given query.
    Returns the ID of the first collection result.
    """"""
    data = Search_collections(SEARCH_QUERY)
    results = data.get(""results"", [])
    if not results:
        raise ValueError(""No collections found for query: "" + SEARCH_QUERY)
    # Take the first result
    collection = results[0]
    collection_id = collection.get(""id"")
    if collection_id is None:
        raise ValueError(""Collection result missing 'id'"")
    return collection_id


def get_first_movie_id(collection_id):
    """"""
    Retrieve collection details and return the ID of the first movie in the parts array.
    """"""
    coll_data = Get_collection_details(collection_id)
    parts = coll_data.get(""parts"", [])
    if not parts:
        raise ValueError(""Collection has no movies (parts list empty)"")
    first_part = parts[0]
    movie_id = first_part.get(""id"")
    if movie_id is None:
        raise ValueError(""First part missing 'id'"")
    return movie_id


def get_movie_cover(movie_id):
    """"""
    Retrieve images for a movie and return the full URL of the first poster.
    """"""
    images = Get_movie_images(movie_id)
    posters = images.get(""posters"", [])
    if not posters:
        raise ValueError(""No poster images found for movie ID: "" + str(movie_id))
    # Take the first poster
    poster = posters[0]
    file_path = poster.get(""file_path"")
    if file_path is None:
        raise ValueError(""Poster entry missing 'file_path'"")
    full_url = IMAGE_BASE_URL + file_path
    return full_url


# ----------------------------------------------------------------------
def main():
    """"""
    Orchestrate the workflow: search collection -> get first movie -> get cover.
    Print the cover URL.
    """"""
    try:
        collection_id = search_collection()
        print(f""Found collection ID: {collection_id}"")

        movie_id = get_first_movie_id(collection_id)
        print(f""First movie ID in collection: {movie_id}"")

        cover_url = get_movie_cover(movie_id)
        print(""Movie cover URL:"")
        print(cover_url)

    except Exception as e:
        traceback.print_exc(file=sys.stderr)
        sys.exit(1)


# ----------------------------------------------------------------------
if __name__ == ""__main__"":
    main()",3,"[""Search_collections"", ""Get_collection_details"", ""Get_movie_images""]",1,"[""restbench tools""]",,40.0256,0.0
What are some keywords for a movie of the collection The Hunger Games?,"Movie ID for 'The Hunger Games': 70160
Keywords for 'The Hunger Games':
  - based on novel or book
  - revolution
  - dystopia
  - monarchy
  - female protagonist
  - fashion
  - bow and arrow
  - game
  - cynical
  - hunting
  - archery
  - death match
  - questioning
  - speculative
  - futuristic city
  - reflective
  - survival competition
  - forced to kill
  - world hunger
  - based on young adult novel
  - futuristic architecture
  - cautionary
  - battle royale
  - provocative
  - dramatic
  - critical
  - tense
  - depressing
  - assertive
  - bold
  - defiant
  - hopeful
  - powerful
  - sardonic
  - sympathetic
  - tragic
  - futuristic world",1,1,3,4914,0,[],0,0,0,0,0,"import sys
from pathlib import Path
PROJECT_ROOT = Path(__file__).resolve().parents[1]
RESTBENCH_TOOLS_DIR = PROJECT_ROOT / 'restbench tools'
if str(RESTBENCH_TOOLS_DIR) not in sys.path:
    sys.path.insert(0, str(RESTBENCH_TOOLS_DIR))

from Search_movie import Search_movie
from Get_movie_keywords import Get_movie_keywords

import traceback

# Module-level constants derived from user requirement
SEARCH_QUERY = ""The Hunger Games""


def search_movie_id(query: str) -> int:
    """"""Search for a movie and return the ID of the first result.""""""
    data = Search_movie(query)
    # Rule 10: access exact schema keys
    results = data.get(""results"", [])
    if not results:
        raise ValueError(f""No movies found for query: {query!r}"")
    return results[0][""id""]


def fetch_keywords(movie_id: int) -> list:
    """"""Fetch keywords for a movie and return a list of keyword names.""""""
    data = Get_movie_keywords(movie_id)
    # Schema: keywords is an array of objects with 'name'
    keywords = data.get(""keywords"", [])
    if not keywords:
        return []  # empty list is a valid success state (Rule 7)
    return [kw[""name""] for kw in keywords]


def main():
    try:
        movie_id = search_movie_id(SEARCH_QUERY)
        print(f""Movie ID for '{SEARCH_QUERY}': {movie_id}"")
        keyword_list = fetch_keywords(movie_id)
        print(f""Keywords for '{SEARCH_QUERY}':"")
        if not keyword_list:
            print(""  (none)"")
        else:
            for kw in keyword_list:
                print(f""  - {kw}"")
    except Exception:
        # Rule 9: print full traceback to stderr
        traceback.print_exc(file=sys.stderr)


if __name__ == ""__main__"":
    main()",2,"[""Search_movie"", ""Get_movie_keywords""]",1,"[""restbench tools""]",,41.4026,0.0
When are the release dates for the movies of the collection The Hobbit?,"Release dates for The Hobbit collection movies:
2012-12-12
2013-12-11
2014-12-10",1,1,3,5409,0,[],0,0,0,0,0,"import sys
from pathlib import Path
PROJECT_ROOT = Path(__file__).resolve().parents[1]
RESTBENCH_TOOLS_DIR = PROJECT_ROOT / 'restbench tools'
if str(RESTBENCH_TOOLS_DIR) not in sys.path:
    sys.path.insert(0, str(RESTBENCH_TOOLS_DIR))

from Search_collections import Search_collections
from Get_collection_details import Get_collection_details

import traceback

# Module-level constants
SEARCH_QUERY = ""The Hobbit""

def search_collection_id(query):
    """"""
    Search for a collection by query and return its ID.
    Uses lenient matching on the collection name.
    """"""
    response = Search_collections(query)
    results = response.get(""results"", [])
    if not results:
        return None
    # Lenient matching: first result with ""hobbit"" in its name (case-insensitive)
    for collection in results:
        name = collection.get(""name"", """")
        if ""hobbit"" in name.lower():
            return collection.get(""id"")
    # Fallback: return first result's id if no lenient match
    return results[0].get(""id"")

def get_collection_movies_release_dates(collection_id):
    """"""
    Fetch collection details and return a list of release dates for its movies.
    """"""
    details = Get_collection_details(collection_id)
    parts = details.get(""parts"", [])
    release_dates = []
    for part in parts:
        release_date = part.get(""release_date"")
        if release_date is not None:
            release_dates.append(release_date)
    return release_dates

def main():
    try:
        collection_id = search_collection_id(SEARCH_QUERY)
        if collection_id is None:
            print(""No collection found for 'The Hobbit'."")
            return
        release_dates = get_collection_movies_release_dates(collection_id)
        if not release_dates:
            print(""No movies found in the collection (empty parts)."")
            return
        print(""Release dates for The Hobbit collection movies:"")
        for date in release_dates:
            print(date)
    except Exception:
        print(""An error occurred:"", file=sys.stderr)
        traceback.print_exc(file=sys.stderr)

if __name__ == ""__main__"":
    main()",2,"[""Search_collections"", ""Get_collection_details""]",1,"[""restbench tools""]",,19.3456,0.0
List movies from The Fast and the Furious collection,"Movies in the collection (ID 9485):
- Unknown (2003-06-05)
- Unknown (2006-06-03)
- Unknown (2001-06-22)
- Unknown (2011-04-20)
- Unknown (2013-05-21)
- Unknown (2015-04-01)
- Unknown (2009-04-02)
- Unknown (2017-04-12)
- Unknown (2023-05-17)
- Unknown (2021-05-19)
- Unknown (2028-03-16)
- Unknown (2019-07-31)",0,0,3,5374,0,[],0,0,0,0,0,"import sys
from pathlib import Path
PROJECT_ROOT = Path(__file__).resolve().parents[1]
RESTBENCH_TOOLS_DIR = PROJECT_ROOT / 'restbench tools'
if str(RESTBENCH_TOOLS_DIR) not in sys.path:
    sys.path.insert(0, str(RESTBENCH_TOOLS_DIR))

from Search_collections import Search_collections
from Get_collection_details import Get_collection_details

SEARCH_QUERY = ""The Fast and the Furious""


def find_collection_id(query):
    """"""
    Search for a collection by query and return its ID.
    """"""
    data = Search_collections(query)
    results = data.get(""results"", [])
    if not results:
        raise Exception(f""No collection found for query '{query}'"")
    # Assume the first result is the desired collection
    return results[0][""id""]


def get_collection_movies(collection_id):
    """"""
    Retrieve movie list for a given collection ID.
    """"""
    data = Get_collection_details(collection_id)
    parts = data.get(""parts"", [])
    return parts


def main():
    try:
        collection_id = find_collection_id(SEARCH_QUERY)
        movies = get_collection_movies(collection_id)

        if not movies:
            print(f""No movies found in the collection with ID {collection_id}"")
        else:
            print(f""Movies in the collection (ID {collection_id}):"")
            for movie in movies:
                name = movie.get(""name"", ""Unknown"")
                release = movie.get(""release_date"", ""N/A"")
                print(f""- {name} ({release})"")
    except Exception:
        import sys
        import traceback
        traceback.print_exc(file=sys.stderr)


if __name__ == ""__main__"":
    main()",2,"[""Search_collections"", ""Get_collection_details""]",1,"[""restbench tools""]",,26.7239,0.0
Give me a review of a movie from the collection The Fast and the Furious.,"Review by John Chard (rating: 6.0):
Get revved up for a bit of car porn.



The second instalment of what will become an on going film franchise, 2 Fast 2 Furious ticks all the boxes of the action junkie fan. Paul Walker is back as Brian O'Conner and joined by Tyrese Gibson and Eva Mendes, who all get involved in an undercover job to bring down Cole Hauser's nefarious bad guy. There's lots of awesome cars, pecs and breasts, noise, carnage, violence and awful dialogue. The story is weak, but are we really looking for some brains over brawn here? We want car porn and we want it now! And so it delivers as per our polite request. John Singleton directs, David Arnold scores the music and Matthew F. Leonetti photographs the sumptuous Florida locations. 6/10",1,1,3,6260,0,[],0,0,0,0,0,"import sys
from pathlib import Path
PROJECT_ROOT = Path(__file__).resolve().parents[1]
RESTBENCH_TOOLS_DIR = PROJECT_ROOT / 'restbench tools'
if str(RESTBENCH_TOOLS_DIR) not in sys.path:
    sys.path.insert(0, str(RESTBENCH_TOOLS_DIR))

from Search_collections import Search_collections
from Get_collection_details import Get_collection_details
from Get_movie_reviews import Get_movie_reviews

import traceback

# ── Module-level constants (derived from user requirement) ──
SEARCH_QUERY = ""The Fast and the Furious""
SELECTED_MOVIE_INDEX = 0      # first movie in collection
REVIEW_INDEX = 0               # first review found


def find_collection_id():
    """"""Search for the collection and return its ID (first result).""""""
    data = Search_collections(SEARCH_QUERY)
    results = data.get(""results"", [])
    if not results:
        raise RuntimeError(""No collection found for query: "" + SEARCH_QUERY)
    # Use the first collection result
    return results[0][""id""]


def get_first_movie_id(collection_id):
    """"""Get the first movie ID from the collection details.""""""
    details = Get_collection_details(collection_id)
    parts = details.get(""parts"", [])
    if not parts:
        raise RuntimeError(""No movies found in the collection."")
    return parts[SELECTED_MOVIE_INDEX][""id""]


def get_movie_reviews(movie_id):
    """"""Fetch reviews for the given movie ID.""""""
    reviews_data = Get_movie_reviews(movie_id)
    results = reviews_data.get(""results"", [])
    if not results:
        # No reviews – still success (empty list is valid per Rule7)
        return None
    return results


def display_review(review):
    """"""Print one review in a readable format.""""""
    if review is None:
        print(""No reviews available for this movie."")
        return
    author = review.get(""author"", ""Unknown"")
    content = review.get(""content"", """")
    rating = review.get(""author_details"", {}).get(""rating"", ""N/A"")
    print(f""Review by {author} (rating: {rating}):\n{content}\n"")


def main():
    try:
        coll_id = find_collection_id()
        movie_id = get_first_movie_id(coll_id)
        reviews = get_movie_reviews(movie_id)
        if reviews:
            chosen_review = reviews[REVIEW_INDEX]
            display_review(chosen_review)
        else:
            display_review(None)
    except Exception:
        traceback.print_exc(file=sys.stderr)
        sys.exit(1)


if __name__ == ""__main__"":
    main()",3,"[""Search_collections"", ""Get_collection_details"", ""Get_movie_reviews""]",1,"[""restbench tools""]",,25.5135,0.0
When was the first movie of the collection Lord of the Rings released?,The first movie of the Lord of the Rings collection was released on 2002-04-01.,1,1,3,5491,0,[],0,0,0,0,0,"import sys
from pathlib import Path
PROJECT_ROOT = Path(__file__).resolve().parents[1]
RESTBENCH_TOOLS_DIR = PROJECT_ROOT / 'restbench tools'
if str(RESTBENCH_TOOLS_DIR) not in sys.path:
    sys.path.insert(0, str(RESTBENCH_TOOLS_DIR))

from Search_collections import Search_collections
from Get_collection_details import Get_collection_details

import traceback
from datetime import datetime

# -------------------------------------------------------------------
# Module-level constants (hardcoded from user requirement)
# -------------------------------------------------------------------
SEARCH_QUERY = ""Lord of the Rings""
DATE_FORMAT = ""%Y-%m-%d""  # format as returned by the API


# -------------------------------------------------------------------
# Helper functions (modular, each with clear I/O and error handling)
# -------------------------------------------------------------------

def search_collection(query: str) -> int:
    """"""
    Search for a movie collection by name and return its TMDB collection ID.
    Uses the provided Search_collections API function.
    """"""
    result = Search_collections(query)
    # Guard: no results
    if not result.get(""results""):
        raise ValueError(f""No collection found for query '{query}'"")
    # Take the first result as the most relevant
    first = result[""results""][0]
    collection_id = first.get(""id"")
    if collection_id is None:
        raise KeyError(""Search result does not contain 'id'"")
    return collection_id


def get_collection_parts(collection_id: int) -> list:
    """"""
    Fetch collection details and return the list of movies (parts).
    """"""
    details = Get_collection_details(collection_id)
    parts = details.get(""parts"")
    if parts is None:
        raise KeyError(f""Collection details for ID {collection_id} have no 'parts' key"")
    return parts


def find_earliest_release_date(movies: list) -> str:
    """"""
    Given a list of movie dicts (from collection parts), return the
    earliest release date as a string (YYYY-MM-DD).
    Movies with no release_date or null are skipped.
    """"""
    earliest_date = None  # will hold datetime object
    for movie in movies:
        release_date_str = movie.get(""release_date"")
        if not release_date_str:
            continue  # skip movies without a release date
        try:
            dt = datetime.strptime(release_date_str, DATE_FORMAT)
        except (ValueError, TypeError):
            # Date is malformed or not a string – skip it
            continue
        if earliest_date is None or dt < earliest_date:
            earliest_date = dt

    if earliest_date is None:
        raise ValueError(""No valid release date found among the collection parts"")
    return earliest_date.strftime(DATE_FORMAT)


def main():
    """"""
    Orchestrate the whole flow: search for collection, get its movies,
    find earliest release, and print the result.
    """"""
    # Step 1: Search for the collection
    collection_id = search_collection(SEARCH_QUERY)

    # Step 2: Get all movies in the collection
    movies = get_collection_parts(collection_id)

    # Step 3: Find the earliest release date
    earliest = find_earliest_release_date(movies)

    # Step 4: Print a clear, task-oriented output
    print(f""The first movie of the {SEARCH_QUERY} collection was released on {earliest}."")


# -------------------------------------------------------------------
# Entry point – only orchestrates; no core logic inside
# -------------------------------------------------------------------
if __name__ == ""__main__"":
    try:
        main()
    except Exception as exc:
        traceback.print_exc(file=sys.stderr)
        sys.exit(1)",2,"[""Search_collections"", ""Get_collection_details""]",1,"[""restbench tools""]",,30.2212,0.0
tell me the directors of the first season of House of Cards,"Searching for TV show: House of Cards
Fetching crew for season 1 (series ID 1425)

No directors found for 'House of Cards' Season 1.",0,0,3,5766,0,[],0,0,0,0,0,"import sys
from pathlib import Path
PROJECT_ROOT = Path(__file__).resolve().parents[1]
RESTBENCH_TOOLS_DIR = PROJECT_ROOT / 'restbench tools'
if str(RESTBENCH_TOOLS_DIR) not in sys.path:
    sys.path.insert(0, str(RESTBENCH_TOOLS_DIR))

from Search_tv import Search_tv
from Get_tv_season_credits import Get_tv_season_credits

import traceback

# ----------------------------------------------------------------------
# Module‑level constants derived from user requirement
# ----------------------------------------------------------------------
SHOW_NAME = ""House of Cards""
SEASON_NUMBER = 1
# No other external inputs are needed – script runs as `python script.py`

# ----------------------------------------------------------------------
# Helper functions (each encapsulates one API call or one transformation)
# ----------------------------------------------------------------------

def find_show_id(show_name: str) -> int:
    """"""
    Search for TV show by name and return its TMDB id.
    Raises ValueError if no matching show is found.
    """"""
    data = Search_tv(query=show_name)           # calls provided API function
    results = data.get(""results"", [])
    if not results:
        raise ValueError(f""No results for TV show '{show_name}'"")

    # Lenient matching: compare lower‑cased names
    for entry in results:
        candidate = entry.get(""name"") or entry.get(""original_name"")
        if candidate and candidate.lower() == show_name.lower():
            return entry[""id""]

    # If exact match fails, fall back to first result's id (optional)
    # But the user explicitly asked for ""House of Cards"", so we should find
    # it. However Rule 14: avoid strict ==, so we fallback gracefully.
    # We'll print a warning and still use first result's id.
    print(f""Warning: no exact match for '{show_name}'. Using first result."",
          file=sys.stderr)
    return results[0][""id""]


def get_season_crew(series_id: int, season_number: int) -> list:
    """"""
    Fetch crew credits for a given TV season.
    Returns the list of crew members (dicts).
    """"""
    credits = Get_tv_season_credits(series_id, season_number)
    crew = credits.get(""crew"", [])
    return crew


def extract_directors(crew: list) -> list:
    """"""
    From a list of crew dicts, return names of those whose job is ""Director"".
    Comparison is performed case‑insensitively to satisfy Rule 14.
    """"""
    directors = []
    for member in crew:
        job = member.get(""job"", """")
        if job.lower() == ""director"":
            directors.append(member.get(""name"", ""Unknown""))
    return directors


# ----------------------------------------------------------------------
# Main orchestration – no core logic, only glue calls
# ----------------------------------------------------------------------

def main():
    try:
        print(f""Searching for TV show: {SHOW_NAME}"")
        show_id = find_show_id(SHOW_NAME)

        print(f""Fetching crew for season {SEASON_NUMBER} (series ID {show_id})"")
        crew_list = get_season_crew(show_id, SEASON_NUMBER)

        director_names = extract_directors(crew_list)

        if director_names:
            print(f""\nDirectors of '{SHOW_NAME}' Season {SEASON_NUMBER}:"")
            for name in director_names:
                print(f""  • {name}"")
        else:
            print(f""\nNo directors found for '{SHOW_NAME}' Season {SEASON_NUMBER}."")

    except Exception:
        print(""Fatal error in main pipeline:"", file=sys.stderr)
        traceback.print_exc(file=sys.stderr)
        sys.exit(1)


if __name__ == ""__main__"":
    main()",2,"[""Search_tv"", ""Get_tv_season_credits""]",1,"[""restbench tools""]",,29.0486,0.0
I want some tv shows that similar to House of Cards,"Searching for TV show: 'House of Cards' ...
Found ID: 1425
Fetching similar shows ...
Found 20 similar TV show(s):
--------------------------------------------------
 1. Thriller (First aired: 1973-04-14, Rating: 6.909)
 2. Electromagnetic Girlfriend (First aired: 2009-05-01, Rating: 6.844)
 3. NYPD Blue (First aired: 1993-09-21, Rating: 7.052)
 4. Washington: Behind Closed Doors (First aired: 1977-09-06, Rating: 7.75)
 5. The Debut (First aired: 2021-03-16, Rating: 9.0)
 6. 公主的交换人生 (First aired: 2023-08-14, Rating: 0.0)
 7. Bodies (First aired: 2023-10-19, Rating: 7.116)
 8. Money Game (First aired: 2020-01-15, Rating: 8.7)
 9. The Killer Next Door (First aired: 2025-08-04, Rating: 4.667)
10. Casino (First aired: 2006-03-01, Rating: 8.0)
11. The Politician's Husband (First aired: 2013-04-25, Rating: 6.8)
12. Secret Love (First aired: 2013-09-25, Rating: 8.095)
13. Battleground (First aired: 2012-02-14, Rating: 8.8)
14. 暗光 (First aired: 2025-06-28, Rating: 7.0)
15. Secrets We Keep (First aired: 2025-05-15, Rating: 6.681)
16. The Asset (First aired: 2025-10-27, Rating: 7.2)
17. G.B.H. (First aired: 1991-06-06, Rating: 6.294)
18. The Thunder Punch (First aired: 2014-06-07, Rating: 0.0)
19. Count Krestovsky (First aired: 2004-09-27, Rating: 0.0)
20. Cain's Hundred (First aired: 1961-09-19, Rating: 5.25)",1,1,3,5343,0,[],0,0,0,0,0,"import sys
from pathlib import Path
PROJECT_ROOT = Path(__file__).resolve().parents[1]
RESTBENCH_TOOLS_DIR = PROJECT_ROOT / 'restbench tools'
if str(RESTBENCH_TOOLS_DIR) not in sys.path:
    sys.path.insert(0, str(RESTBENCH_TOOLS_DIR))

from Search_tv import Search_tv
from Get_similar_tv import Get_similar_tv

import traceback

# --- Module-level constants (pinned from user requirement) ---
SEARCH_QUERY = ""House of Cards""
# No additional constants needed; we will output all similar shows.

# --- Helper functions ---

def search_tv_show(query: str) -> int:
    """"""
    Search for a TV show and return its unique ID.
    Raises ValueError if no show is found matching the query.
    """"""
    response = Search_tv(query)
    results = response.get(""results"", [])
    if not results:
        raise ValueError(f""No TV show found for query: '{query}'"")

    # Use the first result's id
    show_id = results[0].get(""id"")
    if show_id is None:
        raise ValueError(""Search result missing 'id' field."")
    return show_id


def fetch_similar_shows(series_id: int) -> list:
    """"""
    Fetch similar TV shows for the given series ID.
    Returns a list of result dictionaries.
    """"""
    response = Get_similar_tv(series_id)
    results = response.get(""results"", [])
    return results


def print_similar_shows(shows: list) -> None:
    """"""
    Print a user-friendly list of similar shows.
    """"""
    if not shows:
        print(""No similar shows found."")
        return

    print(f""Found {len(shows)} similar TV show(s):"")
    print(""-"" * 50)
    for i, show in enumerate(shows, start=1):
        name = show.get(""name"", ""Unknown"")
        first_air = show.get(""first_air_date"", ""N/A"")
        rating = show.get(""vote_average"", ""N/A"")
        print(f""{i:2d}. {name} (First aired: {first_air}, Rating: {rating})"")


def main() -> None:
    """"""
    Orchestrate the workflow:
    1. Search for ""House of Cards"" to get its ID.
    2. Fetch similar shows using that ID.
    3. Print the results.
    """"""
    try:
        print(f""Searching for TV show: '{SEARCH_QUERY}' ..."")
        show_id = search_tv_show(SEARCH_QUERY)
        print(f""Found ID: {show_id}"")

        print(""Fetching similar shows ..."")
        similar_shows = fetch_similar_shows(show_id)
        print_similar_shows(similar_shows)

    except Exception as e:
        print(f""\nAn error occurred: {e}"", file=sys.stderr)
        traceback.print_exc(file=sys.stderr)
        sys.exit(1)


if __name__ == ""__main__"":
    main()",2,"[""Search_tv"", ""Get_similar_tv""]",1,"[""restbench tools""]",,25.8728,0.0
When did the most popular TV show currently on the air start?,The most popular TV show currently on the air started on: 2022-08-21,1,1,3,7026,0,[],0,0,0,0,0,"import sys
from pathlib import Path
PROJECT_ROOT = Path(__file__).resolve().parents[1]
RESTBENCH_TOOLS_DIR = PROJECT_ROOT / 'restbench tools'
if str(RESTBENCH_TOOLS_DIR) not in sys.path:
    sys.path.insert(0, str(RESTBENCH_TOOLS_DIR))

from Get_on_the_air_tv import Get_on_the_air_tv
from Get_tv_details import Get_tv_details

import traceback

# Module-level constants derived from user requirement and response schemas
POPULARITY_KEY = 'popularity'
ID_KEY = 'id'
FIRST_AIR_DATE_KEY = 'first_air_date'

def fetch_on_the_air_shows():
    """"""
    Fetch the list of TV shows airing in the next 7 days.
    Returns:
        list: The 'results' list from the API response.
    Raises:
        SystemExit on failure.
    """"""
    try:
        data = Get_on_the_air_tv()
        return data.get('results', [])
    except Exception:
        print(""ERROR: Failed to fetch on-the-air shows."", file=sys.stderr)
        traceback.print_exc(file=sys.stderr)
        sys.exit(1)

def find_most_popular_show(shows):
    """"""
    Given a list of show objects, find the one with the highest popularity.
    Args:
        shows (list): List of show dicts.
    Returns:
        int or None: The TMDB ID of the most popular show, or None if empty.
    """"""
    if not shows:
        return None

    max_popularity = -1.0
    most_popular_id = None

    for show in shows:
        pop = show.get(POPULARITY_KEY, 0)
        if pop > max_popularity:
            max_popularity = pop
            most_popular_id = show.get(ID_KEY)

    return most_popular_id

def fetch_show_first_air_date(show_id):
    """"""
    Retrieve the first air date for a given TV show ID.
    Args:
        show_id (int): TMDB series ID.
    Returns:
        str: The first air date in YYYY-MM-DD format.
    Raises:
        SystemExit on failure.
    """"""
    try:
        details = Get_tv_details(show_id)
        return details[FIRST_AIR_DATE_KEY]
    except Exception:
        print(f""ERROR: Failed to fetch details for series ID {show_id}."", file=sys.stderr)
        traceback.print_exc(file=sys.stderr)
        sys.exit(1)

def main():
    # Step 1: Get all on-the-air shows
    shows = fetch_on_the_air_shows()

    # Step 2: Identify the most popular show's ID
    popular_show_id = find_most_popular_show(shows)

    if popular_show_id is None:
        print(""No TV shows currently on the air."")
        return

    # Step 3: Retrieve its first air date
    start_date = fetch_show_first_air_date(popular_show_id)

    # Output the result
    print(f""The most popular TV show currently on the air started on: {start_date}"")

if __name__ == ""__main__"":
    main()",2,"[""Get_on_the_air_tv"", ""Get_tv_details""]",1,"[""restbench tools""]",,37.2475,0.0
tell me a few more works directed by the director of Django Unchained,"Works directed by the director of 'Django Unchained':
  - Four Rooms
  - Grindhouse
  - Reservoir Dogs
  - Reservoir Dogs
  - Pulp Fiction
  - Jackie Brown
  - Kill Bill: Vol. 2
  - Kill Bill: Vol. 1
  - Death Proof
  - Inglourious Basterds
  - Django Unchained
  - The Hateful Eight
  - Once Upon a Time... in Hollywood
  - Kill Bill: The Whole Bloody Affair
  - The Lost Chapter: Yuki's Revenge",1,1,3,6758,0,[],0,0,0,0,0,"import sys
from pathlib import Path
PROJECT_ROOT = Path(__file__).resolve().parents[1]
RESTBENCH_TOOLS_DIR = PROJECT_ROOT / 'restbench tools'
if str(RESTBENCH_TOOLS_DIR) not in sys.path:
    sys.path.insert(0, str(RESTBENCH_TOOLS_DIR))

from Search_movie import Search_movie
from Get_movie_credits import Get_movie_credits
from Get_person_movie_credits import Get_person_movie_credits

import traceback

# ===== Module-level constants =====
MOVIE_TITLE = ""Django Unchained""
JOB_DIRECTOR = ""Director""  # exact value from crew schema


def search_movie_id(title: str) -> int:
    """"""Return the first movie ID matching the title.""""""
    result = Search_movie(title)
    if not result.get(""results""):
        raise RuntimeError(f""No movies found for title: {title}"")
    return result[""results""][0][""id""]


def get_director_person_id(movie_id: int) -> int:
    """"""Return the person ID of the director for the given movie.""""""
    credits = Get_movie_credits(movie_id)
    crew = credits.get(""crew"", [])
    for member in crew:
        if member.get(""job"") == JOB_DIRECTOR:
            return member[""id""]
    raise RuntimeError(f""No director found in crew of movie ID {movie_id}"")


def get_directed_movies(person_id: int) -> list:
    """"""Return titles of movies directed by the person.""""""
    person_credits = Get_person_movie_credits(person_id)
    crew_list = person_credits.get(""crew"", [])
    # Filter only entries where job is ""Director""
    directed = [entry[""title""] for entry in crew_list if entry.get(""job"") == JOB_DIRECTOR]
    return directed


def main() -> None:
    """"""Orchestrate the workflow and display directed works.""""""
    # Step 1: Find Django Unchained movie
    django_id = search_movie_id(MOVIE_TITLE)
    # Step 2: Get director
    director_id = get_director_person_id(django_id)
    # Step 3: Get all works directed by that person
    works = get_directed_movies(director_id)
    if not works:
        print(f""No additional works found for director of '{MOVIE_TITLE}'."")
    else:
        print(f""Works directed by the director of '{MOVIE_TITLE}':"")
        for title in works:
            print(f""  - {title}"")


if __name__ == ""__main__"":
    try:
        main()
    except Exception:
        traceback.print_exc(file=sys.stderr)
        sys.exit(1)",3,"[""Search_movie"", ""Get_movie_credits"", ""Get_person_movie_credits""]",1,"[""restbench tools""]",,42.9824,0.0
tell me the cast of a TV show on the air,"Selected show: Agent Kim Reactivated (ID: 296206)

Cast of the selected TV show (airing today):
--------------------------------------------------
So Ji-sub as Manager Kim
Choi Dae-hoon as Seong Han-su
Yoon Kyung-ho as Park Jin-cheol
Ju Sang-uk as Ju Kang-chan
Son Na-eun as Sang-ah
Lee Dong-ha as 
Jo Bok-rae as Golden Teeth
Kim Sung-kyu as 
Won Hyun-jun as Kang Guk-cheol
Won Tae-min as Shin Seong-ho
--------------------------------------------------",1,1,3,5713,0,[],0,0,0,0,0,"import sys
from pathlib import Path
PROJECT_ROOT = Path(__file__).resolve().parents[1]
RESTBENCH_TOOLS_DIR = PROJECT_ROOT / 'restbench tools'
if str(RESTBENCH_TOOLS_DIR) not in sys.path:
    sys.path.insert(0, str(RESTBENCH_TOOLS_DIR))

from Get_airing_today_tv import Get_airing_today_tv
from Get_tv_latest_season_credits import Get_tv_latest_season_credits

import traceback

# --- Module-level constants (hardcoded from user requirement) ---
SHOW_INDEX = 0          # Select the first show from the airing-today list

# ----------------------------------------------------------------------
# Helper functions
# ----------------------------------------------------------------------
def get_airing_today_shows():
    """"""
    Fetch list of TV shows airing today via the TMDB API.
    Returns the list of shows (each a dict with 'id', 'name', etc.).
    Handles empty/missing results gracefully.
    """"""
    data = Get_airing_today_tv()
    results = data.get(""results"", [])
    if not results:
        print(""No TV shows airing today."")
        sys.exit(0)
    return results


def select_show_by_index(shows):
    """"""
    Pick a show from the list using the module-level SHOW_INDEX.
    Returns the selected show dict.
    """"""
    if SHOW_INDEX >= len(shows):
        # If index out of range, fall back to first show
        idx = 0
    else:
        idx = SHOW_INDEX
    return shows[idx]


def get_tv_cast(series_id):
    """"""
    Retrieve the latest season credits (cast) for a given TV series ID.
    Returns the list of cast members.
    """"""
    credits = Get_tv_latest_season_credits(series_id)
    cast = credits.get(""cast"", [])
    if not cast:
        print(""No cast information available for this show."")
        sys.exit(0)
    return cast


def display_cast(cast):
    """"""
    Print a readable list of cast members with their character names.
    """"""
    print(""Cast of the selected TV show (airing today):"")
    print(""-"" * 50)
    for member in cast:
        name = member.get(""name"", ""Unknown"")
        character = member.get(""character"", ""Unknown role"")
        print(f""{name} as {character}"")
    print(""-"" * 50)


# ----------------------------------------------------------------------
# Main orchestration
# ----------------------------------------------------------------------
def main():
    # Step 1: Get all shows airing today
    all_shows = get_airing_today_shows()

    # Step 2: Select one show (first by default)
    selected_show = select_show_by_index(all_shows)
    show_name = selected_show.get(""name"", ""Unnamed Show"")
    show_id = selected_show[""id""]   # guaranteed per schema

    print(f""\nSelected show: {show_name} (ID: {show_id})\n"")

    # Step 3: Get the cast of that show's latest season
    cast = get_tv_cast(show_id)

    # Step 4: Display the cast
    display_cast(cast)


# ----------------------------------------------------------------------
# Entry point with top‑level exception handler
# ----------------------------------------------------------------------
if __name__ == ""__main__"":
    try:
        main()
    except Exception:
        traceback.print_exc(file=sys.stderr)
        sys.exit(1)",2,"[""Get_airing_today_tv"", ""Get_tv_latest_season_credits""]",1,"[""restbench tools""]",,35.4652,0.0
I need a review for Breaking Bad,"🔍 Searching for TV show: Breaking Bad
✅ Found show with TMDB ID: 1396
📖 Fetching reviews for series ID: 1396
📊 Total reviews retrieved: 5

--- Review #1 ---
Author: slyone10001
Rating: 10.0/10
Reviewed on: 2018-04-10T15:44:38Z
Content: Wow....where to start. Not really into ""DRUG"" inspired shows. But this one had me from the start. The only bad about this show was the split seasons when it was a first run show. But now you can go right through to the next episode with out having to wait.....MUST WATCH ! !
---

--- Review #2 ---
Author: Dean
Rating: 10.0/10
Reviewed on: 2019-09-30T09:02:26Z
Content: I'll be honest, at first when I started this TV show and finished first season, I didn't like it. It felt boring for me and I stopped watching, but after few years, I decided to give it a chance and continue. I'm so happy because of my decision, because after finishing this TV show, I can definitely...
---

--- Review #3 ---
Author: l33t5p34k3r
Rating: 9.0/10
Reviewed on: 2020-06-10T07:29:33Z
Content: Started out really good, but dropped quality after the second to last season
---

--- Review #4 ---
Author: drystyx
Rating: 3.0/10
Reviewed on: 2023-04-02T17:02:14Z
Content: This is the kind of TV show for the ""formula lovers"" who want to feel superior.
 There is an air of the superiority complex of the ""drug knowledgeable"" crowd in this series about a ""smart guy"" breaking into the drug trade.
 His ""talent"" makes him the important cog in the machine. He can call his sho...
---

--- Review #5 ---
Author: mroogway__
Rating: 10.0/10
Reviewed on: 2026-05-24T23:04:28Z
Content: My favorite TV show of all time. Such a timeless masterpiece that never disappoints every rewatch. A MUST WATCH!
---",1,1,3,5466,0,[],0,0,0,0,0,"import sys
from pathlib import Path
PROJECT_ROOT = Path(__file__).resolve().parents[1]
RESTBENCH_TOOLS_DIR = PROJECT_ROOT / 'restbench tools'
if str(RESTBENCH_TOOLS_DIR) not in sys.path:
    sys.path.insert(0, str(RESTBENCH_TOOLS_DIR))

from Search_tv import Search_tv
from Get_tv_series_reviews import Get_tv_series_reviews

import traceback

# ──────────────────────────────────────────────────────────
# Module-level constants – hardcoded per user requirement
# ──────────────────────────────────────────────────────────
SEARCH_QUERY = ""Breaking Bad""       # show to look up
TOP_N_REVIEWS = None                # None means print all reviews

# ──────────────────────────────────────────────────────────
# Helper: search for TV show and return its TMDB ID
# ──────────────────────────────────────────────────────────
def search_show_and_get_id(query: str) -> int:
    """"""Call Search_tv, return the 'id' of the first result.
    
    Raises ValueError if no results are returned.
    """"""
    data = Search_tv(query)
    results = data.get(""results"", [])
    if not results:
        raise ValueError(f""No TV show found for query: '{query}'"")
    # Assume the first result is the correct show
    return results[0][""id""]

# ──────────────────────────────────────────────────────────
# Helper: retrieve reviews for a given TV series ID
# ──────────────────────────────────────────────────────────
def get_reviews_for_series(series_id: int) -> list:
    """"""Call Get_tv_series_reviews and return the list of review objects.""""""
    data = Get_tv_series_reviews(series_id)
    # response_schema guarantees a ""results"" key (may be empty list)
    return data.get(""results"", [])

# ──────────────────────────────────────────────────────────
# Helper: format a single review for human-readable output
# ──────────────────────────────────────────────────────────
def format_review(review: dict) -> str:
    """"""Extract key fields from a review dict and return a formatted string.""""""
    author = review.get(""author"", ""Unknown"")
    rating = review.get(""author_details"", {}).get(""rating"", ""N/A"")
    content = review.get(""content"", """")
    # Truncate content for readability, keep first 300 characters
    excerpt = content[:300].replace('\n', ' ') + (""..."" if len(content) > 300 else """")
    created = review.get(""created_at"", ""Unknown"")
    return (
        f""Author: {author}\n""
        f""Rating: {rating}/10\n""
        f""Reviewed on: {created}\n""
        f""Content: {excerpt}\n""
        f""---""
    )

# ──────────────────────────────────────────────────────────
# Main orchestrator
# ──────────────────────────────────────────────────────────
def main_flow() -> None:
    """"""Orchestrate: search for show, get reviews, print them.""""""
    # Step 1: search for the TV show
    print(f""🔍 Searching for TV show: {SEARCH_QUERY}"")
    show_id = search_show_and_get_id(SEARCH_QUERY)
    print(f""✅ Found show with TMDB ID: {show_id}"")

    # Step 2: fetch reviews
    print(f""📖 Fetching reviews for series ID: {show_id}"")
    reviews = get_reviews_for_series(show_id)
    print(f""📊 Total reviews retrieved: {len(reviews)}\n"")

    if not reviews:
        print(""No reviews found for this show."")
        return

    # Step 3: display each review (optionally limit to TOP_N)
    to_display = reviews if TOP_N_REVIEWS is None else reviews[:TOP_N_REVIEWS]
    for idx, review in enumerate(to_display, start=1):
        print(f""--- Review #{idx} ---"")
        print(format_review(review))
        print()

# ──────────────────────────────────────────────────────────
# Entry point
# ──────────────────────────────────────────────────────────
if __name__ == ""__main__"":
    try:
        main_flow()
    except Exception:
        print(""❌ An error occurred:"", file=sys.stderr)
        traceback.print_exc(file=sys.stderr)
        sys.exit(1)",2,"[""Search_tv"", ""Get_tv_series_reviews""]",1,"[""restbench tools""]",,25.6035,0.0
I'm watching the tv series The Last Of Us and I need some more recommendations,"Found 'The Last Of Us' — TMDB ID: 100088

Top 10 recommendations for 'The Last Of Us':

1. 12 Monkeys (First aired: 2015-01-16) — Rating: 7.416
   The provocative story of Cole, a time traveler from a decimated future in a high-stakes race against the clock. Utilizing a dangerous and untested method of time travel, he journeys from 2043 to th...

2. Z Nation (First aired: 2014-09-12) — Rating: 7.266
   Three years after the zombie virus has gutted the country, a team of everyday heroes must transport the only known survivor of the plague from New York to California, where the last functioning vir...

3. Station Eleven (First aired: 2021-12-16) — Rating: 7.062
   The survivors of a devastating flu attempt to rebuild and reimagine the world anew – while holding on to the best of what’s been lost.

4. The Stand (First aired: 2020-12-17) — Rating: 6.81
   In a world mostly wiped out by the plague and embroiled in an elemental struggle between good and evil, the fate of mankind rests on the frail shoulders of the 108-year-old Mother Abagail and a han...

5. War of the Worlds (First aired: 2019-10-28) — Rating: 7.254
   When astronomers detect a transmission from another galaxy, it is definitive proof of intelligent extra-terrestrial life. The world’s population waits for further contact with bated breath. They do...

6. Fallout (First aired: 2024-04-10) — Rating: 8.124
   The story of haves and have-nots in a world in which there's almost nothing left to have. 200 years after the apocalypse, the gentle denizens of luxury fallout shelters are forced to return to the ...

7. The Last Ship (First aired: 2014-06-22) — Rating: 6.868
   Their mission is simple: Find a cure. Stop the virus. Save the world. When a global pandemic wipes out eighty percent of the planet's population, the crew of a lone naval destroyer must find a way ...

8. The Stand (First aired: 1994-05-08) — Rating: 6.808
   After a deadly plague kills most of the world’s population, the remaining survivors split into two groups - one led by a benevolent elder and the other by a maleficent being - to face each other in...

9. The Walking Dead: World Beyond (First aired: 2020-10-04) — Rating: 7.339
   A heroic group of teens sheltered from the dangers of the post-apocalyptic world receive a message that inspires them to leave the safety of the only home they have ever known and embark on a cross...

10. Fear the Walking Dead (First aired: 2015-08-23) — Rating: 7.616
   What did the world look like as it was transforming into the horrifying apocalypse depicted in ""The Walking Dead""? This spin-off set in Los Angeles, following new characters as they face the beginn...",1,1,3,5488,0,[],0,0,0,0,0,"import sys
from pathlib import Path
PROJECT_ROOT = Path(__file__).resolve().parents[1]
RESTBENCH_TOOLS_DIR = PROJECT_ROOT / 'restbench tools'
if str(RESTBENCH_TOOLS_DIR) not in sys.path:
    sys.path.insert(0, str(RESTBENCH_TOOLS_DIR))

from Search_tv import Search_tv
from Get_tv_recommendations import Get_tv_recommendations

import traceback

# ---------- Module-level constants ----------
SEARCH_QUERY = ""The Last Of Us""
MAX_RECOMMENDATIONS = 10          # limit printed recommendations


# ---------- Helper functions ----------
def search_show(query: str) -> int:
    """"""
    Search for a TV show by query and return the TMDB ID of the first result.
    Raises ValueError if no results found.
    """"""
    data = Search_tv(query)
    results = data.get(""results"", [])
    if not results:
        raise ValueError(f""No TV show found for query '{query}'"")
    # Return ID of the first result (assumed most relevant)
    return results[0][""id""]


def get_recommendations(show_id: int) -> list:
    """"""
    Get TV show recommendations for a given TMDB series ID.
    Returns the list of recommended shows (each is a dict).
    """"""
    data = Get_tv_recommendations(show_id)
    return data.get(""results"", [])


def print_recommendations(recommendations: list) -> None:
    """"""
    Print a user-friendly summary of the recommended shows.
    """"""
    if not recommendations:
        print(""No recommendations found."")
        return

    print(f""Top {min(len(recommendations), MAX_RECOMMENDATIONS)} recommendations for 'The Last Of Us':\n"")
    for idx, show in enumerate(recommendations[:MAX_RECOMMENDATIONS], 1):
        name = show.get(""name"", ""Unknown"")
        first_air = show.get(""first_air_date"", ""N/A"")
        rating = show.get(""vote_average"", ""N/A"")
        overview = show.get(""overview"", ""No overview available."")
        # Truncate long overviews for readability
        if len(overview) > 200:
            overview = overview[:197] + ""...""
        print(f""{idx}. {name} (First aired: {first_air}) — Rating: {rating}"")
        print(f""   {overview}\n"")


# ---------- Main orchestration ----------
def main() -> None:
    try:
        # Step 1: Search for the TV series
        show_id = search_show(SEARCH_QUERY)
        print(f""Found 'The Last Of Us' — TMDB ID: {show_id}\n"")

        # Step 2: Get recommendations
        recommendations = get_recommendations(show_id)

        # Step 3: Print results
        print_recommendations(recommendations)

    except Exception:
        print(""An error occurred:"", file=sys.stderr)
        traceback.print_exc(file=sys.stderr)
        sys.exit(1)


if __name__ == ""__main__"":
    main()",2,"[""Search_tv"", ""Get_tv_recommendations""]",1,"[""restbench tools""]",,23.7872,0.0
I'm watching a TV show called The Last Of Us and I need some more recommendations,"Recommendations for 'The Last Of Us':
1. 12 Monkeys (ID: 60948) - Rating: 7.416
2. Z Nation (ID: 61345) - Rating: 7.266
3. Station Eleven (ID: 90972) - Rating: 7.062
4. The Stand (ID: 86382) - Rating: 6.81
5. War of the Worlds (ID: 86374) - Rating: 7.254
6. Fallout (ID: 106379) - Rating: 8.124
7. The Last Ship (ID: 60802) - Rating: 6.868
8. The Stand (ID: 9045) - Rating: 6.808
9. The Walking Dead: World Beyond (ID: 94305) - Rating: 7.339
10. Fear the Walking Dead (ID: 62286) - Rating: 7.616
11. The Walking Dead (ID: 1402) - Rating: 8.086
12. Black Summer (ID: 88052) - Rating: 6.961
13. Sweet Tooth (ID: 103768) - Rating: 7.769
14. Y: The Last Man (ID: 86550) - Rating: 6.696
15. The Strain (ID: 47640) - Rating: 7.463
16. Defiance (ID: 51704) - Rating: 6.767
17. Tracker (ID: 211288) - Rating: 7.553
18. The 100 (ID: 48866) - Rating: 7.88
19. Mr. Robot (ID: 62560) - Rating: 8.267
20. Snowpiercer (ID: 79680) - Rating: 7.364",1,1,3,5478,0,[],0,0,0,0,0,"import sys
from pathlib import Path
PROJECT_ROOT = Path(__file__).resolve().parents[1]
RESTBENCH_TOOLS_DIR = PROJECT_ROOT / 'restbench tools'
if str(RESTBENCH_TOOLS_DIR) not in sys.path:
    sys.path.insert(0, str(RESTBENCH_TOOLS_DIR))

from Search_tv import Search_tv
from Get_tv_recommendations import Get_tv_recommendations

import traceback

# ====== Module-level constants ======
SHOW_NAME = ""The Last Of Us""


def get_show_id(show_name):
    """"""
    Search for a TV show by name and return its TMDB ID.
    Uses a lenient case-insensitive match on the name.
    Falls back to the first result if no exact-ish match is found.
    """"""
    data = Search_tv(show_name)
    results = data.get(""results"", [])
    if not results:
        raise ValueError(f""No search results for '{show_name}'"")

    # Lenient matching: show_name is contained in the result's name (case-insensitive)
    for item in results:
        name = item.get(""name"", """")
        if show_name.lower() in name.lower():
            return item[""id""]

    # If no lenient match, take the first result (as fallback)
    return results[0][""id""]


def fetch_recommendations(show_id):
    """"""
    Fetch TV show recommendations for the given series ID.
    Returns a list of recommendation objects.
    """"""
    data = Get_tv_recommendations(show_id)
    return data.get(""results"", [])


def print_recommendations(recs):
    """"""Print the list of recommendations in a human-readable format.""""""
    if not recs:
        print(""No recommendations found."")
        return

    print(f""Recommendations for '{SHOW_NAME}':"")
    for idx, rec in enumerate(recs, start=1):
        name = rec.get(""name"", ""Unknown"")
        show_id = rec.get(""id"", ""N/A"")
        rating = rec.get(""vote_average"", ""N/A"")
        print(f""{idx}. {name} (ID: {show_id}) - Rating: {rating}"")


def main():
    try:
        show_id = get_show_id(SHOW_NAME)
        recommendations = fetch_recommendations(show_id)
        print_recommendations(recommendations)
    except Exception:
        traceback.print_exc(file=sys.stderr)
        sys.exit(1)


if __name__ == ""__main__"":
    main()",2,"[""Search_tv"", ""Get_tv_recommendations""]",1,"[""restbench tools""]",,25.3316,0.0
"tell me the guest star from season 3, episode 24 of Friends","Guest stars in Friends S03E24:
  - Christine Taylor
  - James Hong
  - Jon Favreau
  - Steve Park
  - Joe O'Connor
  - Robin Williams
  - Billy Crystal
  - Bruce Buffer
  - John McCarthy
  - Sam McMurray",1,1,3,6003,0,[],0,0,0,0,0,"import sys
from pathlib import Path
PROJECT_ROOT = Path(__file__).resolve().parents[1]
RESTBENCH_TOOLS_DIR = PROJECT_ROOT / 'restbench tools'
if str(RESTBENCH_TOOLS_DIR) not in sys.path:
    sys.path.insert(0, str(RESTBENCH_TOOLS_DIR))

from Search_tv import Search_tv
from Get_tv_episode_credits import Get_tv_episode_credits

import traceback

# ── Module-level constants (from user_requirement) ──
SHOW_NAME = ""Friends""
SEASON = 3
EPISODE = 24

# ── Helper functions ──

def find_show_id(show_name: str) -> int:
    """"""
    Search for a TV show and return the ID of the first result.
    Raises ValueError if no results found.
    """"""
    data = Search_tv(show_name)
    results = data.get(""results"", [])
    if not results:
        raise ValueError(f""No show found for '{show_name}'"")
    # Return the id from the first result
    return results[0][""id""]


def get_episode_credits(show_id: int, season: int, episode: int) -> dict:
    """"""Fetch credits for a specific episode.""""""
    return Get_tv_episode_credits(show_id, season, episode)


def extract_guest_star_names(credits_data: dict) -> list:
    """"""Extract a list of guest star names from the credits response.""""""
    guest_stars = credits_data.get(""guest_stars"", [])
    # Use a lenient approach: collect names, ignore missing name fields
    names = [gs[""name""] for gs in guest_stars if gs.get(""name"")]
    return names


# ── Main orchestration ──

def main():
    try:
        # Step 1: Find the show ID for ""Friends""
        show_id = find_show_id(SHOW_NAME)

        # Step 2: Get credits for season 3, episode 24
        credits_data = get_episode_credits(show_id, SEASON, EPISODE)

        # Step 3: Extract guest star names
        guest_star_names = extract_guest_star_names(credits_data)

        # Step 4: Print the result in a readable format
        if guest_star_names:
            print(f""Guest stars in Friends S{SEASON:02d}E{EPISODE:02d}:"")
            for name in guest_star_names:
                print(f""  - {name}"")
        else:
            print(f""No guest stars listed for Friends S{SEASON:02d}E{EPISODE:02d}."")

    except Exception:
        traceback.print_exc(file=sys.stderr)
        sys.exit(1)


if __name__ == ""__main__"":
    main()",2,"[""Search_tv"", ""Get_tv_episode_credits""]",1,"[""restbench tools""]",,28.713,0.0
Who is the lead actor in the most popular TV show?,The lead actor in the most popular TV show ('FROM') is: Harold Perrineau,1,1,3,5644,0,[],0,0,0,0,0,"import sys
from pathlib import Path
PROJECT_ROOT = Path(__file__).resolve().parents[1]
RESTBENCH_TOOLS_DIR = PROJECT_ROOT / 'restbench tools'
if str(RESTBENCH_TOOLS_DIR) not in sys.path:
    sys.path.insert(0, str(RESTBENCH_TOOLS_DIR))

from Get_popular_tv import Get_popular_tv
from Get_tv_latest_season_credits import Get_tv_latest_season_credits

import traceback

# Module-level constants derived from user requirement
POPULAR_TV_RESULTS_INDEX = 0    # first result = most popular
LEAD_ACTOR_ORDER = 0            # order field value for lead actor

def get_most_popular_tv_show():
    """"""
    Fetch the most popular TV show from Get_popular_tv().
    Returns the show object (dict) with keys: id, name, etc.
    """"""
    try:
        data = Get_popular_tv()
    except Exception as e:
        print(""Error fetching popular TV shows:"", file=sys.stderr)
        traceback.print_exc(file=sys.stderr)
        raise

    # Validate response structure
    if ""results"" not in data or not isinstance(data[""results""], list):
        raise ValueError(""Invalid response: missing 'results' key or not a list"")

    if len(data[""results""]) == 0:
        raise ValueError(""No TV shows returned"")

    show = data[""results""][POPULAR_TV_RESULTS_INDEX]
    return show

def get_tv_show_credits(series_id):
    """"""
    Fetch credits (cast + crew) for the given TV show ID.
    Returns the credits data dict with 'cast' list.
    """"""
    try:
        credits = Get_tv_latest_season_credits(series_id)
    except Exception as e:
        print(f""Error fetching credits for series_id={series_id}:"", file=sys.stderr)
        traceback.print_exc(file=sys.stderr)
        raise

    if ""cast"" not in credits or not isinstance(credits[""cast""], list):
        raise ValueError(""Invalid credits response: missing 'cast' key or not a list"")

    return credits

def extract_lead_actor(credits):
    """"""
    From the credits dict, find the cast member with the lowest order value
    (typically 0 for the lead). Return the actor's name.
    """"""
    cast = credits[""cast""]
    if not cast:
        raise ValueError(""No cast members found for this TV show"")

    # Since cast is already ordered by billing order (ascending), first element is lead
    # But to be safe, find the one with order == LEAD_ACTOR_ORDER
    lead = None
    for member in cast:
        if member.get(""order"") == LEAD_ACTOR_ORDER:
            lead = member
            break

    if lead is None:
        # Fallback: take first cast member if no order matches exactly
        lead = cast[0]

    # Use 'name' field from response_schema
    return lead.get(""name"", ""Unknown"")

def main():
    """"""
    Main orchestration: get most popular TV show, fetch its credits,
    extract lead actor name, and print result.
    """"""
    try:
        show = get_most_popular_tv_show()
        show_id = show[""id""]
        show_name = show.get(""name"", ""Unknown"")
        credits = get_tv_show_credits(show_id)
        lead_actor = extract_lead_actor(credits)

        print(f""The lead actor in the most popular TV show ('{show_name}') is: {lead_actor}"")
    except Exception as e:
        print(""An error occurred:"", file=sys.stderr)
        traceback.print_exc(file=sys.stderr)
        sys.exit(1)

if __name__ == ""__main__"":
    main()",2,"[""Get_popular_tv"", ""Get_tv_latest_season_credits""]",1,"[""restbench tools""]",,45.2071,0.0
give me a keyword of the top-1 rated TV show,education,1,1,3,5048,0,[],0,0,0,0,0,"import sys
from pathlib import Path
PROJECT_ROOT = Path(__file__).resolve().parents[1]
RESTBENCH_TOOLS_DIR = PROJECT_ROOT / 'restbench tools'
if str(RESTBENCH_TOOLS_DIR) not in sys.path:
    sys.path.insert(0, str(RESTBENCH_TOOLS_DIR))

from Get_top_rated_tv import Get_top_rated_tv
from Get_tv_keywords import Get_tv_keywords

import traceback

# Constants derived from user requirement: top-1 = index 0, first keyword = index 0
TOP_SHOW_INDEX = 0
FIRST_KEYWORD_INDEX = 0


def get_top_rated_show_id():
    """"""
    Retrieve the ID of the top-1 rated TV show.
    Returns:
        int or None: The TMDB ID of the top show, or None if no show found.
    """"""
    data = Get_top_rated_tv()
    results = data.get(""results"", [])
    if not results:
        print(""No top rated TV shows found."")
        return None
    top_show = results[TOP_SHOW_INDEX]
    return top_show.get(""id"")


def get_keywords_for_show(show_id):
    """"""
    Retrieve the list of keyword objects for a given TV show ID.
    Args:
        show_id (int): The TMDB ID of the TV show.
    Returns:
        list: List of keyword dictionaries, or empty list if none.
    """"""
    data = Get_tv_keywords(show_id)
    return data.get(""results"", [])


def get_first_keyword_name(keywords_list):
    """"""
    Extract the name of the first keyword from the list.
    Args:
        keywords_list (list): List of keyword objects.
    Returns:
        str or None: The name of the first keyword, or None if list empty.
    """"""
    if not keywords_list:
        return None
    first_keyword = keywords_list[FIRST_KEYWORD_INDEX]
    return first_keyword.get(""name"")


def main():
    """"""
    Orchestrate the retrieval: get top show ID, fetch keywords, print first keyword name.
    """"""
    show_id = get_top_rated_show_id()
    if show_id is None:
        print(""Could not obtain a top-rated TV show ID."")
        return

    keywords = get_keywords_for_show(show_id)
    keyword_name = get_first_keyword_name(keywords)
    if keyword_name is None:
        print(f""No keywords found for the top-rated TV show (ID: {show_id})."")
        return

    # Output the result as required by user: ""give me a keyword of the top-1 rated TV show""
    print(keyword_name)


if __name__ == ""__main__"":
    try:
        main()
    except Exception:
        traceback.print_exc(file=sys.stderr)
        sys.exit(1)",2,"[""Get_top_rated_tv"", ""Get_tv_keywords""]",1,"[""restbench tools""]",,23.764,0.0
give me a poster of 2 Broke Girls,Poster URL: https://image.tmdb.org/t/p/original/sIPPKtRcBSKpRIHhcwQf91NhLSN.jpg,1,1,3,5622,0,[],0,0,0,0,0,"import sys
from pathlib import Path
PROJECT_ROOT = Path(__file__).resolve().parents[1]
RESTBENCH_TOOLS_DIR = PROJECT_ROOT / 'restbench tools'
if str(RESTBENCH_TOOLS_DIR) not in sys.path:
    sys.path.insert(0, str(RESTBENCH_TOOLS_DIR))

from Search_tv import Search_tv
from Get_tv_images import Get_tv_images

import traceback

# --- Module-level constants (Rule13) ---
SEARCH_QUERY = ""2 Broke Girls""
POSTER_BASE_URL = ""https://image.tmdb.org/t/p/original""


# --- Helper functions (Rule1, Rule3, Rule4) ---
def find_show_id(query: str) -> int:
    """"""Search for a TV show and return the ID of the first result.""""""
    data = Search_tv(query)
    results = data.get(""results"", [])
    if not results:
        raise ValueError(f""No results found for query '{query}'"")
    # Return the id of the first result (most relevant)
    return results[0][""id""]


def get_posters(show_id: int) -> list:
    """"""Retrieve all poster objects for a given TV show ID.""""""
    data = Get_tv_images(show_id)
    posters = data.get(""posters"", [])
    if not posters:
        raise ValueError(f""No posters found for show ID {show_id}"")
    return posters


def select_best_poster(posters: list) -> str:
    """"""
    Select the most suitable poster from the list.
    For simplicity, pick the first poster (or you could sort by vote count).
    """"""
    # Using the first poster is safe; you could enhance by sorting if needed.
    return posters[0][""file_path""]



# --- Main entry point (Rule1: only orchestration) ---
if __name__ == ""__main__"":
    try:
        show_id = find_show_id(SEARCH_QUERY)
        posters = get_posters(show_id)
        poster_path = select_best_poster(posters)
        full_url = f""{POSTER_BASE_URL}{poster_path}""
        print(f""Poster URL: {full_url}"")
    except Exception as e:
        traceback.print_exc(file=sys.stderr)
        sys.exit(1)",2,"[""Search_tv"", ""Get_tv_images""]",1,"[""restbench tools""]",,21.3723,0.0
How many episodes does 2 Broke Girls have in total?,The TV show '2 Broke Girls' has 137 episodes in total.,1,1,3,6988,0,[],0,0,0,0,0,"import sys
from pathlib import Path
PROJECT_ROOT = Path(__file__).resolve().parents[1]
RESTBENCH_TOOLS_DIR = PROJECT_ROOT / 'restbench tools'
if str(RESTBENCH_TOOLS_DIR) not in sys.path:
    sys.path.insert(0, str(RESTBENCH_TOOLS_DIR))

from Search_tv import Search_tv
from Get_tv_details import Get_tv_details

import traceback

# ----------------------------------------------------------------------
# Constants derived directly from user requirement
# ----------------------------------------------------------------------
SHOW_NAME = ""2 Broke Girls""


def search_show_id(show_name: str) -> int:
    """"""
    Search for a TV show by name and return the ID of the first result.

    Args:
        show_name: Name of the TV show to search for.

    Returns:
        Integer TMDB series ID of the first matching result.

    Raises:
        RuntimeError if no results are found.
    """"""
    response = Search_tv(query=show_name)           # noqa: F821 – function provided by execution environment
    results = response.get(""results"", [])
    if not results:
        raise RuntimeError(f""No results found for '{show_name}'"")
    first = results[0]
    return first[""id""]


def get_total_episodes(series_id: int) -> int:
    """"""
    Retrieve the total number of episodes of a TV series.

    Args:
        series_id: TMDB series ID.

    Returns:
        Integer total number of episodes.
    """"""
    details = Get_tv_details(series_id=series_id)   # noqa: F821 – function provided by execution environment
    # According to the response_schema, the field is ""number_of_episodes""
    return details[""number_of_episodes""]


def main() -> None:
    """"""Orchestrate the answer: find show ID, get episode count, print.""""""
    try:
        show_id = search_show_id(SHOW_NAME)
        total = get_total_episodes(show_id)
        print(f""The TV show '{SHOW_NAME}' has {total} episodes in total."")
    except Exception:
        traceback.print_exc(file=sys.stderr)
        sys.exit(1)


if __name__ == ""__main__"":
    main()",2,"[""Search_tv"", ""Get_tv_details""]",1,"[""restbench tools""]",,37.4442,0.0
When was the company that produced The Big Bang Theory founded?,"Found show id: 1418
Production companies: ['Chuck Lorre Productions', 'Warner Bros. Television']
Selected company id: 35504
Company name: Chuck Lorre Productions
Founding info: No description available.

Answer: The company 'Chuck Lorre Productions' appears to have been No description available..",1,0,3,7532,0,[],0,0,0,0,0,"import sys
from pathlib import Path
PROJECT_ROOT = Path(__file__).resolve().parents[1]
RESTBENCH_TOOLS_DIR = PROJECT_ROOT / 'restbench tools'
if str(RESTBENCH_TOOLS_DIR) not in sys.path:
    sys.path.insert(0, str(RESTBENCH_TOOLS_DIR))

from Search_tv import Search_tv
from Get_tv_details import Get_tv_details
from Get_company_details import Get_company_details

import traceback
import re

# ------------------------------------------------------------------
# Module-level constants (derived from user requirement)
# ------------------------------------------------------------------
QUERY = ""The Big Bang Theory""  # TV show to search for
PRODUCTION_COMPANY_INDEX = 0   # pick the first production company
# ------------------------------------------------------------------

# ------------------------------------------------------------------
# Helper: safely extract a list of items from a dict key
# ------------------------------------------------------------------
def _safe_get(data, *keys, default=None):
    """"""Drill into a nested dict; return default if any key missing.""""""
    try:
        for k in keys:
            data = data[k]
        return data
    except (KeyError, TypeError, IndexError):
        return default

# ------------------------------------------------------------------
# Core logic functions
# ------------------------------------------------------------------
def search_tv_show(query: str) -> int:
    """"""Search for a TV show and return its TMDB id (first result).""""""
    search_result = Search_tv(query)
    results = _safe_get(search_result, ""results"", default=[])
    if not results:
        raise RuntimeError(f""No TV shows found for query: {query!r}"")
    # First result
    first = results[0]
    show_id = first.get(""id"")
    if show_id is None:
        raise RuntimeError(""Search result missing 'id' field."")
    return show_id


def get_show_details(show_id: int) -> list:
    """"""Fetch TV show details and return the `production_companies` list.""""""
    details = Get_tv_details(show_id)
    companies = _safe_get(details, ""production_companies"", default=[])
    if not companies:
        raise RuntimeError(f""No production companies found for show id {show_id}."")
    return companies


def get_first_company_id(companies: list) -> int:
    """"""Return the id of the company at `PRODUCTION_COMPANY_INDEX`.""""""
    if PRODUCTION_COMPANY_INDEX >= len(companies):
        raise RuntimeError(
            f""Only {len(companies)} production company/ies, ""
            f""cannot get index {PRODUCTION_COMPANY_INDEX}.""
        )
    company = companies[PRODUCTION_COMPANY_INDEX]
    cid = company.get(""id"")
    if cid is None:
        raise RuntimeError(""Production company missing 'id' field."")
    return cid


def get_company_details(company_id: int) -> dict:
    """"""Fetch and return company details from the API.""""""
    details = Get_company_details(company_id)
    return details


def extract_founding_description(company_data: dict) -> str:
    """"""
    Try to extract a founding year or date from the company's `description`.
    If not found, return a sensible fallback message.
    """"""
    desc = _safe_get(company_data, ""description"", default="""")
    if not desc:
        return ""No description available.""
    # Look for a 4-digit year (typically a founding year)
    years = re.findall(r'\b(1[89]\d{2}|20[0-2]\d)\b', desc)
    if years:
        # Use the earliest found year as the possible founding year
        found_year = sorted(years)[0]
        return f""founded around {found_year}""
    # No explicit year – return a portion of the description for context
    return f""Description snippet: {desc[:200]}""


# ------------------------------------------------------------------
# Orchestrator (only calls; no core logic)
# ------------------------------------------------------------------
def main():
    try:
        # Step 1: Search for the TV show
        show_id = search_tv_show(QUERY)
        print(f""Found show id: {show_id}"")

        # Step 2: Get TV details → production companies
        companies = get_show_details(show_id)
        company_names = [c.get(""name"", ""?"") for c in companies]
        print(f""Production companies: {company_names}"")

        # Step 3: Get the first company's id
        company_id = get_first_company_id(companies)
        print(f""Selected company id: {company_id}"")

        # Step 4: Fetch company details
        company_data = get_company_details(company_id)
        company_name = _safe_get(company_data, ""name"", default=""Unknown"")
        print(f""Company name: {company_name}"")

        # Step 5: Extract founding information
        founding_info = extract_founding_description(company_data)
        print(f""Founding info: {founding_info}"")

        # Final answer
        print(f""\nAnswer: The company '{company_name}' appears to have been {founding_info}."")

    except Exception:
        print(""An error occurred while processing the request:"", file=sys.stderr)
        traceback.print_exc(file=sys.stderr)
        sys.exit(1)


if __name__ == ""__main__"":
    main()",3,"[""Search_tv"", ""Get_tv_details"", ""Get_company_details""]",1,"[""restbench tools""]",,50.0613,0.0
When was the TV show The Big Bang Theory created?,The TV show 'The Big Bang Theory' was first aired on 2007-09-24.,1,1,3,7012,0,[],0,0,0,0,0,"import sys
from pathlib import Path
PROJECT_ROOT = Path(__file__).resolve().parents[1]
RESTBENCH_TOOLS_DIR = PROJECT_ROOT / 'restbench tools'
if str(RESTBENCH_TOOLS_DIR) not in sys.path:
    sys.path.insert(0, str(RESTBENCH_TOOLS_DIR))

from Search_tv import Search_tv
from Get_tv_details import Get_tv_details

import traceback

# --- Module-level constants ---
SEARCH_QUERY = ""The Big Bang Theory""


def search_show(query):
    """"""
    Search for a TV show and return the first result's ID.
    """"""
    data = Search_tv(query)       # API call, returns dict
    results = data.get(""results"", [])
    if not results:
        raise RuntimeError(f""No TV show found for query {query!r}."")
    # Take the first result's id
    first = results[0]
    show_id = first.get(""id"")
    if show_id is None:
        raise RuntimeError(""Result does not contain 'id' field."")
    return show_id


def get_show_creation_date(series_id):
    """"""
    Retrieve the first air date (creation date) for a given TV series.
    """"""
    details = Get_tv_details(series_id)   # API call, returns dict
    first_air_date = details.get(""first_air_date"")
    if first_air_date is None:
        raise RuntimeError(f""Series {series_id} does not have a 'first_air_date' field."")
    return first_air_date


def main():
    """"""
    Orchestrate: search for The Big Bang Theory, get its creation date, and print it.
    """"""
    try:
        show_id = search_show(SEARCH_QUERY)
        creation_date = get_show_creation_date(show_id)
        print(f""The TV show 'The Big Bang Theory' was first aired on {creation_date}."")
    except Exception:
        traceback.print_exc(file=sys.stderr)
        sys.exit(1)


if __name__ == ""__main__"":
    main()",2,"[""Search_tv"", ""Get_tv_details""]",1,"[""restbench tools""]",,18.8924,0.0
give me a keyword of the most popular TV show,"Most popular TV show: FROM (ID: 124364)
First keyword of the show: sheriff",1,1,3,4934,0,[],0,0,0,0,0,"import sys
from pathlib import Path
PROJECT_ROOT = Path(__file__).resolve().parents[1]
RESTBENCH_TOOLS_DIR = PROJECT_ROOT / 'restbench tools'
if str(RESTBENCH_TOOLS_DIR) not in sys.path:
    sys.path.insert(0, str(RESTBENCH_TOOLS_DIR))

from Get_popular_tv import Get_popular_tv
from Get_tv_keywords import Get_tv_keywords

import traceback

# Constants derived from user requirement and API schemas
TOP_N = 1  # We want the most popular show (first from the results)


def get_most_popular_tv_show():
    """"""
    Fetch the list of popular TV shows and return the ID and name of the top-ranked show.
    Returns:
        tuple: (id, name) of the most popular TV show.
    """"""
    try:
        data = Get_popular_tv()
    except Exception as e:
        traceback.print_exc(file=sys.stderr)
        raise

    # Validate response structure per response_schema
    results = data.get(""results"", [])
    if not results:
        print(""No popular TV shows found."")
        sys.exit(0)

    top_show = results[0]
    show_id = top_show.get(""id"")
    show_name = top_show.get(""name"", ""Unknown"")
    if show_id is None:
        print(""Error: Retrieved show has no ID."")
        sys.exit(1)

    return show_id, show_name


def get_keywords_for_show(series_id):
    """"""
    Fetch keywords associated with the given TV series ID.
    Returns:
        list: List of keyword objects (each with 'name' and 'id').
    """"""
    try:
        data = Get_tv_keywords(series_id)
    except Exception as e:
        traceback.print_exc(file=sys.stderr)
        raise

    # Validate response structure per response_schema
    keywords = data.get(""results"", [])
    return keywords


def extract_first_keyword(keyword_list):
    """"""
    Extract the name of the first keyword from the list.
    Returns:
        str: The first keyword name, or None if list is empty.
    """"""
    if not keyword_list:
        return None
    first = keyword_list[0]
    return first.get(""name"")


def main():
    """"""Orchestrate the workflow: get most popular TV show, its keywords, and print first keyword.""""""
    try:
        show_id, show_name = get_most_popular_tv_show()
        print(f""Most popular TV show: {show_name} (ID: {show_id})"")

        keywords = get_keywords_for_show(show_id)
        first_keyword = extract_first_keyword(keywords)

        if first_keyword:
            print(f""First keyword of the show: {first_keyword}"")
        else:
            print(""No keywords found for the show."")
    except Exception as e:
        traceback.print_exc(file=sys.stderr)
        sys.exit(1)


if __name__ == ""__main__"":
    main()",2,"[""Get_popular_tv"", ""Get_tv_keywords""]",1,"[""restbench tools""]",,25.4928,0.0
What did the third episode of the second season of Westworld talk about?,"Overview of Season 2, Episode 3 of 'Westworld':

There is beauty in who we are. Shouldn't we, too, try to survive? Truth is, we don't all deserve to make it. Dolores makes her next move as Charlotte scrambles to protect Delos' most prized asset. Bernard gets closer to the truth and Maeve continues the search for her daughter.",1,1,3,5865,0,[],0,0,0,0,0,"import sys
from pathlib import Path
PROJECT_ROOT = Path(__file__).resolve().parents[1]
RESTBENCH_TOOLS_DIR = PROJECT_ROOT / 'restbench tools'
if str(RESTBENCH_TOOLS_DIR) not in sys.path:
    sys.path.insert(0, str(RESTBENCH_TOOLS_DIR))

from Search_tv import Search_tv
from Get_tv_episode_details import Get_tv_episode_details

import traceback

# ── Module-level constants (from user requirement) ──────────────────────────
TV_SHOW_NAME = ""Westworld""
SEASON_NUMBER = 2
EPISODE_NUMBER = 3


def get_tv_show_id(show_name: str) -> int:
    """"""
    Search for a TV show by name and return the ID of the first result.

    Args:
        show_name: The name to search for.

    Returns:
        The integer ID of the first matching TV show.

    Raises:
        ValueError: If the search returned no results or the results list is empty.
    """"""
    response = Search_tv(query=show_name)
    results = response.get(""results"", [])
    if not results:
        raise ValueError(
            f""Search for '{show_name}' returned no results.""
        )
    # Use the first result's id
    show_id = results[0].get(""id"")
    if show_id is None:
        raise ValueError(
            f""First result for '{show_name}' does not contain an 'id' field.""
        )
    return show_id


def get_episode_overview(series_id: int, season: int, episode: int) -> str:
    """"""
    Retrieve the overview text for a specific episode of a TV series.

    Args:
        series_id: The TMDB TV series ID.
        season: The season number.
        episode: The episode number.

    Returns:
        The overview string of the episode.

    Raises:
        ValueError: If the overview field is missing or empty.
    """"""
    details = Get_tv_episode_details(
        series_id=series_id,
        season_number=season,
        episode_number=episode
    )
    overview = details.get(""overview"")
    if not overview:
        raise ValueError(
            f""Episode overview is empty or missing for series_id={series_id}, ""
            f""season={season}, episode={episode}.""
        )
    return overview


def main() -> None:
    """"""Orchestrate the retrieval and display of the episode overview.""""""
    try:
        show_id = get_tv_show_id(TV_SHOW_NAME)
        overview = get_episode_overview(show_id, SEASON_NUMBER, EPISODE_NUMBER)
        print(f""\nOverview of Season {SEASON_NUMBER}, Episode {EPISODE_NUMBER} of '{TV_SHOW_NAME}':\n"")
        print(overview)
    except Exception:
        traceback.print_exc(file=sys.stderr)
        sys.exit(1)


if __name__ == ""__main__"":
    main()",2,"[""Search_tv"", ""Get_tv_episode_details""]",1,"[""restbench tools""]",,27.0886,0.0
Tell me the air date of the second season of Game of Thrones,The air date of season 2 of 'Game of Thrones' is: 2012-04-01,1,1,3,6717,0,[],0,0,0,0,0,"import sys
from pathlib import Path
PROJECT_ROOT = Path(__file__).resolve().parents[1]
RESTBENCH_TOOLS_DIR = PROJECT_ROOT / 'restbench tools'
if str(RESTBENCH_TOOLS_DIR) not in sys.path:
    sys.path.insert(0, str(RESTBENCH_TOOLS_DIR))

from Search_tv import Search_tv
from Get_tv_season_details import Get_tv_season_details

import traceback

QUERY = ""Game of Thrones""
SEASON_NUMBER = 2


def search_show(query):
    """"""Search for a TV show and return its TMDB ID.""""""
    data = Search_tv(query)
    results = data.get(""results"", [])
    if not results:
        raise Exception(f""No search results for query '{query}'"")

    # lenient match: compare lowercased names
    for show in results:
        if show.get(""name"", """").lower() == query.lower():
            return show[""id""]

    # if no exact match found, fallback to first result (if any)
    # but per user requirement we expect exact match
    raise Exception(f""Could not find a show matching '{query}' in search results"")


def get_season_air_date(show_id, season_number):
    """"""Get the air date of a specific season.""""""
    data = Get_tv_season_details(show_id, season_number)
    air_date = data.get(""air_date"")
    if air_date is None:
        raise Exception(
            f""No air_date found for season {season_number} of show {show_id}""
        )
    return air_date


def main():
    """"""Orchestrate the retrieval of season air date.""""""
    try:
        show_id = search_show(QUERY)
        air_date = get_season_air_date(show_id, SEASON_NUMBER)
        print(f""The air date of season {SEASON_NUMBER} of '{QUERY}' is: {air_date}"")
    except Exception:
        traceback.print_exc(file=sys.stderr)
        sys.exit(1)


if __name__ == ""__main__"":
    main()",2,"[""Search_tv"", ""Get_tv_season_details""]",1,"[""restbench tools""]",,26.7449,0.0
give me a poster of the third episode of Band of Brothers,"Poster URL for Band of Brothers Season 1, Episode 3:
https://image.tmdb.org/t/p/original/k3pHWbFx87FzLWLjgnQHQ1Dd8Pb.jpg",1,1,3,5292,0,[],0,0,0,0,0,"import sys
from pathlib import Path
PROJECT_ROOT = Path(__file__).resolve().parents[1]
RESTBENCH_TOOLS_DIR = PROJECT_ROOT / 'restbench tools'
if str(RESTBENCH_TOOLS_DIR) not in sys.path:
    sys.path.insert(0, str(RESTBENCH_TOOLS_DIR))

from Search_tv import Search_tv
from Get_tv_episode_images import Get_tv_episode_images

import traceback

# ============================================================
# Module-level constants (hardcoded from user_requirement)
# ============================================================
SHOW_NAME = ""Band of Brothers""
SEASON_NUMBER = 1
EPISODE_NUMBER = 3
TMDB_IMAGE_BASE = ""https://image.tmdb.org/t/p/original""


# ============================================================
# Helper function: search for the TV show and return its TMDB id
# ============================================================
def get_tv_show_id(show_name):
    """"""
    Searches for a TV show by name.
    Returns the first matching show's TMDB id,
    or None if no result is found.
    """"""
    data = Search_tv(show_name)
    results = data.get(""results"", [])
    if not results:
        return None
    # Loose match: find any result whose name contains the search term (case-insensitive)
    for result in results:
        name = result.get(""name"", """")
        if show_name.lower() in name.lower():
            return result.get(""id"")
    # Fallback: return id of first result
    return results[0].get(""id"")


# ============================================================
# Helper function: get first still image URL for a given episode
# ============================================================
def get_episode_poster_url(series_id, season, episode):
    """"""
    Fetches episode images and returns the full URL of the first still.
    Returns None if no stills are available.
    """"""
    images_data = Get_tv_episode_images(series_id, season, episode)
    stills = images_data.get(""stills"", [])
    if not stills:
        return None
    first_still = stills[0]
    file_path = first_still.get(""file_path"")
    if not file_path:
        return None
    return f""{TMDB_IMAGE_BASE}{file_path}""


# ============================================================
# Main orchestration function
# ============================================================
def main():
    # Step 1: Get TMDB id for ""Band of Brothers""
    tv_id = get_tv_show_id(SHOW_NAME)
    if tv_id is None:
        print(f""TV show '{SHOW_NAME}' not found."")
        return

    # Step 2: Get poster (still) for season 1, episode 3
    poster_url = get_episode_poster_url(tv_id, SEASON_NUMBER, EPISODE_NUMBER)
    if poster_url is None:
        print(f""No poster image available for {SHOW_NAME} Season {SEASON_NUMBER}, Episode {EPISODE_NUMBER}."")
        return

    # Step 3: Output the poster URL
    print(f""Poster URL for {SHOW_NAME} Season {SEASON_NUMBER}, Episode {EPISODE_NUMBER}:"")
    print(poster_url)


# ============================================================
# Entry point
# ============================================================
if __name__ == ""__main__"":
    try:
        main()
    except Exception:
        traceback.print_exc(file=sys.stderr)",2,"[""Search_tv"", ""Get_tv_episode_images""]",1,"[""restbench tools""]",,28.697,0.0
What is the logo of the network that produced Game of Thrones?,Logo path: /tuomPhY2UtuPTqqFnKMVHvSb724.png,1,1,3,7618,0,[],0,0,0,0,0,"import sys
from pathlib import Path
PROJECT_ROOT = Path(__file__).resolve().parents[1]
RESTBENCH_TOOLS_DIR = PROJECT_ROOT / 'restbench tools'
if str(RESTBENCH_TOOLS_DIR) not in sys.path:
    sys.path.insert(0, str(RESTBENCH_TOOLS_DIR))

from Search_tv import Search_tv
from Get_tv_details import Get_tv_details
from Get_network_images import Get_network_images

import traceback

# ======================== MODULE-LEVEL CONSTANTS ========================
SHOW_NAME = ""Game of Thrones""  # hardcoded per user requirement


# ======================== HELPER FUNCTIONS ==============================

def search_tv_show(show_name):
    """"""
    Search for a TV show by name using the Search_tv API.
    Returns the first result's ID, or None if no results.
    """"""
    response = Search_tv(query=show_name)
    results = response.get(""results"", [])
    if not results:
        return None
    first_result = results[0]
    # Key ""id"" is required in results items per response_schema
    return first_result[""id""]


def get_network_id_from_show(show_id):
    """"""
    Retrieve TV show details and extract the first network ID.
    Returns network ID, or None if no networks exist.
    """"""
    details = Get_tv_details(series_id=show_id)
    networks = details.get(""networks"", [])
    if not networks:
        return None
    first_network = networks[0]
    # Key ""id"" is required in network items per response_schema
    return first_network[""id""]


def get_network_logo(network_id):
    """"""
    Retrieve network images and return the file_path of the first logo.
    Returns logo path string, or None if no logos exist.
    """"""
    images = Get_network_images(network_id=network_id)
    logos = images.get(""logos"", [])
    if not logos:
        return None
    first_logo = logos[0]
    # Key ""file_path"" is required in logos items per response_schema
    return first_logo[""file_path""]


def main():
    """"""
    Orchestrate the complete workflow:
      1. Search for ""Game of Thrones"" to get show ID.
      2. Get show details to obtain network ID.
      3. Get network images to retrieve the logo path.
      4. Print the logo path.
    """"""
    # Step 1: search show
    show_id = search_tv_show(SHOW_NAME)
    if show_id is None:
        print(""No TV show found for 'Game of Thrones'"")
        return

    # Step 2: get network ID from show
    network_id = get_network_id_from_show(show_id)
    if network_id is None:
        print(""No network found for the show"")
        return

    # Step 3: get network logo
    logo_path = get_network_logo(network_id)
    if logo_path is None:
        print(""No logo available for the network"")
        return

    # Output the requested information
    print(f""Logo path: {logo_path}"")


if __name__ == ""__main__"":
    try:
        main()
    except Exception:
        tracer.print_exc(file=sys.stderr)
        sys.exit(1)",3,"[""Search_tv"", ""Get_tv_details"", ""Get_network_images""]",1,"[""restbench tools""]",,34.8099,0.0
give me the homepage of the network that produced Game of Thrones,https://www.hbo.com,1,1,3,7491,0,[],0,0,0,0,0,"import sys
from pathlib import Path
PROJECT_ROOT = Path(__file__).resolve().parents[1]
RESTBENCH_TOOLS_DIR = PROJECT_ROOT / 'restbench tools'
if str(RESTBENCH_TOOLS_DIR) not in sys.path:
    sys.path.insert(0, str(RESTBENCH_TOOLS_DIR))

from Search_tv import Search_tv
from Get_tv_details import Get_tv_details
from Get_network_details import Get_network_details

import traceback

# === Hardcoded constants derived directly from user_requirement ===
SHOW_NAME = ""Game of Thrones""
# === End of constants ===


def search_show(show_name: str) -> int:
    """"""
    Search for a TV show by name and return the TMDB ID of the first result.

    :param show_name: The name of the show to search for.
    :return: TMDB ID of the first result.
    :raises ValueError: If no results are found.
    """"""
    data = Search_tv(query=show_name)
    results = data.get(""results"", [])
    if not results:
        raise ValueError(f""No TV show found for query: {show_name}"")
    first_result = results[0]
    return first_result[""id""]


def get_show_network_ids(series_id: int) -> list:
    """"""
    Fetch TV show details and return a list of network IDs.

    :param series_id: TMDB series ID.
    :return: List of network IDs (integers).
    """"""
    details = Get_tv_details(series_id=series_id)
    networks = details.get(""networks"", [])
    return [n[""id""] for n in networks if ""id"" in n]


def get_network_homepage(network_id: int) -> str:
    """"""
    Fetch network details and return its homepage URL.

    :param network_id: TMDB network ID.
    :return: Homepage URL string.
    :raises ValueError: If homepage is missing or empty.
    """"""
    net_data = Get_network_details(network_id=network_id)
    homepage = net_data.get(""homepage"")
    if not homepage:  # empty string or None counts as missing
        raise ValueError(f""No homepage found for network ID {network_id}"")
    return homepage


def main() -> None:
    """"""
    Orchestrate the flow:
      1. Search for ""Game of Thrones"" to get its TMDB ID.
      2. Get show details to obtain network IDs.
      3. Take the first network ID.
      4. Get that network's homepage.
      5. Print the homepage.
    """"""
    try:
        show_id = search_show(SHOW_NAME)
        network_ids = get_show_network_ids(show_id)
        if not network_ids:
            raise ValueError(""No networks found for Game of Thrones"")
        first_network_id = network_ids[0]
        homepage = get_network_homepage(first_network_id)
        print(homepage)
    except Exception:
        traceback.print_exc(file=sys.stderr)
        sys.exit(1)


if __name__ == ""__main__"":
    main()",3,"[""Search_tv"", ""Get_tv_details"", ""Get_network_details""]",1,"[""restbench tools""]",,25.5336,0.0
give me a keyword of the most popular TV show currently,sheriff,1,1,3,4914,0,[],0,0,0,0,0,"import sys
from pathlib import Path
PROJECT_ROOT = Path(__file__).resolve().parents[1]
RESTBENCH_TOOLS_DIR = PROJECT_ROOT / 'restbench tools'
if str(RESTBENCH_TOOLS_DIR) not in sys.path:
    sys.path.insert(0, str(RESTBENCH_TOOLS_DIR))

from Get_popular_tv import Get_popular_tv
from Get_tv_keywords import Get_tv_keywords

import traceback

# --- Module-level constants ---
FIRST_ITEM_INDEX = 0
KEYWORD_LIST_KEY = ""results""

# --- Helper functions ---

def get_most_popular_tv_show_id():
    """"""
    Calls Get_popular_tv() and returns the 'id' of the most popular show.
    """"""
    data = Get_popular_tv()
    results = data.get(""results"", [])
    if not results:
        raise RuntimeError(""No popular TV shows returned by the API."")
    first_show = results[FIRST_ITEM_INDEX]
    return first_show[""id""]


def get_tv_show_keywords(series_id):
    """"""
    Calls Get_tv_keywords(series_id) and returns the list of keyword objects.
    """"""
    data = Get_tv_keywords(series_id)
    keywords = data.get(KEYWORD_LIST_KEY, [])
    return keywords


def extract_first_keyword_name(keywords):
    """"""
    Returns the 'name' of the first keyword in the list.
    """"""
    if not keywords:
        raise RuntimeError(""No keywords available for the selected TV show."")
    first_keyword = keywords[FIRST_ITEM_INDEX]
    return first_keyword[""name""]


# --- Main orchestration ---

if __name__ == ""__main__"":
    try:
        show_id = get_most_popular_tv_show_id()
        keywords = get_tv_show_keywords(show_id)
        first_keyword = extract_first_keyword_name(keywords)
        print(first_keyword)
    except Exception:
        traceback.print_exc(file=sys.stderr)
        sys.exit(1)",2,"[""Get_popular_tv"", ""Get_tv_keywords""]",1,"[""restbench tools""]",,30.4021,0.0
Where is the headquarter of the company that produced currently the most popular TV show?,"The headquarters of the production company is: Los Angeles, California",1,1,3,7454,0,[],0,0,0,0,0,"import sys
from pathlib import Path
PROJECT_ROOT = Path(__file__).resolve().parents[1]
RESTBENCH_TOOLS_DIR = PROJECT_ROOT / 'restbench tools'
if str(RESTBENCH_TOOLS_DIR) not in sys.path:
    sys.path.insert(0, str(RESTBENCH_TOOLS_DIR))

from Get_popular_tv import Get_popular_tv
from Get_tv_details import Get_tv_details
from Get_company_details import Get_company_details

import traceback

# --- Constants ---
# No external input constants required. All logic derived from API responses.

def get_most_popular_tv_show_id():
    """"""Retrieve the TMDB ID of the most popular TV show.""""""
    response = Get_popular_tv()
    # response_schema: results is array, first element is most popular
    results = response.get(""results"")
    if not results or len(results) == 0:
        raise ValueError(""No TV shows found in popular list."")
    first_show = results[0]
    show_id = first_show.get(""id"")
    if show_id is None:
        raise ValueError(""ID not found for the most popular TV show."")
    return show_id


def get_production_company_ids(series_id):
    """"""Return list of production company IDs for a given TV series.""""""
    details = Get_tv_details(series_id)
    # response_schema: production_companies is array of objects with 'id'
    companies = details.get(""production_companies"")
    if not companies:
        raise ValueError(""No production companies found for this TV show."")
    return [company[""id""] for company in companies if ""id"" in company]


def get_company_headquarters(company_id):
    """"""Return headquarters location string for a company.""""""
    company_data = Get_company_details(company_id)
    # response_schema: headquarters is a string
    headquarters = company_data.get(""headquarters"")
    if headquarters is None:
        raise ValueError(f""Headquarters information missing for company {company_id}."")
    return headquarters


def main():
    try:
        popular_show_id = get_most_popular_tv_show_id()
        company_ids = get_production_company_ids(popular_show_id)
        # Assume the first production company is the primary one
        primary_company_id = company_ids[0]
        hq = get_company_headquarters(primary_company_id)
        print(f""The headquarters of the production company is: {hq}"")
    except Exception as e:
        traceback.print_exc(file=sys.stderr)
        sys.exit(1)


if __name__ == ""__main__"":
    main()",3,"[""Get_popular_tv"", ""Get_tv_details"", ""Get_company_details""]",1,"[""restbench tools""]",,22.8346,0.0
What is the genre of The Mandalorian?,"The genres of 'The Mandalorian' are: Sci-Fi & Fantasy, Action & Adventure",1,1,3,7034,0,[],0,0,0,0,0,"import sys
from pathlib import Path
PROJECT_ROOT = Path(__file__).resolve().parents[1]
RESTBENCH_TOOLS_DIR = PROJECT_ROOT / 'restbench tools'
if str(RESTBENCH_TOOLS_DIR) not in sys.path:
    sys.path.insert(0, str(RESTBENCH_TOOLS_DIR))

from Search_tv import Search_tv
from Get_tv_details import Get_tv_details

import traceback

# Module-level constants derived from user_requirement
QUERY = ""The Mandalorian""

def search_show(query: str) -> dict:
    """"""Search for a TV show by name, return the full API response.""""""
    try:
        response = Search_tv(query)
    except Exception as e:
        raise RuntimeError(f""Search API call failed for query '{query}': {e}"")
    return response

def get_first_show_id(search_response: dict) -> int:
    """"""Extract the ID of the first result from a search response.""""""
    results = search_response.get(""results"", [])
    if not results:
        raise ValueError(""No TV show found for the given query."")
    first = results[0]
    show_id = first.get(""id"")
    if show_id is None:
        raise KeyError(""First search result does not contain an 'id' field."")
    return show_id

def get_show_details(series_id: int) -> dict:
    """"""Fetch detailed information for a given series ID.""""""
    try:
        details = Get_tv_details(series_id)
    except Exception as e:
        raise RuntimeError(f""Details API call failed for series_id {series_id}: {e}"")
    return details

def extract_genres(details: dict) -> list:
    """"""
    Extract genre names from TV show details.
    Response schema guarantees a 'genres' array of objects with a 'name' string.
    """"""
    genre_entries = details.get(""genres"", [])
    genre_names = [genre[""name""] for genre in genre_entries]
    return genre_names

def main():
    # 1. Search for the TV show
    search_response = search_show(QUERY)
    # 2. Get the first show's ID
    show_id = get_first_show_id(search_response)
    # 3. Get details of that show
    details = get_show_details(show_id)
    # 4. Extract genre names
    genres = extract_genres(details)
    # 5. Output the answer
    if genres:
        print(f""The genres of '{QUERY}' are: {', '.join(genres)}"")
    else:
        print(f""'{QUERY}' has no genres listed."")

if __name__ == ""__main__"":
    try:
        main()
    except Exception:
        traceback.print_exc(file=sys.stderr)",2,"[""Search_tv"", ""Get_tv_details""]",1,"[""restbench tools""]",,26.4617,0.0
When is the birthday of the lead actor of today's most trending TV show?,"Today's most trending TV show: Silo (ID: 125988)
The lead actor's birthday is: 1983-10-19",1,1,3,6659,0,[],0,0,0,0,0,"import sys
from pathlib import Path
PROJECT_ROOT = Path(__file__).resolve().parents[1]
RESTBENCH_TOOLS_DIR = PROJECT_ROOT / 'restbench tools'
if str(RESTBENCH_TOOLS_DIR) not in sys.path:
    sys.path.insert(0, str(RESTBENCH_TOOLS_DIR))

from Get_trending_tv import Get_trending_tv
from Get_tv_latest_season_credits import Get_tv_latest_season_credits
from Get_person_details import Get_person_details

import traceback

# Module-level constants
TIME_WINDOW = ""day""

def get_most_trending_tv():
    """"""Get the top trending TV show of today.""""""
    data = Get_trending_tv(TIME_WINDOW)
    results = data.get(""results"", [])
    if not results:
        return None
    first_show = results[0]
    return {
        ""id"": first_show[""id""],
        ""name"": first_show.get(""name"", ""Unknown"")
    }

def get_lead_actor_id(series_id):
    """"""Get the first cast member (lead actor) ID from the credits.""""""
    credits = Get_tv_latest_season_credits(series_id)
    cast = credits.get(""cast"", [])
    if not cast:
        return None
    return cast[0][""id""]

def get_person_birthday(person_id):
    """"""Get the birthday of a person.""""""
    person = Get_person_details(person_id)
    birthday = person.get(""birthday"")
    return birthday

def main():
    # Step 1: Get the most trending TV show today
    trending_show = get_most_trending_tv()
    if trending_show is None:
        print(""No trending TV shows found today."")
        return

    print(f""Today's most trending TV show: {trending_show['name']} (ID: {trending_show['id']})"")

    # Step 2: Get the lead actor (first cast member)
    lead_actor_id = get_lead_actor_id(trending_show['id'])
    if lead_actor_id is None:
        print(""No cast information available for this show."")
        return

    # Step 3: Get the lead actor's birthday
    birthday = get_person_birthday(lead_actor_id)
    if birthday is None:
        print(f""Lead actor (ID: {lead_actor_id}) does not have a known birthday."")
        return

    # Output
    print(f""The lead actor's birthday is: {birthday}"")

if __name__ == ""__main__"":
    try:
        main()
    except Exception:
        traceback.print_exc(file=sys.stderr)",3,"[""Get_trending_tv"", ""Get_tv_latest_season_credits"", ""Get_person_details""]",1,"[""restbench tools""]",,47.8568,0.0
What is the homepage of the network that produced today's most trending TV show?,Homepage of the network that produced today's most trending TV show: https://www.apple.com/apple-tv,1,1,3,7554,0,[],0,0,0,0,0,"import sys
from pathlib import Path
PROJECT_ROOT = Path(__file__).resolve().parents[1]
RESTBENCH_TOOLS_DIR = PROJECT_ROOT / 'restbench tools'
if str(RESTBENCH_TOOLS_DIR) not in sys.path:
    sys.path.insert(0, str(RESTBENCH_TOOLS_DIR))

from Get_trending_tv import Get_trending_tv
from Get_tv_details import Get_tv_details
from Get_network_details import Get_network_details

import traceback

# ====== Module-level constants (from user_requirement) ======
TIME_WINDOW = ""day""          # ""today's most trending TV show""
TOP_N = 1                    # first item = most trending


def extract_first_show(trending_data: dict) -> dict:
    """"""Extract the first (most trending) TV show from the trending results.""""""
    results = trending_data.get(""results"", [])
    if not results:
        raise ValueError(""No trending TV shows found."")
    # Schema key is ""results"", each item has ""id"" etc.
    return results[0]


def extract_first_network_id(tv_details: dict) -> int:
    """"""Extract the first network ID from the TV show details.""""""
    networks = tv_details.get(""networks"", [])
    if not networks:
        raise ValueError(""No networks found for this TV show."")
    # Each network object has ""id"" (integer)
    return networks[0][""id""]


def get_network_homepage(network_id: int) -> str:
    """"""Get the homepage URL of a network given its ID.""""""
    net_data = Get_network_details(network_id)
    homepage = net_data.get(""homepage"", """")
    if not homepage:
        raise ValueError(f""Network {network_id} has no homepage."")
    return homepage


def main() -> None:
    """"""Orchestrate the flow: trending TV -> details -> network -> homepage.""""""
    try:
        # Step 1: Get today's trending TV shows
        trending_data = Get_trending_tv(TIME_WINDOW)
        first_show = extract_first_show(trending_data)
        show_id = first_show[""id""]

        # Step 2: Get TV show details (contains network info)
        tv_details = Get_tv_details(show_id)
        network_id = extract_first_network_id(tv_details)

        # Step 3: Get network details to find homepage
        homepage = get_network_homepage(network_id)

        # Step 4: Output the homepage
        print(f""Homepage of the network that produced today's most trending TV show: {homepage}"")

    except Exception:
        traceback.print_exc(file=sys.stderr)
        sys.exit(1)


if __name__ == ""__main__"":
    main()",3,"[""Get_trending_tv"", ""Get_tv_details"", ""Get_network_details""]",1,"[""restbench tools""]",,30.1763,0.0
give me a review of today's most trending TV show,"Today's Most Trending TV Show: Silo
First Air Date: 2023-05-04  |  Vote Average: 8.157  |  Popularity: 170.0016
Overview: In a ruined and toxic future, thousands live in a giant silo deep underground. After its sheriff breaks a cardinal rule and residents die mysteriously, engineer Juliette starts to uncover shocking secrets and the truth about the silo.

Latest 5 Review(s):

--- Review #1 ---
Author: MovieGuys  (Rating: 8.0/10)
Content: Based on the novels by author Hugh Howey, Silo is off to an intriguing start. Yet the question remains, will Silo amount to anything meaningful?



After two episodes, that raise more questions than they answer, its hard to tell. So far, what can be clearly enunciated is a quality back story. A stor ...
----------------------------------------

--- Review #2 ---
Author: ddnnacheta  (Rating: 10.0/10)
Content: Simply great storytelling. And though the visuals quickly get repetitive due to the setting, it's great to see. Giving it a 10 for now, and unless the final few episodes are horrible, I won't be changing my rating to anything less than a 9.
----------------------------------------

--- Review #3 ---
Author: Lewis22  (Rating: None/10)
Content: **Silo** is a gripping dystopian thriller that follows humanity's last survivors in a massive underground bunker, where strict rules dictate their lives. **Rebecca Ferguson shines** as Juliette, a mechanic determined to uncover the **secrets of the Silo**, leading viewers on a suspenseful journey fi ...
----------------------------------------

--- Review #4 ---
Author: kisaligol  (Rating: 9.0/10)
Content: Excellent Fallout fan fiction of what life would be like inside a vault. Focuses on grim drama and semi-realism over humor and irony, which is a shift in perspective from the Fallout games that shows how versatile that universe really is.



I understand the author of the Wool-series that Silo is ba ...
----------------------------------------

--- Review #5 ---
Author: Dean  (Rating: 4.0/10)
Content: First of all, let me tell you that this show is based on a book. So, kudos and all praise to the author of the book for such an amazing story. Now, about show... Show itself isn't bad. It's interesting, but sadly it's infected with DEI woke propaganda. Watching the show you would have an illusion th ...
----------------------------------------",1,1,3,5522,0,[],0,0,0,0,0,"import sys
from pathlib import Path
PROJECT_ROOT = Path(__file__).resolve().parents[1]
RESTBENCH_TOOLS_DIR = PROJECT_ROOT / 'restbench tools'
if str(RESTBENCH_TOOLS_DIR) not in sys.path:
    sys.path.insert(0, str(RESTBENCH_TOOLS_DIR))

from Get_trending_tv import Get_trending_tv
from Get_tv_series_reviews import Get_tv_series_reviews

import traceback

# --- Hardcoded Constants (derived from user requirement: ""today's most trending"") ---
TIME_WINDOW = ""day""           # ""today"" => day window
TOP_N_SHOWS = 1               # we only need the top 1
MAX_REVIEWS_TO_PRINT = 5      # number of reviews to show

def fetch_trending_tv():
    """"""
    Retrieve the list of trending TV shows for today.
    Uses Get_trending_tv from the provided API framework.
    Returns the full JSON response dict.
    """"""
    response = Get_trending_tv(TIME_WINDOW)
    if not response or ""results"" not in response:
        raise ValueError(""Unexpected response structure from Get_trending_tv"")
    return response

def extract_top_show(trending_response):
    """"""
    From the trending response, extract the first (most trending) show.
    Returns the show dict.
    """"""
    results = trending_response.get(""results"", [])
    if not results:
        print(""No trending TV shows found for today."")
        sys.exit(0)
    # The first result is the top trending show per TMDB ordering
    top_show = results[0]
    return top_show

def fetch_show_reviews(series_id):
    """"""
    Fetch all reviews for a given TV show ID.
    Uses Get_tv_series_reviews from the provided API framework.
    Returns the list of review objects.
    """"""
    response = Get_tv_series_reviews(series_id)
    if not response or ""results"" not in response:
        raise ValueError(""Unexpected response structure from Get_tv_series_reviews"")
    # Return all reviews; an empty list is valid (no reviews yet)
    return response.get(""results"", [])

def format_review_output(show_dict, reviews_list):
    """"""
    Build a readable string representation of the top show and its reviews.
    """"""
    show_name = show_dict.get(""name"", ""Unknown Show"")
    overview = show_dict.get(""overview"", ""No overview available."")
    first_air = show_dict.get(""first_air_date"", ""Unknown"")
    vote_avg = show_dict.get(""vote_average"", ""N/A"")
    popularity = show_dict.get(""popularity"", ""N/A"")

    lines = []
    lines.append(f""Today's Most Trending TV Show: {show_name}"")
    lines.append(f""First Air Date: {first_air}  |  Vote Average: {vote_avg}  |  Popularity: {popularity}"")
    lines.append(f""Overview: {overview}"")
    lines.append("""")

    if not reviews_list:
        lines.append(""No reviews available for this show yet."")
    else:
        num = min(len(reviews_list), MAX_REVIEWS_TO_PRINT)
        lines.append(f""Latest {num} Review(s):"")
        for idx, review in enumerate(reviews_list[:num], start=1):
            author = review.get(""author"", ""Anonymous"")
            rating = review.get(""author_details"", {}).get(""rating"", ""No rating"")
            content = review.get(""content"", """")
            # Truncate very long content for readability
            if len(content) > 300:
                content = content[:300] + "" ...""
            lines.append(f""\n--- Review #{idx} ---"")
            lines.append(f""Author: {author}  (Rating: {rating}/10)"")
            lines.append(f""Content: {content}"")
            lines.append(""-"" * 40)

    return ""\n"".join(lines)

def main():
    """"""
    Orchestrate the workflow:
    1. Get trending TV shows.
    2. Pick the top show.
    3. Fetch its reviews.
    4. Print the formatted output.
    """"""
    try:
        trending = fetch_trending_tv()
        top_show = extract_top_show(trending)
        show_id = top_show.get(""id"")
        if not show_id:
            raise ValueError(""Top show has no ID"")
        reviews = fetch_show_reviews(show_id)
        output = format_review_output(top_show, reviews)
        print(output)
    except Exception as e:
        print(""An error occurred while processing your request:"", file=sys.stderr)
        traceback.print_exc(file=sys.stderr)
        sys.exit(1)

if __name__ == ""__main__"":
    main()",2,"[""Get_trending_tv"", ""Get_tv_series_reviews""]",1,"[""restbench tools""]",,27.9057,0.0
I prefer a TV show that similar to today's most trending TV show,"Today's most trending TV show: Silo

Here are the top 5 similar TV shows:

1. Mayday
   Vote average: 8.2
   Overview: Major real-life air disasters are depicted in this series. Each episode features a detailed dramatized reconstruction of the incident based on cockpit voice recorders and air traffic control transcrip...

2. Jeremiah
   Vote average: 6.888
   Overview: Jeremiah is an American television series starring Luke Perry and Malcolm-Jamal Warner that ran on the Showtime network from 2002 to 2004. The series takes place in a post-apocalyptic future where mos...

3. Pride and Prejudice
   Vote average: 8.0
   Overview: The arrival of a young, well-off, eligible man named Mr. Bingley sends the Bennet household--with five girls of a marrying age--into a tizzy. But it's the introduction of Mr. Bingley's friend, Mr. Dar...

4. Nicholas Nickleby
   Vote average: 7.0
   Overview: Nicholas Nickleby, a young boy in search of a better life, struggles to save his family and friends from the abusive exploitation of his coldheartedly grasping uncle....

5. High School of the Dead
   Vote average: 8.139
   Overview: A small group of students at Fujimi High are fighting for their lives after surviving a zombie outbreak. It is up to Takashi to unite the survivors and escape the horrors that surround them. In this n...",1,1,3,5409,0,[],0,0,0,0,0,"import sys
from pathlib import Path
PROJECT_ROOT = Path(__file__).resolve().parents[1]
RESTBENCH_TOOLS_DIR = PROJECT_ROOT / 'restbench tools'
if str(RESTBENCH_TOOLS_DIR) not in sys.path:
    sys.path.insert(0, str(RESTBENCH_TOOLS_DIR))

from Get_trending_tv import Get_trending_tv
from Get_similar_tv import Get_similar_tv

import traceback

# Module-level constants derived from user requirement
TIME_WINDOW = ""day""  # ""today's most trending"" -> 'day'
NUM_SIMILAR_TO_SHOW = 5  # show top 5 similar TV shows


def fetch_most_trending_tv(time_window):
    """"""
    Fetch the list of trending TV shows and return the ID and name of the
    most trending one (first item in the results).
    """"""
    response = Get_trending_tv(time_window)
    results = response.get(""results"", [])
    if not results:
        raise ValueError(""No trending TV shows found."")
    # First item is the most trending (TMDB sorts by popularity)
    top_show = results[0]
    return top_show[""id""], top_show[""name""]


def fetch_similar_tv_shows(series_id):
    """"""
    Fetch similar TV shows for the given series ID and return the list of
    results (already parsed JSON).
    """"""
    response = Get_similar_tv(series_id)
    return response.get(""results"", [])


def display_similar_shows(trending_name, similar_shows, max_shows=NUM_SIMILAR_TO_SHOW):
    """"""
    Print the list of similar TV shows in a readable format.
    """"""
    print(f""Today's most trending TV show: {trending_name}"")
    print(f""\nHere are the top {max_shows} similar TV shows:\n"")
    for i, show in enumerate(similar_shows[:max_shows], 1):
        name = show.get(""name"", ""Unknown"")
        overview = show.get(""overview"", ""No overview available."")
        vote = show.get(""vote_average"", ""N/A"")
        # Use lenient output; avoid strict comparisons
        print(f""{i}. {name}"")
        print(f""   Vote average: {vote}"")
        print(f""   Overview: {overview[:200]}..."")
        print()


def main():
    try:
        trending_id, trending_name = fetch_most_trending_tv(TIME_WINDOW)
        similar_shows = fetch_similar_tv_shows(trending_id)
        display_similar_shows(trending_name, similar_shows)
    except Exception as e:
        print(f""An error occurred: {e}"", file=sys.stderr)
        traceback.print_exc(file=sys.stderr)


if __name__ == ""__main__"":
    main()",2,"[""Get_trending_tv"", ""Get_similar_tv""]",1,"[""restbench tools""]",,25.7568,0.0
I need a poster of today's most trending TV show,"Today's most trending TV show : Silo
Poster path                     : /gMYZZvnkVNTqSVnVCphWbPXwWwb.jpg",1,1,3,7069,0,[],0,0,0,0,0,"import sys
from pathlib import Path
PROJECT_ROOT = Path(__file__).resolve().parents[1]
RESTBENCH_TOOLS_DIR = PROJECT_ROOT / 'restbench tools'
if str(RESTBENCH_TOOLS_DIR) not in sys.path:
    sys.path.insert(0, str(RESTBENCH_TOOLS_DIR))

from Get_trending_tv import Get_trending_tv
from Get_tv_details import Get_tv_details

import traceback

# ── Module-level constants ──────────────────────────────────────────────
# Derived from user_requirement: ""today's most trending TV show""
TIME_WINDOW = ""day""


def get_trending_tv_show():
    """"""
    Fetch today's most trending TV show via Get_trending_tv.
    Returns (show_id, show_name) from the first result, or (None, None).
    """"""
    try:
        trending_data = Get_trending_tv(TIME_WINDOW)
        results = trending_data.get(""results"", [])
        if not results:
            print(""No trending TV shows found for today."")
            return None, None

        first_show = results[0]               # most trending = first item
        show_id = first_show.get(""id"")
        show_name = first_show.get(""name"")
        return show_id, show_name

    except Exception:
        print(""Error while fetching trending TV shows."")
        traceback.print_exc(file=sys.stderr)
        return None, None


def get_tv_poster_path(series_id):
    """"""
    Fetch TV show details via Get_tv_details and extract the poster_path.
    Returns poster_path (string) or None.
    """"""
    try:
        details = Get_tv_details(series_id)
        poster_path = details.get(""poster_path"")
        return poster_path

    except Exception:
        print(""Error while fetching TV show details."")
        traceback.print_exc(file=sys.stderr)
        return None


def main():
    """"""Orchestrate the workflow: trending TV → poster path → output.""""""
    show_id, show_name = get_trending_tv_show()
    if show_id is None:
        print(""Could not retrieve today's most trending TV show."")
        return

    poster_path = get_tv_poster_path(show_id)
    if poster_path is None:
        print(f""Poster not available for '{show_name}'."")
        return

    print(f""Today's most trending TV show : {show_name}"")
    print(f""Poster path                     : {poster_path}"")


if __name__ == ""__main__"":
    main()",2,"[""Get_trending_tv"", ""Get_tv_details""]",1,"[""restbench tools""]",,29.5798,0.0
Who has worked with Jeremy Clarkson in his most popular TV show?,"Jeremy Clarkson TMDB ID: 81113
Most popular show ID: 1636

People who worked with Jeremy Clarkson in his most popular TV show:
 - Andi Peters
 - Edith Bowman
 - Fearne Cotton
 - Johnnie Stewart
 - Reggie Yates
 - Richard Bacon
 - Rufus Hound
 - Stanley Appel",1,1,3,7208,0,[],0,0,0,0,0,"import sys
from pathlib import Path
PROJECT_ROOT = Path(__file__).resolve().parents[1]
RESTBENCH_TOOLS_DIR = PROJECT_ROOT / 'restbench tools'
if str(RESTBENCH_TOOLS_DIR) not in sys.path:
    sys.path.insert(0, str(RESTBENCH_TOOLS_DIR))

from Search_person import Search_person
from Get_person_tv_credits import Get_person_tv_credits
from Get_tv_latest_season_credits import Get_tv_latest_season_credits

import traceback

# ===== MODULE-LEVEL CONSTANTS =====
JEREMY_CLARKSON_QUERY = ""Jeremy Clarkson""


def search_person_id(query):
    """"""
    Searches for a person by name and returns the first matching person's TMDB ID.
    """"""
    response = Search_person(query)
    results = response.get(""results"", [])
    if not results:
        raise ValueError(f""No person found for query '{query}'"")
    # Take first result; assume it's the correct one
    return results[0][""id""]


def get_most_popular_tv_show_id(person_id):
    """"""
    Given a person's TMDB ID, returns the ID of the TV show (among their TV credits)
    with the highest popularity value.
    """"""
    credits = Get_person_tv_credits(person_id)
    best_show_id = None
    best_popularity = -1.0

    # Check cast entries
    for cast_entry in credits.get(""cast"", []):
        pop = cast_entry.get(""popularity"", 0)
        if pop > best_popularity:
            best_popularity = pop
            best_show_id = cast_entry[""id""]

    # Check crew entries
    for crew_entry in credits.get(""crew"", []):
        pop = crew_entry.get(""popularity"", 0)
        if pop > best_popularity:
            best_popularity = pop
            best_show_id = crew_entry[""id""]

    if best_show_id is None:
        raise ValueError(""No TV show found in credits."")
    return best_show_id


def get_coworkers_from_show(show_id):
    """"""
    Returns a list of names of all cast and crew members from the given show's credits.
    """"""
    credits = Get_tv_latest_season_credits(show_id)
    coworkers = set()

    for cast_entry in credits.get(""cast"", []):
        name = cast_entry.get(""name"")
        if name:
            coworkers.add(name)

    for crew_entry in credits.get(""crew"", []):
        name = crew_entry.get(""name"")
        if name:
            coworkers.add(name)

    return sorted(coworkers)


def main():
    try:
        # Step 1: Find Jeremy Clarkson's person ID
        jeremy_id = search_person_id(JEREMY_CLARKSON_QUERY)
        print(f""Jeremy Clarkson TMDB ID: {jeremy_id}"")

        # Step 2: Find his most popular TV show
        top_show_id = get_most_popular_tv_show_id(jeremy_id)
        print(f""Most popular show ID: {top_show_id}"")

        # Step 3: Get coworkers from that show
        coworkers = get_coworkers_from_show(top_show_id)
        print(""\nPeople who worked with Jeremy Clarkson in his most popular TV show:"")
        for name in coworkers:
            print(f"" - {name}"")

    except Exception as e:
        traceback.print_exc(file=sys.stderr)
        sys.exit(1)


if __name__ == ""__main__"":
    main()",3,"[""Search_person"", ""Get_person_tv_credits"", ""Get_tv_latest_season_credits""]",1,"[""restbench tools""]",,70.934,0.0
What does the lead actor of the first episode of second season of Black Mirror look like?,"✓ Found show ID: 42009
✓ Season 2 has 4 episode(s).
✓ First episode number: 1
✗ Requirement cannot be met – no cast found.",1,0,11,39325,2,"[""pseudocode_repair"", ""pseudocode_repair""]",4,17974,2,0,2,"import sys
from pathlib import Path
PROJECT_ROOT = Path(__file__).resolve().parents[1]
RESTBENCH_TOOLS_DIR = PROJECT_ROOT / 'restbench tools'
if str(RESTBENCH_TOOLS_DIR) not in sys.path:
    sys.path.insert(0, str(RESTBENCH_TOOLS_DIR))

from Search_tv import Search_tv
from Get_tv_season_details import Get_tv_season_details
from Get_tv_episode_credits import Get_tv_episode_credits
from Get_person_images import Get_person_images

import traceback

# ---------- Module-level constants ----------
SHOW_NAME = ""Black Mirror""
SEASON_NUMBER = 2


# ---------- Helper functions ----------
def find_show_id(show_name: str) -> int:
    """"""Search for a TV show and return its TMDB ID.""""""
    data = Search_tv(show_name)
    results = data.get(""results"", [])
    if not results:
        raise ValueError(f""No results found for show '{show_name}'"")
    return results[0][""id""]


def get_season_episodes(series_id: int, season_number: int) -> list:
    """"""Return the list of episodes for a given season.""""""
    data = Get_tv_season_details(series_id, season_number)
    episodes = data.get(""episodes"", [])
    if not episodes:
        raise ValueError(f""No episodes found for season {season_number}"")
    return episodes


def get_first_episode_number(episodes: list) -> int:
    """"""Extract the episode_number of the first episode in the list.""""""
    return episodes[0][""episode_number""]


def get_lead_actor_id(series_id: int, season_number: int, episode_number: int) -> int | None:
    """"""Return the TMDB person ID of the first cast member (lead actor).""""""
    data = Get_tv_episode_credits(series_id, season_number, episode_number)
    cast = data.get(""cast"", [])
    if not cast:
        return None
    # First element is considered the lead actor
    return cast[0][""id""]


def get_actor_images(person_id: int) -> list:
    """"""Return the list of profile images for a person.""""""
    data = Get_person_images(person_id)
    return data.get(""profiles"", [])


def main():
    try:
        # Step 1 – find Black Mirror's TMDB ID
        show_id = find_show_id(SHOW_NAME)
        print(f""✓ Found show ID: {show_id}"")

        # Step 2 – get season 2 episodes
        episodes = get_season_episodes(show_id, SEASON_NUMBER)
        print(f""✓ Season {SEASON_NUMBER} has {len(episodes)} episode(s)."")

        # Step 3 – first episode number
        first_ep_num = get_first_episode_number(episodes)
        print(f""✓ First episode number: {first_ep_num}"")

        # Step 4 – lead actor ID
        lead_actor_id = get_lead_actor_id(show_id, SEASON_NUMBER, first_ep_num)
        if lead_actor_id is None:
            print(""✗ Requirement cannot be met – no cast found."")
            return
        print(f""✓ Lead actor person ID: {lead_actor_id}"")

        # Step 5 – get images
        images = get_actor_images(lead_actor_id)
        if not images:
            print(""✗ No images found for lead actor."")
            return

        print(f""✓ Found {len(images)} profile image(s). Displaying first 5:"")
        base_url = ""https://image.tmdb.org/t/p/original""
        for idx, img in enumerate(images[:5]):
            full_url = base_url + img[""file_path""]
            print(f""  Image {idx+1}: {full_url}"")

    except Exception:
        print(""An unexpected error occurred:"")
        traceback.print_exc(file=sys.stderr)


if __name__ == ""__main__"":
    main()",4,"[""Search_tv"", ""Get_tv_season_details"", ""Get_tv_episode_credits"", ""Get_person_images""]",1,"[""restbench tools""]",,174.2083,49.6035
When is the lead actor of The Mandalorian born?,"Found show ID: 82856
Lead actor ID: 1253360
The lead actor of 'The Mandalorian' was born on 1975-04-02.",1,1,3,6522,0,[],0,0,0,0,0,"import sys
from pathlib import Path
PROJECT_ROOT = Path(__file__).resolve().parents[1]
RESTBENCH_TOOLS_DIR = PROJECT_ROOT / 'restbench tools'
if str(RESTBENCH_TOOLS_DIR) not in sys.path:
    sys.path.insert(0, str(RESTBENCH_TOOLS_DIR))

from Search_tv import Search_tv
from Get_tv_latest_season_credits import Get_tv_latest_season_credits
from Get_person_details import Get_person_details

import traceback

# ---- Constants (module-level, from user requirement) ----
SEARCH_QUERY = ""The Mandalorian""


def search_show(show_name: str) -> int:
    """"""
    Search for a TV show by name and return the first result's ID.
    """"""
    data = Search_tv(show_name)  # noqa: F821
    results = data.get(""results"", [])
    if not results:
        raise RuntimeError(f""No results found for show: {show_name}"")
    first_result = results[0]
    show_id = first_result.get(""id"")
    if show_id is None:
        raise RuntimeError(""Search result missing 'id' field."")
    return show_id


def get_lead_actor_id(series_id: int) -> int:
    """"""
    Fetch credits for the TV series and return the ID of the first cast member
    (assumed to be the lead actor).
    """"""
    credits = Get_tv_latest_season_credits(series_id)  # noqa: F821
    cast = credits.get(""cast"", [])
    if not cast:
        raise RuntimeError(f""No cast found for series ID {series_id}."")
    first_cast = cast[0]
    actor_id = first_cast.get(""id"")
    if actor_id is None:
        raise RuntimeError(""Cast member missing 'id' field."")
    return actor_id


def get_person_birthday(person_id: int) -> str:
    """"""
    Fetch person details and return the birthday (YYYY-MM-DD).
    """"""
    details = Get_person_details(person_id)  # noqa: F821
    birthday = details.get(""birthday"")
    if not birthday:
        raise RuntimeError(f""Person ID {person_id} has no 'birthday' field."")
    return birthday


def main() -> None:
    """"""
    Orchestrate the search, credits lookup, and person details retrieval.
    """"""
    try:
        # Step 1: Search for the TV show
        show_id = search_show(SEARCH_QUERY)
        print(f""Found show ID: {show_id}"")

        # Step 2: Get lead actor (first cast member) ID
        actor_id = get_lead_actor_id(show_id)
        print(f""Lead actor ID: {actor_id}"")

        # Step 3: Get actor's birthday
        birthday = get_person_birthday(actor_id)
        print(f""The lead actor of '{SEARCH_QUERY}' was born on {birthday}."")

    except Exception:
        traceback.print_exc(file=sys.stderr)
        sys.exit(1)


if __name__ == ""__main__"":
    main()",3,"[""Search_tv"", ""Get_tv_latest_season_credits"", ""Get_person_details""]",1,"[""restbench tools""]",,36.3443,0.0
Who is the lead actor of today's most popular TV show?,The lead actor of today's most popular TV show 'Silo' is Rebecca Ferguson.,1,1,3,5885,0,[],0,0,0,0,0,"import sys
from pathlib import Path
PROJECT_ROOT = Path(__file__).resolve().parents[1]
RESTBENCH_TOOLS_DIR = PROJECT_ROOT / 'restbench tools'
if str(RESTBENCH_TOOLS_DIR) not in sys.path:
    sys.path.insert(0, str(RESTBENCH_TOOLS_DIR))

from Get_trending_tv import Get_trending_tv
from Get_tv_latest_season_credits import Get_tv_latest_season_credits

import traceback

# ========== Module-level constants (from user_requirement) ==========
TIME_WINDOW = ""day""  # ""today's most popular TV show""
TOP_N = 1             # we only need the first (most popular) show

# ========== Helper functions (each wraps a single API) ==========
def get_trending_tv_shows(time_window):
    """"""
    Fetch trending TV shows for the given time window.
    Returns a list of show objects (or empty list on failure).
    """"""
    try:
        data = Get_trending_tv(time_window)
        results = data.get(""results"", [])
        return results
    except Exception:
        traceback.print_exc(file=sys.stderr)
        return []


def get_tv_credits(series_id):
    """"""
    Fetch credits (cast + crew) for a TV series.
    Returns the full credits dict, or empty dict on failure.
    """"""
    try:
        credits = Get_tv_latest_season_credits(series_id)
        return credits
    except Exception:
        traceback.print_exc(file=sys.stderr)
        return {}


def find_lead_actor(credits):
    """"""
    From the credits dict, extract the cast member with the smallest
    'order' value (i.e., the lead actor). Returns the actor's name,
    or None if no cast is available.
    """"""
    cast = credits.get(""cast"", [])
    if not cast:
        return None
    # The cast member with the lowest 'order' is the lead
    lead = min(cast, key=lambda actor: actor.get(""order"", float('inf')))
    return lead.get(""name"")


# ========== Main orchestration ==========
def main():
    # 1. Get trending TV shows
    shows = get_trending_tv_shows(TIME_WINDOW)
    if not shows:
        print(""No trending TV shows found."")
        return

    # 2. The first result is considered the most popular today
    most_popular = shows[0]
    show_name = most_popular.get(""name"", ""Unknown"")
    show_id = most_popular.get(""id"")
    if show_id is None:
        print(f""Could not retrieve ID for show '{show_name}'."")
        return

    # 3. Fetch credits (latest season, as per the API)
    credits = get_tv_credits(show_id)
    if not credits:
        print(f""No credits found for '{show_name}'."")
        return

    # 4. Extract the lead actor name
    lead_actor = find_lead_actor(credits)
    if lead_actor:
        print(f""The lead actor of today's most popular TV show '{show_name}' is {lead_actor}."")
    else:
        print(f""No lead actor found for '{show_name}'."")


if __name__ == ""__main__"":
    try:
        main()
    except Exception:
        traceback.print_exc(file=sys.stderr)
        sys.exit(1)",2,"[""Get_trending_tv"", ""Get_tv_latest_season_credits""]",1,"[""restbench tools""]",,55.2214,0.0
give me a photo of the lead actor of the most popular TV show of this week,"Most popular TV show: Silo (ID: 125988)
Lead actor: Rebecca Ferguson (ID: 933238)
Photo URL: https://image.tmdb.org/t/p/original/lJloTOheuQSirSLXNA3JHsrMNfH.jpg",1,1,3,6452,0,[],0,0,0,0,0,"import sys
from pathlib import Path
PROJECT_ROOT = Path(__file__).resolve().parents[1]
RESTBENCH_TOOLS_DIR = PROJECT_ROOT / 'restbench tools'
if str(RESTBENCH_TOOLS_DIR) not in sys.path:
    sys.path.insert(0, str(RESTBENCH_TOOLS_DIR))

from Get_trending_tv import Get_trending_tv
from Get_tv_latest_season_credits import Get_tv_latest_season_credits
from Get_person_images import Get_person_images

import traceback

# Module-level constants (hardcoded per Rule13)
TIME_WINDOW = ""week""
IMAGE_BASE_URL = ""https://image.tmdb.org/t/p/original""


def get_most_popular_tv_show():
    """"""Return (show_id, show_name) of the most popular TV show this week.""""""
    data = Get_trending_tv(TIME_WINDOW)
    results = data.get(""results"", [])
    if not results:
        raise ValueError(""No trending TV shows found this week."")
    # First result is the most popular (sorted by popularity descending)
    first = results[0]
    show_id = first[""id""]
    show_name = first.get(""name"", ""Unknown"")
    return show_id, show_name


def get_lead_actor_from_latest_season(series_id):
    """"""Return (actor_id, actor_name) of the lead actor (first cast member).""""""
    credits = Get_tv_latest_season_credits(series_id)
    cast = credits.get(""cast"", [])
    if not cast:
        raise ValueError(f""No cast found for series ID {series_id}."")
    # Lead actor is the first in the cast list (order 0 or highest billing)
    lead = cast[0]
    actor_id = lead[""id""]
    actor_name = lead.get(""name"", ""Unknown"")
    return actor_id, actor_name


def get_person_photo(person_id):
    """"""Return the full URL of the first profile image for a person.""""""
    images = Get_person_images(person_id)
    profiles = images.get(""profiles"", [])
    if not profiles:
        raise ValueError(f""No profile images found for person ID {person_id}."")
    file_path = profiles[0][""file_path""]
    return f""{IMAGE_BASE_URL}{file_path}""


def main():
    # 1. Get most popular TV show
    show_id, show_name = get_most_popular_tv_show()
    print(f""Most popular TV show: {show_name} (ID: {show_id})"")

    # 2. Get lead actor from its credits
    actor_id, actor_name = get_lead_actor_from_latest_season(show_id)
    print(f""Lead actor: {actor_name} (ID: {actor_id})"")

    # 3. Get photo of the actor
    photo_url = get_person_photo(actor_id)
    print(f""Photo URL: {photo_url}"")


if __name__ == ""__main__"":
    try:
        main()
    except Exception:
        traceback.print_exc(file=sys.stderr)
        sys.exit(1)",3,"[""Get_trending_tv"", ""Get_tv_latest_season_credits"", ""Get_person_images""]",1,"[""restbench tools""]",,45.2118,0.0
give me some reviews of Cate Blanchett's latest TV show,"Found person ID: 112
Found 53 TV show credits.
Latest show TMDB ID: 292130
No reviews found for the latest TV show.",1,0,3,6908,0,[],0,0,0,0,0,"import sys
from pathlib import Path
PROJECT_ROOT = Path(__file__).resolve().parents[1]
RESTBENCH_TOOLS_DIR = PROJECT_ROOT / 'restbench tools'
if str(RESTBENCH_TOOLS_DIR) not in sys.path:
    sys.path.insert(0, str(RESTBENCH_TOOLS_DIR))

from Search_person import Search_person
from Get_person_tv_credits import Get_person_tv_credits
from Get_tv_series_reviews import Get_tv_series_reviews

import traceback

# --------------------- Hardcoded Constants ---------------------
PERSON_NAME = ""Cate Blanchett""


# --------------------- Helper Functions ------------------------
def search_person(person_name: str) -> int:
    """"""Search for a person by name and return their TMDB person ID.""""""
    result = Search_person(person_name)  # API function, returns dict
    if not result or not result.get(""results""):
        raise RuntimeError(f""No person found for name '{person_name}'."")
    # Take the first result as the most relevant
    first_person = result[""results""][0]
    return first_person[""id""]


def get_person_tv_credits(person_id: int) -> list:
    """"""Retrieve the TV cast credits for a person.""""""
    credits = Get_person_tv_credits(person_id)  # API function, returns dict
    cast = credits.get(""cast"", [])
    if not cast:
        raise RuntimeError(f""Person with ID {person_id} has no TV cast credits."")
    return cast


def determine_latest_tv_show(tv_credits: list) -> int:
    """"""From a list of TV credits, return the series ID of the most recent show
    (by first_air_date).""""""
    from datetime import datetime

    def parse_date(d: str) -> datetime:
        """"""Safely parse a date string; return a distant past date if invalid.""""""
        try:
            return datetime.strptime(d, ""%Y-%m-%d"")
        except (ValueError, TypeError):
            return datetime.min

    latest_show = max(
        tv_credits,
        key=lambda credit: parse_date(credit.get(""first_air_date"", """"))
    )
    return latest_show[""id""]


def get_tv_series_reviews(series_id: int) -> list:
    """"""Retrieve all reviews for a given TV series.""""""
    review_data = Get_tv_series_reviews(series_id)  # API function, returns dict
    reviews = review_data.get(""results"", [])
    return reviews


def format_review(review: dict) -> str:
    """"""Return a human-readable string for a single review.""""""
    author = review.get(""author"", ""Unknown"")
    content = review.get(""content"", ""No content."")
    rating = review.get(""author_details"", {}).get(""rating"", None)
    date = review.get(""created_at"", ""Unknown"")[:10]  # just date part
    rating_str = f""Rating: {rating}/10"" if rating is not None else ""No rating""
    return (
        f""Review by {author}\n""
        f""Date: {date}\n""
        f""{rating_str}\n""
        f""Content:\n{content}\n""
        f""{'-'*40}""
    )


def main() -> None:
    """"""Orchestrate the workflow: search, credits, latest show, reviews, print.""""""
    try:
        # Step 1: Get Cate Blanchett's person id
        person_id = search_person(PERSON_NAME)
        print(f""Found person ID: {person_id}"")

        # Step 2: Get all TV credits
        tv_credits = get_person_tv_credits(person_id)
        print(f""Found {len(tv_credits)} TV show credits."")

        # Step 3: Determine latest show
        latest_show_id = determine_latest_tv_show(tv_credits)
        print(f""Latest show TMDB ID: {latest_show_id}"")

        # Step 4: Get reviews for that show
        reviews = get_tv_series_reviews(latest_show_id)
        if not reviews:
            print(""No reviews found for the latest TV show."")
            return

        print(f""\nReviews for Cate Blanchett's latest TV show:\n"")
        for idx, review in enumerate(reviews, 1):
            print(f""--- Review #{idx} ---"")
            print(format_review(review))
            print()

    except Exception as exc:
        print(""An error occurred:"", exc, file=sys.stderr)
        traceback.print_exc(file=sys.stderr)
        sys.exit(1)


if __name__ == ""__main__"":
    main()",3,"[""Search_person"", ""Get_person_tv_credits"", ""Get_tv_series_reviews""]",1,"[""restbench tools""]",,41.4841,0.0
What is David Schwimmer's most popular TV show?,The most popular TV show of David Schwimmer is: Friends,1,1,3,8608,0,[],0,0,0,0,0,"import sys
from pathlib import Path
PROJECT_ROOT = Path(__file__).resolve().parents[1]
RESTBENCH_TOOLS_DIR = PROJECT_ROOT / 'restbench tools'
if str(RESTBENCH_TOOLS_DIR) not in sys.path:
    sys.path.insert(0, str(RESTBENCH_TOOLS_DIR))

from Search_person import Search_person
from Get_person_tv_credits import Get_person_tv_credits
from Get_tv_details import Get_tv_details

import traceback

# ─── Module‑level constants ───────────────────────────────────────────
PERSON_NAME = ""David Schwimmer""


# ─── Helper functions ─────────────────────────────────────────────────

def search_person(name):
    """"""Search for a person by name and return their TMDB ID,
    or None if no results are found.""""""
    data = Search_person(query=name)
    results = data.get(""results"", [])
    if not results:
        return None
    # Assume first result is the correct person
    person = results[0]
    return person.get(""id"")


def get_tv_credits(person_id):
    """"""Retrieve the TV cast credits for a given person.
    Returns the list of cast entries (empty list if none).""""""
    credits = Get_person_tv_credits(person_id=person_id)
    return credits.get(""cast"", [])


def find_most_popular_show(cast_list):
    """"""From a list of TV cast credits, return the show ID with
    the highest 'popularity' value, or None if the list is empty.""""""
    most_popular = None
    max_popularity = -1.0
    for show in cast_list:
        popularity = show.get(""popularity"", 0)
        if popularity > max_popularity:
            max_popularity = popularity
            most_popular = show
    if most_popular is None:
        return None
    return most_popular.get(""id"")


def get_tv_details(show_id):
    """"""Return the name of a TV show given its TMDB series ID,
    or None if the name cannot be retrieved.""""""
    details = Get_tv_details(series_id=show_id)
    return details.get(""name"")


# ─── Main orchestration ───────────────────────────────────────────────

def main():
    person_id = search_person(PERSON_NAME)
    if person_id is None:
        print(f""Person '{PERSON_NAME}' not found."")
        return

    cast = get_tv_credits(person_id)
    if not cast:
        print(f""No TV credits found for {PERSON_NAME}."")
        return

    top_show_id = find_most_popular_show(cast)
    if top_show_id is None:
        print(""No TV shows with a popularity score found."")
        return

    show_name = get_tv_details(top_show_id)
    if show_name is None:
        print(""Could not retrieve details of the most popular TV show."")
    else:
        print(f""The most popular TV show of {PERSON_NAME} is: {show_name}"")


if __name__ == ""__main__"":
    try:
        main()
    except Exception:
        traceback.print_exc(file=sys.stderr)",3,"[""Search_person"", ""Get_person_tv_credits"", ""Get_tv_details""]",1,"[""restbench tools""]",,69.0512,0.0
Who directed the third episode of the second season of Black Mirror?,"The director of season 2, episode 3 of 'Black Mirror' is: Bryn Higgins",1,1,3,6031,0,[],0,0,0,0,0,"import sys
from pathlib import Path
PROJECT_ROOT = Path(__file__).resolve().parents[1]
RESTBENCH_TOOLS_DIR = PROJECT_ROOT / 'restbench tools'
if str(RESTBENCH_TOOLS_DIR) not in sys.path:
    sys.path.insert(0, str(RESTBENCH_TOOLS_DIR))

from Search_tv import Search_tv
from Get_tv_episode_credits import Get_tv_episode_credits

import traceback

# --- Module-level constants derived from user requirement ---
SHOW_NAME = ""Black Mirror""
SEASON_NUMBER = 2
EPISODE_NUMBER = 3

# -----------------------------------------------------------
def search_show_id(show_name: str) -> int:
    """"""Search for a TV show and return the ID of the first result.""""""
    result = Search_tv(show_name)
    results = result.get(""results"", [])
    if not results:
        raise ValueError(f""No results found for show: {show_name}"")
    first = results[0]
    show_id = first.get(""id"")
    if show_id is None:
        raise ValueError(f""Result missing 'id' field for show: {show_name}"")
    return show_id


def get_episode_crew(series_id: int, season: int, episode: int) -> list:
    """"""Get the crew list for a specific episode.""""""
    credits = Get_tv_episode_credits(series_id, season, episode)
    crew = credits.get(""crew"", [])
    return crew


def extract_director_name(crew_list: list) -> str:
    """"""Find the crew member whose job is 'Director' (case-insensitive).""""""
    for member in crew_list:
        job = member.get(""job"", """")
        if job.lower() == ""director"":
            return member.get(""name"", ""Unknown"")
    return None


def main() -> None:
    """"""Orchestrate the search and extraction of the episode director.""""""
    try:
        show_id = search_show_id(SHOW_NAME)
        crew = get_episode_crew(show_id, SEASON_NUMBER, EPISODE_NUMBER)
        director = extract_director_name(crew)

        if director:
            print(
                f""The director of season {SEASON_NUMBER}, episode {EPISODE_NUMBER} ""
                f""of '{SHOW_NAME}' is: {director}""
            )
        else:
            print(
                f""No director found for season {SEASON_NUMBER}, episode {EPISODE_NUMBER} ""
                f""of '{SHOW_NAME}'.""
            )
    except Exception as e:
        print(f""An error occurred: {e}"", file=sys.stderr)
        traceback.print_exc(file=sys.stderr)
        sys.exit(1)


if __name__ == ""__main__"":
    main()",2,"[""Search_tv"", ""Get_tv_episode_credits""]",1,"[""restbench tools""]",,31.8704,0.0
give me some movies that Christopher Nolan known for,"Found person: Christopher Nolan (ID: 525)

Movies that Christopher Nolan is known for:
1. Batman Unmasked: The Psychology of The Dark Knight
2. Heath Ledger: A Tribute
3. These Amazing Shadows
4. The Batmobile
5. Side by Side
6. To End All War: Oppenheimer & the Atomic Bomb
7. Dreams: Cinema of the Subconscious
8. Inside Christopher Nolan's Oppenheimer
9. Batman Tech
10. Gotham Uncovered: Creation of a Scene
11. The Science of Interstellar
12. The Director's Notebook: The Cinematic Sleight of Hand of Christopher Nolan
13. Tales from the Warner Bros. Lot
14. The Fire Rises: The Creation and Impact of The Dark Knight Trilogy
15. Tarantella
16. Interstellar: Nolan's Odyssey
17. Hans Zimmer: Hollywood Rebel
18. Cinema16: British Short Films
19. Stanley Kubrick in Focus
20. Cinema Futures
21. Exploring 'The Tree of Life'
22. Inside 'Interstellar'
23. Film Noir: Bringing Darkness to Light
24. Making Waves: The Art of Cinematic Sound
25. Ending the Knight
26. Joker: Put on a Happy Face
27. Secret Origin: The Story of DC Comics
28. Catwoman: The Feline Femme Fatale
29. Looking at the World in a New Way: The Making of ‘Tenet’
30. Hans Zimmer & Friends: Diamond in the Desert
31. Utan ord – i filmmusikens värld
32. MCAINE: An Anagram of Cinema
33. The Making of Dunkirk
34. The Dark Knight
35. Memento
36. The Prestige
37. Following
38. Inception
39. Doodlebug
40. The Dark Knight Rises
41. Man of Steel
42. Inception: The Cobol Job
43. Interstellar
44. Transcendence
45. Oppenheimer
46. Batman v Superman: Dawn of Justice
47. Batman Begins
48. Dunkirk
49. Larceny
50. Quay
51. Justice League
52. Tenet
53. Cinema 16: European Short Films (U.S. Edition)
54. Insomnia
55. The Doll's Breath
56. Zack Snyder's Justice League
57. The Odyssey
58. Fearville
59. Domchilik
60. Sinners
61. The Draft!
62. Sanatorium Under the Sign of the Hourglass
63. Kill Your Future",1,1,3,6082,0,[],0,0,0,0,0,"import sys
from pathlib import Path
PROJECT_ROOT = Path(__file__).resolve().parents[1]
RESTBENCH_TOOLS_DIR = PROJECT_ROOT / 'restbench tools'
if str(RESTBENCH_TOOLS_DIR) not in sys.path:
    sys.path.insert(0, str(RESTBENCH_TOOLS_DIR))

from Search_person import Search_person
from Get_person_movie_credits import Get_person_movie_credits

import traceback

# ===== Module-level constants =====
SEARCH_QUERY = ""Christopher Nolan""
# No filtering by job – we extract titles from both cast and crew
# to capture all movies the person is known for.

# ===== Helper functions =====

def search_person(query):
    """"""
    Search for a person by name and return the first result.
    Raises ValueError if no person found.
    """"""
    data = Search_person(query)
    results = data.get(""results"", [])
    if not results:
        raise ValueError(f""No person found for query: {query}"")
    return results[0]  # take the first (most relevant) result

def retrieve_movie_credits(person_id):
    """"""
    Get movie credits (cast + crew) for a given person ID.
    """"""
    return Get_person_movie_credits(person_id)

def extract_movie_titles(credits_data):
    """"""
    Extract unique movie titles from cast and crew arrays.
    """"""
    seen = set()
    titles = []
    # Process cast entries
    for entry in credits_data.get(""cast"", []):
        title = entry.get(""title"")
        if title and title not in seen:
            titles.append(title)
            seen.add(title)
    # Process crew entries
    for entry in credits_data.get(""crew"", []):
        title = entry.get(""title"")
        if title and title not in seen:
            titles.append(title)
            seen.add(title)
    return titles

def main():
    # Step 1: Obtain person ID for Christopher Nolan
    person = search_person(SEARCH_QUERY)
    person_id = person[""id""]
    print(f""Found person: {person.get('name')} (ID: {person_id})"")

    # Step 2: Retrieve movie credits
    credits = retrieve_movie_credits(person_id)

    # Step 3: Extract and display movie titles
    movie_titles = extract_movie_titles(credits)
    print(""\nMovies that Christopher Nolan is known for:"")
    for i, title in enumerate(movie_titles, 1):
        print(f""{i}. {title}"")

    return movie_titles

if __name__ == ""__main__"":
    try:
        main()
    except Exception as e:
        print(f""Error: {e}"", file=sys.stderr)
        traceback.print_exc(file=sys.stderr)
        sys.exit(1)",2,"[""Search_person"", ""Get_person_movie_credits""]",1,"[""restbench tools""]",,30.4426,0.0
"Avatar versus Avatar: The Way of Water, which has a higher rating","Rating of Avatar: 7.607
Rating of Avatar: The Way of Water: 7.594
Avatar has a higher rating than Avatar: The Way of Water",1,1,3,5164,0,[],0,0,0,0,0,"import sys
from pathlib import Path
PROJECT_ROOT = Path(__file__).resolve().parents[1]
RESTBENCH_TOOLS_DIR = PROJECT_ROOT / 'restbench tools'
if str(RESTBENCH_TOOLS_DIR) not in sys.path:
    sys.path.insert(0, str(RESTBENCH_TOOLS_DIR))

from Search_movie import Search_movie
from Search_movie import Search_movie

import traceback

# ===== Module-level constants =====
# Derived directly from user_requirement
QUERY_AVATAR = ""Avatar""
QUERY_AVATAR_WOW = ""Avatar: The Way of Water""


def get_movie_rating(title):
    """"""
    Searches for a movie by title and returns its vote_average.
    Uses the Search_movie API and extracts the rating from the first result.
    """"""
    data = Search_movie(title)          # provided by the framework
    results = data.get(""results"", [])
    if not results:
        raise ValueError(f""No results found for '{title}'"")
    # Take the first (most relevant) result
    first = results[0]
    rating = first.get(""vote_average"")
    if rating is None:
        raise ValueError(f""'vote_average' missing for '{title}'"")
    return rating


def compare_ratings(rating_a, rating_b):
    """"""
    Compares two numeric ratings and returns a descriptive sentence.
    """"""
    if rating_a > rating_b:
        return ""Avatar has a higher rating than Avatar: The Way of Water""
    elif rating_a < rating_b:
        return ""Avatar: The Way of Water has a higher rating than Avatar""
    else:
        return ""Both movies have the same rating""


def main():
    # 1 – Get ratings
    rating_avatar = get_movie_rating(QUERY_AVATAR)
    rating_wow = get_movie_rating(QUERY_AVATAR_WOW)

    # 2 – Compare
    result = compare_ratings(rating_avatar, rating_wow)

    # 3 – Output
    print(f""Rating of Avatar: {rating_avatar}"")
    print(f""Rating of Avatar: The Way of Water: {rating_wow}"")
    print(result)


if __name__ == ""__main__"":
    try:
        main()
    except Exception:
        traceback.print_exc(file=sys.stderr)",2,"[""Search_movie"", ""Search_movie""]",1,"[""restbench tools""]",,36.3897,0.0
Show me some English movies rating no less than 7.0 and no earlier than 2021,"Found 20 English movies with rating >= 7.0 and release date >= 2021:
----------------------------------------------------------------------
  1. The Treasure of My Grandpa               | Released: 2026-02-09 | Rating: 10.0
  2. My Little Sunrise                        | Released: 2026-04-24 | Rating: 10.0
  3. Guardians of the Galaxy: Cosmic Rewind   | Released: 2022-05-27 | Rating: 10.0
  4. Bluffsaw                                 | Released: 2026-06-30 | Rating: 10.0
  5. Solis                                    | Released: 2026-05-29 | Rating: 10.0
  6. Searching For a World That Doesn't Exist | Released: 2025-10-24 | Rating: 10.0
  7. CHANGE                                   | Released: 2026-06-25 | Rating: 10.0
  8. Slice 2                                  | Released: 2025-05-25 | Rating: 10.0
  9. RIPS                                     | Released: 2026-05-09 | Rating: 10.0
 10. A Movie About Yard Sales                 | Released: 2026-03-12 | Rating: 10.0
 11. Bets Off                                 | Released: 2026-05-21 | Rating: 10.0
 12. DERANGED                                 | Released: 2026-06-29 | Rating: 10.0
 13. Those Sage Days                          | Released: 2026-05-16 | Rating: 10.0
 14. Where Are You Hailey?                    | Released: 2026-06-28 | Rating: 10.0
 15. Tense                                    | Released: 2025-09-11 | Rating: 10.0
 16. Superboy 2                               | Released: 2021-04-14 | Rating: 10.0
 17. Psalms and Lamentations                  | Released: 2026-06-20 | Rating: 10.0
 18. Fred n Chris For Hire                    | Released: 2026-05-20 | Rating: 10.0
 19. Shooting Stars                           | Released: 2026-05-12 | Rating: 10.0
 20. Rock Solid Alibi                         | Released: 2026-05-01 | Rating: 10.0
----------------------------------------------------------------------",1,1,3,4798,0,[],0,0,0,0,0,"import sys
from pathlib import Path
PROJECT_ROOT = Path(__file__).resolve().parents[1]
RESTBENCH_TOOLS_DIR = PROJECT_ROOT / 'restbench tools'
if str(RESTBENCH_TOOLS_DIR) not in sys.path:
    sys.path.insert(0, str(RESTBENCH_TOOLS_DIR))

from Discover_movie import Discover_movie

import traceback
from datetime import datetime

# Module-level constants derived from user requirement
ORIGINAL_LANGUAGE = 'en'
VOTE_AVERAGE_GTE = 7.0
PRIMARY_RELEASE_DATE_GTE = '2021-01-01'
SORT_BY = 'vote_average.desc'


def build_discover_params() -> dict:
    """"""
    Build the parameter dictionary for Discover_movie API call.
    Returns:
        dict with keys matching Discover_movie parameter names.
    """"""
    return {
        'with_original_language': ORIGINAL_LANGUAGE,
        'vote_average_gte': VOTE_AVERAGE_GTE,
        'primary_release_date_gte': PRIMARY_RELEASE_DATE_GTE,
        'sort_by': SORT_BY
    }


def call_discover_movie(params: dict) -> dict:
    """"""
    Execute Discover_movie API call with given parameters.
    
    Args:
        params: Parameter dictionary.
    Returns:
        The JSON response as a dict.
    Raises:
        Exception if API call fails.
    """"""
    return Discover_movie(
        with_original_language=params['with_original_language'],
        vote_average_gte=params['vote_average_gte'],
        primary_release_date_gte=params['primary_release_date_gte'],
        sort_by=params['sort_by']
    )


def extract_movie_list(api_response: dict) -> list:
    """"""
    Extract the list of movies from the API response.
    
    Args:
        api_response: The full API response dict.
    Returns:
        List of movie objects.
    Raises:
        KeyError if 'results' key is missing.
    """"""
    return api_response['results']


def display_movies(movies: list) -> None:
    """"""
    Display a formatted list of movies with title, release date, and rating.
    
    Args:
        movies: List of movie dicts from API response.
    """"""
    if not movies:
        print(""No English movies found with rating >= 7.0 released from 2021 onwards."")
        return
    
    print(f""Found {len(movies)} English movies with rating >= 7.0 and release date >= 2021:"")
    print(""-"" * 70)
    for idx, movie in enumerate(movies, start=1):
        title = movie.get('title', 'Unknown Title')
        release_date = movie.get('release_date', 'Unknown date')
        rating = movie.get('vote_average', 'N/A')
        print(f""{idx:3}. {title:<40} | Released: {release_date} | Rating: {rating}"")
    print(""-"" * 70)


def main() -> None:
    """"""
    Orchestrate the discovery and display of English movies.
    """"""
    try:
        params = build_discover_params()
        response = call_discover_movie(params)
        movies = extract_movie_list(response)
        display_movies(movies)
    except Exception as e:
        print(""An error occurred while fetching movies. Details:"")
        traceback.print_exc(file=sys.stderr)
        sys.exit(1)


if __name__ == ""__main__"":
    main()",1,"[""Discover_movie""]",1,"[""restbench tools""]",,35.0576,0.0
What is the genre of the movie Lord of the Ring?,"The genre(s) of the movie 'Lord of the Ring' are: Adventure, Fantasy, Action.",1,1,3,5954,0,[],0,0,0,0,0,"import sys
from pathlib import Path
PROJECT_ROOT = Path(__file__).resolve().parents[1]
RESTBENCH_TOOLS_DIR = PROJECT_ROOT / 'restbench tools'
if str(RESTBENCH_TOOLS_DIR) not in sys.path:
    sys.path.insert(0, str(RESTBENCH_TOOLS_DIR))

from Search_movie import Search_movie
from Get_movie_details import Get_movie_details

import traceback

# ---- Module-level constants ----
MOVIE_QUERY = ""Lord of the Ring""


def get_movie_id(query):
    """"""
    Search for a movie by query and return the first result's TMDB ID.
    Returns None if no results found.
    """"""
    search_data = Search_movie(query)
    results = search_data.get(""results"", [])
    if not results:
        print(f""No movies found for '{query}'."")
        return None
    # Pick the first result
    first_movie = results[0]
    movie_id = first_movie.get(""id"")
    if movie_id is None:
        print(""Search result missing 'id' field."")
        return None
    return movie_id


def get_movie_genres(movie_id):
    """"""
    Retrieve movie details and extract the list of genre names.
    Returns a list of genre name strings, or an empty list.
    """"""
    if movie_id is None:
        return []

    details = Get_movie_details(movie_id)
    genres = details.get(""genres"", [])
    # Each genre is an object with ""id"" and ""name""
    genre_names = [genre.get(""name"") for genre in genres if ""name"" in genre]
    return genre_names


def main():
    # Step 1: Search for the movie
    movie_id = get_movie_id(MOVIE_QUERY)
    if movie_id is None:
        print(""Could not retrieve movie ID. Exiting."")
        return

    # Step 2: Get movie details and extract genres
    genre_list = get_movie_genres(movie_id)

    # Output the result
    if genre_list:
        print(f""The genre(s) of the movie '{MOVIE_QUERY}' are: {', '.join(genre_list)}."")
    else:
        print(f""No genre information available for '{MOVIE_QUERY}'."")


if __name__ == ""__main__"":
    try:
        main()
    except Exception:
        traceback.print_exc(file=sys.stderr)
        sys.exit(1)",2,"[""Search_movie"", ""Get_movie_details""]",1,"[""restbench tools""]",,26.3519,0.0
What is the birthday of the most popular person right now?,The birthday of the most popular person is: 1996-03-01,1,1,3,5752,0,[],0,0,0,0,0,"import sys
from pathlib import Path
PROJECT_ROOT = Path(__file__).resolve().parents[1]
RESTBENCH_TOOLS_DIR = PROJECT_ROOT / 'restbench tools'
if str(RESTBENCH_TOOLS_DIR) not in sys.path:
    sys.path.insert(0, str(RESTBENCH_TOOLS_DIR))

from Get_trending_people import Get_trending_people
from Get_person_details import Get_person_details

import traceback

# ---------- Module-level constants ----------
TIME_WINDOW = ""day""          # ""right now"" implies day window


# ---------- Helper functions ----------
def fetch_trending_people():
    """"""Get the list of trending people from TMDB.""""""
    data = Get_trending_people(TIME_WINDOW)
    # response_schema: results is a required array
    return data[""results""]


def find_most_popular_id(people_list):
    """"""Return the TMDB id of the person with the highest popularity.""""""
    if not people_list:
        raise ValueError(""No trending people found."")
    most_popular = max(people_list, key=lambda p: p[""popularity""])
    return most_popular[""id""]


def fetch_person_birthday(person_id):
    """"""Get the birthday (YYYY-MM-DD) for the given person id.""""""
    details = Get_person_details(person_id)
    # birthday is a required string field in the schema
    return details[""birthday""]


# ---------- Main orchestration ----------
if __name__ == ""__main__"":
    try:
        trending_people = fetch_trending_people()
        top_person_id = find_most_popular_id(trending_people)
        birthday = fetch_person_birthday(top_person_id)
        print(f""The birthday of the most popular person is: {birthday}"")
    except Exception:
        traceback.print_exc(file=sys.stderr)",2,"[""Get_trending_people"", ""Get_person_details""]",1,"[""restbench tools""]",,32.8002,0.0
give me a poster of the second season of Big Bang Theory,"Poster for season 2 of 'The Big Bang Theory':
https://image.tmdb.org/t/p/original/2NBwUBZ4clwj6qO9fBinfxiB0dR.jpg",1,1,3,5242,0,[],0,0,0,0,0,"import sys
from pathlib import Path
PROJECT_ROOT = Path(__file__).resolve().parents[1]
RESTBENCH_TOOLS_DIR = PROJECT_ROOT / 'restbench tools'
if str(RESTBENCH_TOOLS_DIR) not in sys.path:
    sys.path.insert(0, str(RESTBENCH_TOOLS_DIR))

from Search_tv import Search_tv
from Get_tv_season_images import Get_tv_season_images

import traceback

# --- Module-level constants (Rule 13) ---
TV_SHOW_NAME = ""The Big Bang Theory""
SEASON_NUMBER = 2
POSTER_BASE_URL = ""https://image.tmdb.org/t/p/original""


def search_tv_show(show_name):
    """"""
    Search for a TV show by name and return its TMDB ID.
    Returns the integer ID of the first result, or None if no results found.
    """"""
    try:
        data = Search_tv(show_name)
    except Exception as e:
        print(f""Error while searching TV show: {e}"", file=sys.stderr)
        traceback.print_exc(file=sys.stderr)
        return None

    results = data.get(""results"", [])
    if not results:
        print(""No TV show results found."")
        return None

    first = results[0]
    show_id = first.get(""id"")
    if show_id is None:
        print(""First result does not contain an ID."")
        return None
    return show_id


def get_season_posters(series_id, season_number):
    """"""
    Retrieve all poster paths for a given TV season.
    Returns a list of file_path strings (relative).""""""
    try:
        data = Get_tv_season_images(series_id, season_number)
    except Exception as e:
        print(f""Error while getting season images: {e}"", file=sys.stderr)
        traceback.print_exc(file=sys.stderr)
        return []

    posters = data.get(""posters"", [])
    if not posters:
        print(""No posters available for this season."")
        return []

    # Extract all poster file paths
    paths = []
    for poster in posters:
        fp = poster.get(""file_path"")
        if fp:
            paths.append(fp)
    return paths


def build_full_poster_url(relative_path):
    """"""Convert a TMDB relative path to a full URL using the base poster URL.""""""
    return f""{POSTER_BASE_URL}{relative_path}""


def main():
    # Step 1: Find the TV show
    show_id = search_tv_show(TV_SHOW_NAME)
    if show_id is None:
        print(""Failed to identify the TV show. Exiting."")
        return

    # Step 2: Get season poster paths
    poster_paths = get_season_posters(show_id, SEASON_NUMBER)
    if not poster_paths:
        print(""No poster found for season {} of '{}'."".format(SEASON_NUMBER, TV_SHOW_NAME))
        return

    # Step 3: Build the full URL for the first poster
    first_poster_url = build_full_poster_url(poster_paths[0])

    # Output in a readable format
    print(""Poster for season {} of '{}':"".format(SEASON_NUMBER, TV_SHOW_NAME))
    print(first_poster_url)


if __name__ == ""__main__"":
    try:
        main()
    except Exception as e:
        print(""Unexpected error in main:"", file=sys.stderr)
        traceback.print_exc(file=sys.stderr)",2,"[""Search_tv"", ""Get_tv_season_images""]",1,"[""restbench tools""]",,32.6694,0.0
What is the name of the third episod of the second season of Mandalorian?,The name of the third episode of season 2 of 'Mandalorian' is: Chapter 11: The Heiress,1,1,3,6751,0,[],0,0,0,0,0,"import sys
from pathlib import Path
PROJECT_ROOT = Path(__file__).resolve().parents[1]
RESTBENCH_TOOLS_DIR = PROJECT_ROOT / 'restbench tools'
if str(RESTBENCH_TOOLS_DIR) not in sys.path:
    sys.path.insert(0, str(RESTBENCH_TOOLS_DIR))

from Search_tv import Search_tv
from Get_tv_season_details import Get_tv_season_details

import traceback

# ── Module-level constants (Rule 13) ──
QUERY_TITLE = ""Mandalorian""
SEASON_NUMBER = 2
TARGET_EPISODE_NUMBER = 3


def search_tv_show(query):
    """"""
    Search for a TV show and return the ID of the first result.
    """"""
    data = Search_tv(query)
    results = data.get(""results"", [])
    if not results:
        raise ValueError(f""No TV show found for query: {query}"")
    first = results[0]
    show_id = first.get(""id"")
    if show_id is None:
        raise ValueError(""Search result missing 'id' field"")
    return show_id


def get_season_episodes(show_id, season_number):
    """"""
    Retrieve the list of episodes for a given TV show season.
    """"""
    season_data = Get_tv_season_details(show_id, season_number)
    episodes = season_data.get(""episodes"", [])
    if not episodes:
        raise ValueError(f""No episodes found for season {season_number} of show {show_id}"")
    return episodes


def extract_episode_name(episodes, target_episode_number):
    """"""
    Find the episode with the given episode_number and return its name.
    """"""
    for ep in episodes:
        if ep.get(""episode_number"") == target_episode_number:
            name = ep.get(""name"")
            if name is None:
                raise ValueError(""Episode has no 'name' field"")
            return name
    raise ValueError(
        f""Episode number {target_episode_number} not found in the provided episodes""
    )


def main():
    try:
        # 1. Search for the Mandalorian
        show_id = search_tv_show(QUERY_TITLE)
        # 2. Get all episodes of season 2
        episodes = get_season_episodes(show_id, SEASON_NUMBER)
        # 3. Get the name of the third episode (episode_number = 3)
        episode_name = extract_episode_name(episodes, TARGET_EPISODE_NUMBER)
        # 4. Output the result
        print(f""The name of the third episode of season 2 of '{QUERY_TITLE}' is: {episode_name}"")
    except Exception as e:
        traceback.print_exc(file=sys.stderr)
        sys.exit(1)


if __name__ == ""__main__"":
    main()",2,"[""Search_tv"", ""Get_tv_season_details""]",1,"[""restbench tools""]",,26.4467,0.0
When is the bitrhday of the lead actor of the movie The Shawshank Redemptionn?,The birthday of the lead actor of 'The Shawshank Redemption' is 1958-10-16.,1,1,3,6457,0,[],0,0,0,0,0,"import sys
from pathlib import Path
PROJECT_ROOT = Path(__file__).resolve().parents[1]
RESTBENCH_TOOLS_DIR = PROJECT_ROOT / 'restbench tools'
if str(RESTBENCH_TOOLS_DIR) not in sys.path:
    sys.path.insert(0, str(RESTBENCH_TOOLS_DIR))

from Search_movie import Search_movie
from Get_movie_credits import Get_movie_credits
from Get_person_details import Get_person_details

import traceback

# ---- Constants (Module Level) ----
MOVIE_TITLE = ""The Shawshank Redemption""


# ---- Helper Functions ----
def search_movie_id(title):
    """"""Search for a movie by title and return its TMDB ID.""""""
    response = Search_movie(title)                        # API call
    results = response.get(""results"", [])
    if not results:
        raise ValueError(f""No movie found for title '{title}'"")
    # Take the first result as the most relevant
    first_movie = results[0]
    return first_movie[""id""]


def get_lead_actor_id(movie_id):
    """"""Fetch movie credits and return the ID of the lead actor (first cast member by order).""""""
    response = Get_movie_credits(movie_id)                # API call
    cast = response.get(""cast"", [])
    if not cast:
        raise ValueError(f""No cast found for movie ID {movie_id}"")
    # The 'order' field determines billing order; lower value = earlier in cast list
    sorted_cast = sorted(cast, key=lambda c: c.get(""order"", 9999))
    lead = sorted_cast[0]
    return lead[""id""]


def get_person_birthday(person_id):
    """"""Fetch person details and return the birthday string (YYYY-MM-DD).""""""
    response = Get_person_details(person_id)              # API call
    birthday = response.get(""birthday"")
    if not birthday:
        raise ValueError(f""No birthday found for person ID {person_id}"")
    return birthday


# ---- Main Orchestration ----
def main():
    movie_id = search_movie_id(MOVIE_TITLE)
    lead_id = get_lead_actor_id(movie_id)
    bday = get_person_birthday(lead_id)
    print(f""The birthday of the lead actor of '{MOVIE_TITLE}' is {bday}."")


if __name__ == ""__main__"":
    try:
        main()
    except Exception:
        print(""An error occurred while processing the request."", file=sys.stderr)
        traceback.print_exc(file=sys.stderr)",3,"[""Search_movie"", ""Get_movie_credits"", ""Get_person_details""]",1,"[""restbench tools""]",,33.9868,0.0
When is the birthday of the director of the movie The Shawshank Redemption?,"Found movie ID: 278
Director person ID: 4027

Birthday of the director of 'The Shawshank Redemption': 1959-01-28",1,1,3,6355,0,[],0,0,0,0,0,"import sys
from pathlib import Path
PROJECT_ROOT = Path(__file__).resolve().parents[1]
RESTBENCH_TOOLS_DIR = PROJECT_ROOT / 'restbench tools'
if str(RESTBENCH_TOOLS_DIR) not in sys.path:
    sys.path.insert(0, str(RESTBENCH_TOOLS_DIR))

from Search_movie import Search_movie
from Get_movie_credits import Get_movie_credits
from Get_person_details import Get_person_details

import traceback

# ----------------------------------------------------------------------
# Module-level constants (Rule 13)
# ----------------------------------------------------------------------
MOVIE_TITLE = ""The Shawshank Redemption""
DIRECTOR_JOB = ""Director""


# ----------------------------------------------------------------------
# Helper functions – each does one major API interaction or data
# transformation (Rule 1)
# ----------------------------------------------------------------------
def search_movie_id():
    """"""
    Search for the movie by title and return its TMDB ID.
    Raises ValueError if no movie is found.
    """"""
    result = Search_movie(MOVIE_TITLE)          # API call – black box usage (Rule 8)
    results = result.get(""results"", [])
    if not results:
        raise ValueError(f""No movies found for title: {MOVIE_TITLE}"")

    # Schema tells us each result contains ""id"", ""title"", etc.
    # We take the first result (most relevant).
    first_movie = results[0]
    movie_id = first_movie[""id""]
    return movie_id


def get_director_id(movie_id):
    """"""
    Given a movie ID, fetch credits and return the person ID of the
    first crew member whose job is exactly 'Director'.
    Raises ValueError if no director found.
    """"""
    credits = Get_movie_credits(movie_id)       # API call
    crew_list = credits.get(""crew"", [])
    director_id = None
    # Lenient comparison: we treat the job string case‑sensitively as per schema
    for member in crew_list:
        if member.get(""job"") == DIRECTOR_JOB:
            director_id = member[""id""]
            break

    if director_id is None:
        raise ValueError(f""No crew member with job '{DIRECTOR_JOB}' found for movie ID {movie_id}"")

    return director_id


def get_director_birthday(person_id):
    """"""
    Given a person ID, fetch details and return the birthday string.
    The schema shows ""birthday"" as a string (YYYY-MM-DD). If missing
    or empty string, we treat it as an error because the question asks
    for it.
    """"""
    details = Get_person_details(person_id)     # API call
    birthday = details.get(""birthday"", """")
    if not birthday:
        raise ValueError(f""Person (ID {person_id}) has no birthday information."")
    return birthday


# ----------------------------------------------------------------------
# Orchestration – no core logic here (Rule 1)
# ----------------------------------------------------------------------
def main():
    try:
        movie_id = search_movie_id()
        print(f""Found movie ID: {movie_id}"")          # progress info (Rule 6)

        director_id = get_director_id(movie_id)
        print(f""Director person ID: {director_id}"")   # progress info

        birthday = get_director_birthday(director_id)
        print(f""\nBirthday of the director of '{MOVIE_TITLE}': {birthday}"")

    except Exception:
        # Print full traceback to stderr (Rule 9)
        traceback.print_exc(file=sys.stderr)
        sys.exit(1)


if __name__ == ""__main__"":
    main()",3,"[""Search_movie"", ""Get_movie_credits"", ""Get_person_details""]",1,"[""restbench tools""]",,26.2332,0.0
Where is the headquarter of the company that created the movie The Shawshank Redemption?,"The headquarters of the company that created 'The Shawshank Redemption' is: Beverly Hills, California",1,1,3,6695,0,[],0,0,0,0,0,"import sys
from pathlib import Path
PROJECT_ROOT = Path(__file__).resolve().parents[1]
RESTBENCH_TOOLS_DIR = PROJECT_ROOT / 'restbench tools'
if str(RESTBENCH_TOOLS_DIR) not in sys.path:
    sys.path.insert(0, str(RESTBENCH_TOOLS_DIR))

from Search_movie import Search_movie
from Get_movie_details import Get_movie_details
from Get_company_details import Get_company_details

import traceback

# Module-level constants derived from user requirement
MOVIE_TITLE = ""The Shawshank Redemption""


def find_movie_id(title):
    """"""
    Searches for a movie by title and returns the TMDB id of the first result.
    """"""
    search_result = Search_movie(title)
    results = search_result.get(""results"", [])
    if not results:
        return None
    return results[0].get(""id"")


def get_first_production_company_id(movie_id):
    """"""
    Fetches movie details and returns the id of the first production company.
    """"""
    details = Get_movie_details(movie_id)
    companies = details.get(""production_companies"", [])
    if not companies:
        return None
    return companies[0].get(""id"")


def get_company_headquarters(company_id):
    """"""
    Fetches company details and returns its headquarters location.
    """"""
    company = Get_company_details(company_id)
    return company.get(""headquarters"")


def main():
    try:
        movie_id = find_movie_id(MOVIE_TITLE)
        if movie_id is None:
            print(f""Movie '{MOVIE_TITLE}' not found."")
            return

        company_id = get_first_production_company_id(movie_id)
        if company_id is None:
            print(""No production company found for this movie."")
            return

        hq = get_company_headquarters(company_id)
        if hq is None:
            print(""Headquarters information is not available."")
        else:
            print(
                f""The headquarters of the company that created ""
                f""'{MOVIE_TITLE}' is: {hq}""
            )
    except Exception:
        traceback.print_exc(file=sys.stderr)


if __name__ == ""__main__"":
    main()",3,"[""Search_movie"", ""Get_movie_details"", ""Get_company_details""]",1,"[""restbench tools""]",,44.9516,0.0
Where is the headquarter of the company that created the collection Star Wars?,"The headquarters of the company that created the collection 'Star Wars' is: San Francisco, California",1,1,3,7564,0,[],0,0,0,0,0,"import sys
from pathlib import Path
PROJECT_ROOT = Path(__file__).resolve().parents[1]
RESTBENCH_TOOLS_DIR = PROJECT_ROOT / 'restbench tools'
if str(RESTBENCH_TOOLS_DIR) not in sys.path:
    sys.path.insert(0, str(RESTBENCH_TOOLS_DIR))

from Search_collections import Search_collections
from Get_collection_details import Get_collection_details
from Get_movie_details import Get_movie_details
from Get_company_details import Get_company_details

import traceback

# --- Module-level constants derived from user_requirement ---
COLLECTION_NAME = ""Star Wars""


def search_collection_id(collection_name: str) -> int:
    """"""
    Search for a collection by name and return the ID of the first result.
    """"""
    data = Search_collections(collection_name)  # API call
    results = data.get(""results"", [])
    if not results:
        raise ValueError(f""No collection found for name: {collection_name}"")
    first_result = results[0]
    collection_id = first_result.get(""id"")
    if collection_id is None:
        raise ValueError(""Collection result missing 'id' field."")
    return collection_id


def get_first_movie_id(collection_id: int) -> int:
    """"""
    Get the collection details and return the ID of the first movie in the 'parts' array.
    """"""
    data = Get_collection_details(collection_id)  # API call
    parts = data.get(""parts"", [])
    if not parts:
        raise ValueError(f""Collection {collection_id} has no movies."")
    first_movie = parts[0]
    movie_id = first_movie.get(""id"")
    if movie_id is None:
        raise ValueError(""Movie entry missing 'id' field."")
    return movie_id


def get_first_production_company_id(movie_id: int) -> int:
    """"""
    Get movie details and return the ID of the first production company.
    """"""
    data = Get_movie_details(movie_id)  # API call
    production_companies = data.get(""production_companies"", [])
    if not production_companies:
        raise ValueError(f""Movie {movie_id} has no production companies."")
    first_company = production_companies[0]
    company_id = first_company.get(""id"")
    if company_id is None:
        raise ValueError(""Company entry missing 'id' field."")
    return company_id


def get_company_headquarters(company_id: int) -> str:
    """"""
    Get company details and return the headquarters location string.
    """"""
    data = Get_company_details(company_id)  # API call
    headquarters = data.get(""headquarters"")
    if headquarters is None or headquarters == """":
        raise ValueError(f""Company {company_id} has no headquarters information."")
    return headquarters


def main():
    try:
        # 1. Search for the Star Wars collection
        collection_id = search_collection_id(COLLECTION_NAME)

        # 2. Get the first movie from that collection
        movie_id = get_first_movie_id(collection_id)

        # 3. Get the first production company from that movie
        company_id = get_first_production_company_id(movie_id)

        # 4. Get the headquarters of that company
        headquarters = get_company_headquarters(company_id)

        # 5. Output the answer
        print(f""The headquarters of the company that created the collection '{COLLECTION_NAME}' is: {headquarters}"")

    except Exception as e:
        traceback.print_exc(file=sys.stderr)
        sys.exit(1)


if __name__ == ""__main__"":
    main()",4,"[""Search_collections"", ""Get_collection_details"", ""Get_movie_details"", ""Get_company_details""]",1,"[""restbench tools""]",,43.3908,0.0
"Who has an earlier release date, The Double Life of Veronique or Mulholland Drive?",The Double Life of Veronique has an earlier release date (1991-05-15) than Mulholland Drive (2001-06-06).,1,1,3,8288,0,[],0,0,0,0,0,"import sys
from pathlib import Path
PROJECT_ROOT = Path(__file__).resolve().parents[1]
RESTBENCH_TOOLS_DIR = PROJECT_ROOT / 'restbench tools'
if str(RESTBENCH_TOOLS_DIR) not in sys.path:
    sys.path.insert(0, str(RESTBENCH_TOOLS_DIR))

from Search_movie import Search_movie
from Get_movie_details import Get_movie_details
from Search_movie import Search_movie
from Get_movie_details import Get_movie_details

import traceback

# --- Module-level constants (hardcoded from user requirement) ---
MOVIE1_TITLE = ""The Double Life of Veronique""
MOVIE2_TITLE = ""Mulholland Drive""


def get_movie_id(title):
    """"""
    Search for a movie by title and return the first result's ID.
    Returns None if no results are found.
    """"""
    data = Search_movie(title)
    if not data[""results""]:
        return None
    return data[""results""][0][""id""]


def get_movie_release_date(movie_id):
    """"""
    Retrieve full movie details and return the release_date field.
    """"""
    details = Get_movie_details(movie_id)
    # release_date is a string in YYYY-MM-DD format (schema confirms this)
    return details.get(""release_date"", """")


def main():
    # Retrieve TMDB IDs for both movies
    id1 = get_movie_id(MOVIE1_TITLE)
    id2 = get_movie_id(MOVIE2_TITLE)

    if id1 is None:
        print(f""ERROR: Could not find movie '{MOVIE1_TITLE}'."")
        sys.exit(1)
    if id2 is None:
        print(f""ERROR: Could not find movie '{MOVIE2_TITLE}'."")
        sys.exit(1)

    # Get release dates
    date1 = get_movie_release_date(id1)
    date2 = get_movie_release_date(id2)

    # Compare dates using lexicographic ordering of YYYY-MM-DD strings
    if date1 < date2:
        print(f""{MOVIE1_TITLE} has an earlier release date ({date1}) than {MOVIE2_TITLE} ({date2})."")
    elif date2 < date1:
        print(f""{MOVIE2_TITLE} has an earlier release date ({date2}) than {MOVIE1_TITLE} ({date1})."")
    else:
        print(f""Both movies have the same release date ({date1})."")


if __name__ == ""__main__"":
    try:
        main()
    except Exception:
        traceback.print_exc(file=sys.stderr)
        sys.exit(1)",4,"[""Search_movie"", ""Get_movie_details"", ""Search_movie"", ""Get_movie_details""]",1,"[""restbench tools""]",,36.121,0.0
Is the director of Twin Peaks Season 1 and Mulholland Drive the same person?,"No, the director of Twin Peaks Season 1 and Mulholland Drive are not the same person.",1,1,3,7902,0,[],0,0,0,0,0,"import sys
from pathlib import Path
PROJECT_ROOT = Path(__file__).resolve().parents[1]
RESTBENCH_TOOLS_DIR = PROJECT_ROOT / 'restbench tools'
if str(RESTBENCH_TOOLS_DIR) not in sys.path:
    sys.path.insert(0, str(RESTBENCH_TOOLS_DIR))

from Search_tv import Search_tv
from Get_tv_season_credits import Get_tv_season_credits
from Search_movie import Search_movie
from Get_movie_credits import Get_movie_credits

import traceback

# ── Module-level constants (Rule 13) ──
TWIN_PEAKS_QUERY = ""Twin Peaks""
TWIN_PEAKS_SEASON = 1
MULHOLLAND_QUERY = ""Mulholland Drive""

# ── Helper functions (modular API interactions) ──

def get_tv_show_id(query):
    """"""Return the TMDB id of the first TV show result for the given query.""""""
    data = Search_tv(query)
    results = data.get(""results"", [])
    if not results:
        return None
    return results[0].get(""id"")

def get_tv_season_directors(series_id, season_number):
    """"""Return a list of director names for a specific TV season.""""""
    credits = Get_tv_season_credits(series_id, season_number)
    crew = credits.get(""crew"", [])
    directors = [member[""name""] for member in crew if member.get(""job"") == ""Director""]
    return directors

def get_movie_id(query):
    """"""Return the TMDB id of the first movie result for the given query.""""""
    data = Search_movie(query)
    results = data.get(""results"", [])
    if not results:
        return None
    return results[0].get(""id"")

def get_movie_directors(movie_id):
    """"""Return a list of director names for a movie.""""""
    credits = Get_movie_credits(movie_id)
    crew = credits.get(""crew"", [])
    directors = [member[""name""] for member in crew if member.get(""job"") == ""Director""]
    return directors

# ── Orchestrator (main entry point) ──
def main():
    # Step 1 & 2: Twin Peaks Season 1 directors
    tv_id = get_tv_show_id(TWIN_PEAKS_QUERY)
    if tv_id is None:
        print(""Could not find Twin Peaks TV show."")
        return
    twin_peaks_directors = get_tv_season_directors(tv_id, TWIN_PEAKS_SEASON)

    # Step 3 & 4: Mulholland Drive directors
    movie_id = get_movie_id(MULHOLLAND_QUERY)
    if movie_id is None:
        print(""Could not find Mulholland Drive movie."")
        return
    mulholland_directors = get_movie_directors(movie_id)

    # Step 5: Compare directors (case‑insensitive set intersection)
    tv_set = {name.strip().lower() for name in twin_peaks_directors}
    movie_set = {name.strip().lower() for name in mulholland_directors}
    common = tv_set & movie_set

    if common:
        # Retrieve original casing from first list for nicer output
        common_names = [name for name in twin_peaks_directors if name.strip().lower() in common]
        print(f""Yes, the director(s) found in both: {', '.join(common_names)}"")
    else:
        print(""No, the director of Twin Peaks Season 1 and Mulholland Drive are not the same person."")

if __name__ == ""__main__"":
    try:
        main()
    except Exception:
        traceback.print_exc(file=sys.stderr)
        sys.exit(1)",4,"[""Search_tv"", ""Get_tv_season_credits"", ""Search_movie"", ""Get_movie_credits""]",1,"[""restbench tools""]",,35.2197,0.0
Where was the director of Mulholland Drive born?,"Missoula, Montana, USA",1,1,3,6365,0,[],0,0,0,0,0,"import sys
from pathlib import Path
PROJECT_ROOT = Path(__file__).resolve().parents[1]
RESTBENCH_TOOLS_DIR = PROJECT_ROOT / 'restbench tools'
if str(RESTBENCH_TOOLS_DIR) not in sys.path:
    sys.path.insert(0, str(RESTBENCH_TOOLS_DIR))

from Search_movie import Search_movie
from Get_movie_credits import Get_movie_credits
from Get_person_details import Get_person_details

import traceback

# Module-level constants derived from user requirement
QUERY = ""Mulholland Drive""
DIRECTOR_JOB = ""Director""


def search_movie() -> int:
    """"""
    Search for a movie by name and return the ID of the first result.
    """"""
    result = Search_movie(QUERY)
    results = result.get(""results"", [])
    if not results:
        raise RuntimeError(f""No movie found for query '{QUERY}'"")
    # Take the first movie in the results list
    movie = results[0]
    return movie[""id""]


def get_movie_credits(movie_id: int) -> int:
    """"""
    Given a movie ID, return the person ID of the director (crew member with job 'Director').
    """"""
    credits = Get_movie_credits(movie_id)
    crew = credits.get(""crew"", [])
    if not crew:
        raise RuntimeError(f""No crew found for movie ID {movie_id}"")
    # Find director using case-insensitive job comparison
    for crew_member in crew:
        job = crew_member.get(""job"", """")
        if job.lower() == DIRECTOR_JOB.lower():
            return crew_member[""id""]
    raise RuntimeError(f""No crew member with job '{DIRECTOR_JOB}' found"")


def get_person_details(person_id: int) -> str:
    """"""
    Given a person ID, return their place of birth.
    """"""
    person = Get_person_details(person_id)
    birthplace = person.get(""place_of_birth"")
    if not birthplace:
        raise RuntimeError(f""No place of birth found for person ID {person_id}"")
    return birthplace


def main():
    try:
        movie_id = search_movie()
        director_id = get_movie_credits(movie_id)
        birthplace = get_person_details(director_id)
        print(birthplace)
    except Exception:
        traceback.print_exc(file=sys.stderr)
        sys.exit(1)


if __name__ == ""__main__"":
    main()",3,"[""Search_movie"", ""Get_movie_credits"", ""Get_person_details""]",1,"[""restbench tools""]",,20.7992,0.0
Is Mulholland Drive in the Top-10 rated list of the TMDB?,"No, ""Mulholland Drive"" is not in the Top-10 rated list.",1,1,3,4539,0,[],0,0,0,0,0,"import sys
from pathlib import Path
PROJECT_ROOT = Path(__file__).resolve().parents[1]
RESTBENCH_TOOLS_DIR = PROJECT_ROOT / 'restbench tools'
if str(RESTBENCH_TOOLS_DIR) not in sys.path:
    sys.path.insert(0, str(RESTBENCH_TOOLS_DIR))

from Get_top_rated_movies import Get_top_rated_movies

import traceback

# ── Module-level constants derived from user_requirement ──
TARGET_TITLE = ""Mulholland Drive""
TOP_N = 10

# ── Helper functions ──

def get_top_rated_movies_list():
    """"""
    Retrieves the first page of top-rated movies from TMDB.
    Returns a list of movie dictionaries (each containing 'title' etc.).
    """"""
    try:
        response = Get_top_rated_movies(region=None)  # no region filter
        # response is a dict; extract the 'results' array
        results = response.get(""results"", [])
        if not isinstance(results, list):
            raise TypeError(""Expected 'results' to be a list"")
        return results
    except Exception as e:
        print(f""Error in get_top_rated_movies_list: {e}"", file=sys.stderr)
        raise


def check_movie_presence(movie_list, target_title, top_n=TOP_N):
    """"""
    Checks if `target_title` (case-insensitive) appears among the first
    `top_n` movies in the list. Returns True/False.
    """"""
    # Only consider the first top_n movies
    candidates = movie_list[:top_n]
    for movie in candidates:
        title = movie.get(""title"")
        if title is None:
            continue
        if title.lower() == target_title.lower():
            return True
    return False


# ── Main orchestrator ──

def main():
    try:
        top_movies = get_top_rated_movies_list()
        is_in_top_10 = check_movie_presence(top_movies, TARGET_TITLE, TOP_N)
        # Output a readable sentence
        if is_in_top_10:
            print(f'Yes, ""{TARGET_TITLE}"" is in the Top-{TOP_N} rated list.')
        else:
            print(f'No, ""{TARGET_TITLE}"" is not in the Top-{TOP_N} rated list.')
    except Exception:
        traceback.print_exc(file=sys.stderr)
        sys.exit(1)


if __name__ == ""__main__"":
    main()",1,"[""Get_top_rated_movies""]",1,"[""restbench tools""]",,39.811,0.0
"Who directed more movies, Akira Kurosawa or Spielberg?",Steven Spielberg directed more movies (46) than Akira Kurosawa (32).,1,1,3,8258,0,[],0,0,0,0,0,"import sys
from pathlib import Path
PROJECT_ROOT = Path(__file__).resolve().parents[1]
RESTBENCH_TOOLS_DIR = PROJECT_ROOT / 'restbench tools'
if str(RESTBENCH_TOOLS_DIR) not in sys.path:
    sys.path.insert(0, str(RESTBENCH_TOOLS_DIR))

from Search_person import Search_person
from Get_person_movie_credits import Get_person_movie_credits
from Search_person import Search_person
from Get_person_movie_credits import Get_person_movie_credits

import traceback

# --- Module-level Constants (hardcoded from user requirement) ---
DIRECTOR_JOB_KEYWORD = ""director""  # for loose comparison

def get_person_id_by_name(person_name):
    """"""
    Search for a person by name and return their TMDB person ID.
    Returns None if no person found.
    """"""
    try:
        data = Search_person(person_name)
        results = data.get(""results"", [])
        if not results:
            return None
        # Take the first result's ID
        first = results[0]
        person_id = first.get(""id"")
        return person_id
    except Exception as e:
        # Let caller handle – we re-raise after logging?
        # According to rules, we should let exception propagate to main and print traceback.
        raise


def get_directed_movies_count(person_id):
    """"""
    Get the number of movies where the person worked as Director.
    """"""
    try:
        credits = Get_person_movie_credits(person_id)
        crew_list = credits.get(""crew"", [])
        # Use loose comparison: convert job to lower case and compare with keyword
        directed = [entry for entry in crew_list if entry.get(""job"", """").lower() == DIRECTOR_JOB_KEYWORD]
        return len(directed)
    except Exception as e:
        raise


def main():
    try:
        # 1) Get IDs
        kurosawa_id = get_person_id_by_name(""Akira Kurosawa"")
        if kurosawa_id is None:
            print(""Could not find Akira Kurosawa."")
            sys.exit(1)

        spielberg_id = get_person_id_by_name(""Steven Spielberg"")
        if spielberg_id is None:
            print(""Could not find Steven Spielberg."")
            sys.exit(1)

        # 2) Count directed movies
        kurosawa_count = get_directed_movies_count(kurosawa_id)
        spielberg_count = get_directed_movies_count(spielberg_id)

        # 3) Compare and output
        if kurosawa_count > spielberg_count:
            print(f""Akira Kurosawa directed more movies ({kurosawa_count}) than Steven Spielberg ({spielberg_count})."")
        elif spielberg_count > kurosawa_count:
            print(f""Steven Spielberg directed more movies ({spielberg_count}) than Akira Kurosawa ({kurosawa_count})."")
        else:
            print(f""Both Akira Kurosawa and Steven Spielberg directed the same number of movies ({kurosawa_count})."")

    except Exception as exc:
        traceback.print_exc(file=sys.stderr)
        sys.exit(1)


if __name__ == ""__main__"":
    main()",4,"[""Search_person"", ""Get_person_movie_credits"", ""Search_person"", ""Get_person_movie_credits""]",1,"[""restbench tools""]",,35.397,0.0
What TV series has the director of Mulholland Drive directed?,"[INFO] Found movie ID for 'Mulholland Drive': 1018
[INFO] Director person ID: 5602

TV series directed by the director of 'Mulholland Drive':
  1. On the Air
  2. Twin Peaks
  3. Hotel Room
  4. DumbLand
  5. Rabbits
  6. Mulholland Dr.",1,1,3,6785,0,[],0,0,0,0,0,"import sys
from pathlib import Path
PROJECT_ROOT = Path(__file__).resolve().parents[1]
RESTBENCH_TOOLS_DIR = PROJECT_ROOT / 'restbench tools'
if str(RESTBENCH_TOOLS_DIR) not in sys.path:
    sys.path.insert(0, str(RESTBENCH_TOOLS_DIR))

from Search_movie import Search_movie
from Get_movie_credits import Get_movie_credits
from Get_person_tv_credits import Get_person_tv_credits

import traceback

# ----------------------------------------------------------------------
# Module-level constants derived directly from user_requirement
# ----------------------------------------------------------------------
MOVIE_NAME = ""Mulholland Drive""
DIRECTOR_JOB_KEYWORD = ""director""
DIRECTING_DEPARTMENT_KEYWORD = ""directing""


# ----------------------------------------------------------------------
# Helper functions – each API interaction in its own function
# ----------------------------------------------------------------------
def get_movie_id_by_title(title: str) -> int:
    """"""
    Search for a movie by title and return the TMDB ID of the first result.
    Raises ValueError if no movie is found.
    """"""
    response = Search_movie(query=title)  # API call – already implemented
    results = response.get(""results"", [])
    if not results:
        raise ValueError(f""No movie found for title: {title}"")
    return results[0][""id""]


def get_director_person_id(movie_id: int) -> int:
    """"""
    Given a movie ID, retrieve its credits and find the person ID of
    the director (crew member whose job contains 'director').
    Raises ValueError if no director is found.
    """"""
    credits = Get_movie_credits(movie_id=movie_id)  # API call
    crew = credits.get(""crew"", [])
    for member in crew:
        job = member.get(""job"", """")
        if DIRECTOR_JOB_KEYWORD in job.lower():
            return member[""id""]
    raise ValueError(f""No director found for movie ID: {movie_id}"")


def get_directed_tv_series(person_id: int) -> list[str]:
    """"""
    Get the list of TV series names that the person directed.
    Filters the crew credits where department contains 'directing'.
    Returns an empty list if none.
    """"""
    tv_credits = Get_person_tv_credits(person_id=person_id)  # API call
    crew = tv_credits.get(""crew"", [])
    series_names = []
    for credit in crew:
        department = credit.get(""department"", """")
        if DIRECTING_DEPARTMENT_KEYWORD in department.lower():
            series_names.append(credit.get(""name"", credit.get(""original_name"", """")))
    return series_names


# ----------------------------------------------------------------------
# Main orchestration – no core logic, just control flow
# ----------------------------------------------------------------------
def main() -> None:
    try:
        # Step 1: Get movie ID for ""Mulholland Drive""
        movie_id = get_movie_id_by_title(MOVIE_NAME)
        print(f""[INFO] Found movie ID for '{MOVIE_NAME}': {movie_id}"")

        # Step 2: Get director's person ID
        director_id = get_director_person_id(movie_id)
        print(f""[INFO] Director person ID: {director_id}"")

        # Step 3: Get TV series directed by that person
        tv_series = get_directed_tv_series(director_id)

        # Step 4: Print results
        if tv_series:
            print(""\nTV series directed by the director of 'Mulholland Drive':"")
            for idx, name in enumerate(tv_series, start=1):
                print(f""  {idx}. {name}"")
        else:
            print(""\nThe director of 'Mulholland Drive' has no known TV series directing credits."")

    except Exception as e:
        print(f""An error occurred: {e}"", file=sys.stderr)
        traceback.print_exc(file=sys.stderr)
        sys.exit(1)


if __name__ == ""__main__"":
    main()",3,"[""Search_movie"", ""Get_movie_credits"", ""Get_person_tv_credits""]",1,"[""restbench tools""]",,43.2979,0.0
Tell me about actor Scarlett Johansson's birthday,Scarlett Johansson's birthday is 1984-11-22.,1,1,3,5553,0,[],0,0,0,0,0,"import sys
from pathlib import Path
PROJECT_ROOT = Path(__file__).resolve().parents[1]
RESTBENCH_TOOLS_DIR = PROJECT_ROOT / 'restbench tools'
if str(RESTBENCH_TOOLS_DIR) not in sys.path:
    sys.path.insert(0, str(RESTBENCH_TOOLS_DIR))

from Search_person import Search_person
from Get_person_details import Get_person_details

import traceback

# Module-level constants derived from user requirement
ACTOR_QUERY = ""Scarlett Johansson""

def search_person():
    """"""
    Searches for a person by name using the Search_person API.
    Returns the TMDB id of the first result.
    Raises ValueError if no person found.
    """"""
    result = Search_person(ACTOR_QUERY)
    # Extract the results array from the response
    person_list = result.get(""results"", [])
    if not person_list:
        raise ValueError(f""No person found for query '{ACTOR_QUERY}'"")
    # Use the first result's id
    first_person = person_list[0]
    person_id = first_person.get(""id"")
    if person_id is None:
        raise ValueError(""Person id missing in search result"")
    return person_id

def get_person_birthday(person_id):
    """"""
    Retrieves the birthday string for a given person ID using Get_person_details.
    Returns birthday string (YYYY-MM-DD) or None if not set.
    """"""
    details = Get_person_details(person_id)
    # Access exactly the ""birthday"" key as per response_schema
    birthday = details.get(""birthday"")
    return birthday

def main():
    """"""
    Orchestrates the task: search person, get birthday, print result.
    """"""
    try:
        actor_id = search_person()
        birthday = get_person_birthday(actor_id)
        if birthday:
            print(f""Scarlett Johansson's birthday is {birthday}."")
        else:
            print(""Scarlett Johansson's birthday is not available."")
    except Exception as e:
        traceback.print_exc(file=sys.stderr)
        sys.exit(1)

if __name__ == ""__main__"":
    main()",2,"[""Search_person"", ""Get_person_details""]",1,"[""restbench tools""]",,20.7987,0.0
How many seasons of Sword Art Online are there?,The TV show 'Sword Art Online' has 4 season(s).,1,1,3,6973,0,[],0,0,0,0,0,"import sys
from pathlib import Path
PROJECT_ROOT = Path(__file__).resolve().parents[1]
RESTBENCH_TOOLS_DIR = PROJECT_ROOT / 'restbench tools'
if str(RESTBENCH_TOOLS_DIR) not in sys.path:
    sys.path.insert(0, str(RESTBENCH_TOOLS_DIR))

from Search_tv import Search_tv
from Get_tv_details import Get_tv_details

import traceback

# --- Module-level constants ---
SEARCH_QUERY = ""Sword Art Online""


def search_show(query):
    """"""
    Search for a TV show by name and return its TMDB ID.
    Uses loose case-insensitive matching.
    """"""
    result = Search_tv(query)
    results = result.get(""results"", [])
    if not results:
        raise ValueError(f""No results found for query '{query}'"")

    # Loose matching: find the first result whose name (case-insensitive) contains the query
    query_lower = query.lower()
    for show in results:
        name_lower = show.get(""name"", """").lower()
        if query_lower in name_lower:
            return show[""id""]
    # Fallback to first result if no loose match (some shows may have different names)
    return results[0][""id""]


def get_show_seasons(series_id):
    """"""
    Fetch TV show details and return the number of seasons.
    """"""
    details = Get_tv_details(series_id)
    return details.get(""number_of_seasons"", 0)


def main():
    try:
        # Step 1: Find the show ID for ""Sword Art Online""
        show_id = search_show(SEARCH_QUERY)
        # Step 2: Get the number of seasons
        seasons = get_show_seasons(show_id)
        # Step 3: Output the result
        print(f""The TV show '{SEARCH_QUERY}' has {seasons} season(s)."")
    except Exception:
        traceback.print_exc(file=sys.stderr)
        sys.exit(1)


if __name__ == ""__main__"":
    main()",2,"[""Search_tv"", ""Get_tv_details""]",1,"[""restbench tools""]",,28.6358,0.0
Are Yui Aragaki and Gen Hoshino co-starring in We Married as Job?,"No, it could not be confirmed that Yui Aragaki and Gen Hoshino both appeared in 'We Married as Job'.",1,1,3,8388,0,[],0,0,0,0,0,"import sys
from pathlib import Path
PROJECT_ROOT = Path(__file__).resolve().parents[1]
RESTBENCH_TOOLS_DIR = PROJECT_ROOT / 'restbench tools'
if str(RESTBENCH_TOOLS_DIR) not in sys.path:
    sys.path.insert(0, str(RESTBENCH_TOOLS_DIR))

from Search_person import Search_person
from Search_person import Search_person
from Get_person_tv_credits import Get_person_tv_credits
from Get_person_tv_credits import Get_person_tv_credits

import traceback

# Module-level constants derived from user_requirement
QUERY_YUI = ""Yui Aragaki""
QUERY_GEN = ""Gen Hoshino""
TARGET_SHOW = ""We Married as Job""

def search_person(person_name: str):
    """"""
    Search for a person by name and return their TMDB ID.
    Returns None if no result is found.
    """"""
    try:
        data = Search_person(query=person_name)
    except Exception as e:
        print(f""Error searching for '{person_name}': {e}"", file=sys.stderr)
        traceback.print_exc(file=sys.stderr)
        return None

    results = data.get(""results"")
    if not results:   # empty list or None
        return None

    # Return the first person's id
    first_person = results[0]
    person_id = first_person.get(""id"")
    return person_id

def get_tv_shows_for_person(person_id: int):
    """"""
    Retrieve the list of TV show names (from cast entries) for a person.
    Returns a list of strings. Empty list if no cast credits.
    """"""
    try:
        credits = Get_person_tv_credits(person_id=person_id)
    except Exception as e:
        print(f""Error getting TV credits for person ID {person_id}: {e}"", file=sys.stderr)
        traceback.print_exc(file=sys.stderr)
        return []

    cast = credits.get(""cast"")
    if not cast:
        return []

    # Extract show names from each cast entry
    show_names = []
    for entry in cast:
        name = entry.get(""name"")
        if name:
            show_names.append(name)
    return show_names

def main():
    # Step 1: Get IDs for both persons
    yui_id = search_person(QUERY_YUI)
    gen_id = search_person(QUERY_GEN)

    if yui_id is None :
        print(f""Could not find person: {QUERY_YUI}"")
        return False
    if gen_id is None:
        print(f""Could not find person: {QUERY_GEN}"")
        return False

    # Step 2: Get TV credits for each
    yui_shows = get_tv_shows_for_person(yui_id)
    gen_shows = get_tv_shows_for_person(gen_id)

    # Step 3: Check if target show appears in both (case-insensitive lenient)
    target_lower = TARGET_SHOW.lower()
    yui_has = any(show.lower() == target_lower for show in yui_shows)
    gen_has = any(show.lower() == target_lower for show in gen_shows)

    return yui_has and gen_has

if __name__ == ""__main__"":
    try:
        result = main()
        if result:
            print(f""Yes, Yui Aragaki and Gen Hoshino have both appeared in '{TARGET_SHOW}' (as cast members)."")
        else:
            print(f""No, it could not be confirmed that Yui Aragaki and Gen Hoshino both appeared in '{TARGET_SHOW}'."")
    except Exception as e:
        print(""Unhandled exception in main:"", file=sys.stderr)
        traceback.print_exc(file=sys.stderr)
        sys.exit(1)",4,"[""Search_person"", ""Search_person"", ""Get_person_tv_credits"", ""Get_person_tv_credits""]",1,"[""restbench tools""]",,54.948,0.0
"Who is older, by how many years, the director of film Barbie or the lead actor of television DEATH NOTE?",The lead actor of DEATH NOTE (Mamoru Miyano) is older than the director of Barbie (Greta Gerwig) by 1 years.,1,1,3,9688,0,[],0,0,0,0,0,"import sys
from pathlib import Path
PROJECT_ROOT = Path(__file__).resolve().parents[1]
RESTBENCH_TOOLS_DIR = PROJECT_ROOT / 'restbench tools'
if str(RESTBENCH_TOOLS_DIR) not in sys.path:
    sys.path.insert(0, str(RESTBENCH_TOOLS_DIR))

from Search_movie import Search_movie
from Get_movie_credits import Get_movie_credits
from Get_person_details import Get_person_details
from Search_tv import Search_tv
from Get_tv_season_credits import Get_tv_season_credits
from Get_person_details import Get_person_details

import traceback
from datetime import date

# ---------- Module-level constants derived from user_requirement ----------
BARBIE_MOVIE_TITLE = ""Barbie""
DEATH_NOTE_TV_TITLE = ""Death Note""
TARGET_SEASON_NUMBER = 1

# ---------- Helper functions (each API interaction in its own function) ----------

def search_movie_id(title: str) -> int:
    """"""
    Search for a movie and return the ID of the first result.
    """"""
    data = Search_movie(title)            # API function from environment
    results = data.get(""results"", [])
    if not results:
        raise ValueError(f""No movie found for title: {title}"")
    return results[0][""id""]

def get_movie_director_id(movie_id: int) -> int:
    """"""
    Given a movie ID, return the person ID of the director.
    """"""
    credits = Get_movie_credits(movie_id)  # API function from environment
    crew = credits.get(""crew"", [])
    for member in crew:
        if member.get(""job"") == ""Director"":   # exact key match from schema
            return member[""id""]
    raise ValueError(f""No director found for movie ID {movie_id}"")

def search_tv_id(title: str) -> int:
    """"""
    Search for a TV show and return the ID of the first result.
    """"""
    data = Search_tv(title)               # API function from environment
    results = data.get(""results"", [])
    if not results:
        raise ValueError(f""No TV show found for title: {title}"")
    return results[0][""id""]

def get_tv_lead_actor_id(series_id: int, season_number: int) -> int:
    """"""
    Return the person ID of the first cast member (lead actor) of a given season.
    """"""
    credits = Get_tv_season_credits(series_id, season_number)  # API function
    cast = credits.get(""cast"", [])
    if not cast:
        raise ValueError(f""No cast found for series {series_id} season {season_number}"")
    return cast[0][""id""]

def get_person_birthday_and_name(person_id: int) -> tuple[str, str]:
    """"""
    Return (birthday_string, name) for a person.  Birthday is 'YYYY-MM-DD' or empty.
    """"""
    details = Get_person_details(person_id)  # API function from environment
    birthday = details.get(""birthday"", """")
    name = details.get(""name"", ""Unknown"")
    return birthday, name

def compute_age_from_birthday(birthday_str: str) -> int:
    """"""
    Given a birthday string 'YYYY-MM-DD', compute age in whole years as of today.
    Returns 0 if birthday is empty.
    """"""
    if not birthday_str:
        return 0
    try:
        birth_date = date.fromisoformat(birthday_str)
    except ValueError:
        return 0
    today = date.today()
    # adjust if birthday hasn't occurred yet this year
    age = today.year - birth_date.year
    if (today.month, today.day) < (birth_date.month, birth_date.day):
        age -= 1
    return age

def age_difference_message(
    dir_name: str, dir_age: int, act_name: str, act_age: int
) -> str:
    """"""
    Produce the final answer string.
    """"""
    if dir_age > act_age:
        diff = dir_age - act_age
        return (
            f""The director of Barbie ({dir_name}) is older than the lead actor ""
            f""of DEATH NOTE ({act_name}) by {diff} years.""
        )
    elif act_age > dir_age:
        diff = act_age - dir_age
        return (
            f""The lead actor of DEATH NOTE ({act_name}) is older than the director ""
            f""of Barbie ({dir_name}) by {diff} years.""
        )
    else:
        return (
            f""The director of Barbie ({dir_name}) and the lead actor of ""
            f""DEATH NOTE ({act_name}) are the same age.""
        )

# ---------- Main orchestration ----------

def main():
    try:
        # 1. Get Barbie movie ID
        barbie_movie_id = search_movie_id(BARBIE_MOVIE_TITLE)

        # 2. Get director ID from movie credits
        director_id = get_movie_director_id(barbie_movie_id)

        # 3. Get director's birthday and name
        dir_birthday, dir_name = get_person_birthday_and_name(director_id)
        director_age = compute_age_from_birthday(dir_birthday)

        # 4. Get Death Note TV show ID
        death_note_tv_id = search_tv_id(DEATH_NOTE_TV_TITLE)

        # 5. Get lead actor ID from season 1 credits
        lead_actor_id = get_tv_lead_actor_id(death_note_tv_id, TARGET_SEASON_NUMBER)

        # 6. Get lead actor's birthday and name
        act_birthday, act_name = get_person_birthday_and_name(lead_actor_id)
        actor_age = compute_age_from_birthday(act_birthday)

        # 7. Compare and print answer
        answer = age_difference_message(dir_name, director_age, act_name, actor_age)
        print(answer)

    except Exception as e:
        traceback.print_exc(file=sys.stderr)
        sys.exit(1)

if __name__ == ""__main__"":
    main()",6,"[""Search_movie"", ""Get_movie_credits"", ""Get_person_details"", ""Search_tv"", ""Get_tv_season_credits"", ""Get_person_details""]",1,"[""restbench tools""]",,66.4102,0.0
Tell me about Katherine LaNasa's latest movie appearance.,"Latest movie appearance for Katherine LaNasa:
Title: Black Karen
Release Date: 2022-01-23
Overview: The story of one Black woman who, on the advice of a therapist to treat anxiety by thinking and behaving as happy people do, notices that white people seem pretty happy.
Genres: Comedy
Vote Average: 4.5",1,1,3,7443,0,[],0,0,0,0,0,"import sys
from pathlib import Path
PROJECT_ROOT = Path(__file__).resolve().parents[1]
RESTBENCH_TOOLS_DIR = PROJECT_ROOT / 'restbench tools'
if str(RESTBENCH_TOOLS_DIR) not in sys.path:
    sys.path.insert(0, str(RESTBENCH_TOOLS_DIR))

from Search_person import Search_person
from Get_person_movie_credits import Get_person_movie_credits
from Get_movie_details import Get_movie_details

import traceback

# Module-level constants derived from user requirement
SEARCH_NAME = ""Katherine LaNasa""

def search_person(name):
    """"""Search for a person by name and return the first matching person ID.""""""
    data = Search_person(name)
    if not data or ""results"" not in data:
        raise RuntimeError(""Search_person returned unexpected structure"")
    results = data[""results""]
    if not results:
        raise RuntimeError(f""No person found for name '{name}'"")
    # Return the ID of the first result (most relevant)
    person = results[0]
    if ""id"" not in person:
        raise RuntimeError(""Search_person result missing 'id'"")
    return person[""id""]

def get_person_movie_credits(person_id):
    """"""Retrieve movie credits (cast) for a person and return sorted list by release_date descending.""""""
    data = Get_person_movie_credits(person_id)
    if not data or ""cast"" not in data:
        raise RuntimeError(""Get_person_movie_credits returned unexpected structure"")
    cast = data[""cast""]
    # Sort by release_date descending; treat missing or empty release_date as oldest possible
    def sort_key(movie):
        date_str = movie.get(""release_date"", """")
        return date_str if date_str else ""0000-01-01""
    sorted_cast = sorted(cast, key=sort_key, reverse=True)
    return sorted_cast

def get_latest_movie_details(person_id):
    """"""Find the latest movie (by release date) for the person and return its details.""""""
    sorted_credits = get_person_movie_credits(person_id)
    if not sorted_credits:
        raise RuntimeError(""No movie credits found for this person"")
    latest_movie = sorted_credits[0]
    movie_id = latest_movie.get(""id"")
    if not movie_id:
        raise RuntimeError(""Latest movie credit missing 'id'"")
    details = Get_movie_details(movie_id)
    return details

def print_movie_info(details):
    """"""Print a readable summary of the movie details.""""""
    title = details.get(""title"", ""Unknown Title"")
    release_date = details.get(""release_date"", ""Unknown Release Date"")
    overview = details.get(""overview"", ""No overview available."")
    print(f""Latest movie appearance for {SEARCH_NAME}:"")
    print(f""Title: {title}"")
    print(f""Release Date: {release_date}"")
    print(f""Overview: {overview}"")
    # Optionally print additional fields if present
    if details.get(""genres""):
        genre_names = [g[""name""] for g in details[""genres""]]
        print(f""Genres: {', '.join(genre_names)}"")
    if details.get(""vote_average""):
        print(f""Vote Average: {details['vote_average']}"")

def main():
    """"""Orchestrate the workflow.""""""
    try:
        # Step 1: Search for the person
        person_id = search_person(SEARCH_NAME)
        # Step 2: Get latest movie details
        movie_details = get_latest_movie_details(person_id)
        # Step 3: Print information
        print_movie_info(movie_details)
    except Exception as e:
        traceback.print_exc(file=sys.stderr)
        sys.exit(1)

if __name__ == ""__main__"":
    main()",3,"[""Search_person"", ""Get_person_movie_credits"", ""Get_movie_details""]",1,"[""restbench tools""]",,27.4356,0.0
Give me one cover image of the movie Oppenheimer.,https://image.tmdb.org/t/p/original/8Gxv8gSFCU0XGDykEGv7zR1n2ua.jpg,1,1,3,5634,0,[],0,0,0,0,0,"import sys
from pathlib import Path
PROJECT_ROOT = Path(__file__).resolve().parents[1]
RESTBENCH_TOOLS_DIR = PROJECT_ROOT / 'restbench tools'
if str(RESTBENCH_TOOLS_DIR) not in sys.path:
    sys.path.insert(0, str(RESTBENCH_TOOLS_DIR))

from Search_movie import Search_movie
from Get_movie_images import Get_movie_images

import traceback

# Constants (Rule13: module-level, hardcoded)
SEARCH_QUERY = ""Oppenheimer""
IMAGE_BASE_URL = ""https://image.tmdb.org/t/p/original""
POSTER_SUBKEY = ""posters""  # exact key from Get_movie_images response_schema


def search_movie_by_query() -> int:
    """"""Search for the movie Oppenheimer and return its TMDB movie ID.""""""
    data = Search_movie(SEARCH_QUERY)
    results = data.get(""results"", [])
    if not results:
        raise ValueError(f""No results found for query '{SEARCH_QUERY}'"")
    # Use lenient comparison: pick the first result (most relevant typically)
    movie = results[0]
    movie_id = movie.get(""id"")
    if movie_id is None:
        raise ValueError(""Movie ID missing from search result"")
    return movie_id


def fetch_movie_images(movie_id: int) -> dict:
    """"""Retrieve images (posters, backdrops, logos) for a given movie ID.""""""
    return Get_movie_images(movie_id)


def extract_cover_url(images_data: dict) -> str:
    """"""Extract the first available poster image URL from the movie images data.""""""
    posters = images_data.get(POSTER_SUBKEY, [])
    if not posters:
        raise ValueError(""No poster images found for this movie"")
    # Use lenient selection: pick the first poster
    poster = posters[0]
    file_path = poster.get(""file_path"")
    if not file_path:
        raise ValueError(""Poster file_path missing"")
    return IMAGE_BASE_URL + file_path


def main() -> None:
    """"""Orchestrate the retrieval of one cover image for Oppenheimer.""""""
    try:
        movie_id = search_movie_by_query()
        images_data = fetch_movie_images(movie_id)
        cover_url = extract_cover_url(images_data)
        print(cover_url)  # Output the full URL to the cover image
    except Exception:
        traceback.print_exc(file=sys.stderr)
        sys.exit(1)


if __name__ == ""__main__"":
    main()",2,"[""Search_movie"", ""Get_movie_images""]",1,"[""restbench tools""]",,28.9571,0.0
