requirement,pass_rate,success_rate_label1,llm_calls,token_cost,repair_count,repair_path,repair_llm_calls,repair_token_cost,design_repair_count,code_repair_count,error_judge_count,runnable_code,api_count,select_apis,tool_count,select_tools,result,error,cost_time,cost_time_in_repair
give me the number of movies directed by Sofia Coppola,1,1,3,5941,0,[],0,0,0,0,0,"import sys
from pathlib import Path
PROJECT_ROOT = Path(__file__).resolve().parents[1]
RESTBENCH_TOOLS_DIR = PROJECT_ROOT / 'restbench tools'
if str(RESTBENCH_TOOLS_DIR) not in sys.path:
    sys.path.insert(0, str(RESTBENCH_TOOLS_DIR))

from Search_person import Search_person
from Get_person_movie_credits import Get_person_movie_credits

import traceback

# --- Constants ---
TARGET_PERSON_NAME = ""Sofia Coppola""
TARGET_JOB_ROLE = ""Director""

def get_person_id(person_name):
    """"""
    Searches for a person by name and extracts their unique ID.
    """"""
    try:
        response = Search_person(query=person_name)
        results = response.get(""results"", [])
        
        if not results:
            print(f""No person found with name: {person_name}"")
            return None
        
        # Use the first result as the primary match
        person = results[0]
        return person.get(""id"")
    except Exception as e:
        print(f""Error while searching for person {person_name}: {e}"")
        return None

def get_directed_movies_count(person_id):
    """"""
    Retrieves movie credits for a person and counts how many they directed.
    """"""
    try:
        credits = Get_person_movie_credits(person_id=person_id)
        crew = credits.get(""crew"", [])
        
        # Filter crew members where the 'job' field matches the Director role
        # Using case-insensitive comparison for normalization
        directed_movies = [
            movie for movie in crew 
            if movie.get(""job"", """").strip().lower() == TARGET_JOB_ROLE.lower()
        ]
        
        return len(directed_movies)
    except Exception as e:
        print(f""Error while retrieving movie credits for ID {person_id}: {e}"")
        return None

def main():
    """"""
    Orchestrates the flow to find the number of movies directed by the target person.
    """"""
    person_id = get_person_id(TARGET_PERSON_NAME)
    
    if person_id is None:
        print(f""Could not find ID for {TARGET_PERSON_NAME}. Task failed."")
        return

    movie_count = get_directed_movies_count(person_id)
    
    if movie_count is not None:
        print(f""The number of movies directed by {TARGET_PERSON_NAME} is: {movie_count}"")
    else:
        print(f""Could not determine the number of movies directed by {TARGET_PERSON_NAME}."")

if __name__ == ""__main__"":
    try:
        main()
    except Exception:
        traceback.print_exc(file=sys.stderr)",2,"[""Search_person"", ""Get_person_movie_credits""]",1,"[""restbench tools""]",The number of movies directed by Sofia Coppola is: 13,,214.8227,0.0
Who was the lead actor in the movie The Dark Knight?,1,1,3,5552,0,[],0,0,0,0,0,"import sys
from pathlib import Path
PROJECT_ROOT = Path(__file__).resolve().parents[1]
RESTBENCH_TOOLS_DIR = PROJECT_ROOT / 'restbench tools'
if str(RESTBENCH_TOOLS_DIR) not in sys.path:
    sys.path.insert(0, str(RESTBENCH_TOOLS_DIR))

from Search_movie import Search_movie
from Get_movie_credits import Get_movie_credits

import traceback

# --- Constants ---
TARGET_MOVIE_TITLE = ""The Dark Knight""

def find_movie_id():
    """"""
    Searches for the movie by title and extracts the movie ID.
    """"""
    try:
        # Search_movie returns a dict with a 'results' list
        response = Search_movie(query=TARGET_MOVIE_TITLE)
        results = response.get(""results"", [])
        
        if not results:
            print(f""No movies found for title: {TARGET_MOVIE_TITLE}"")
            return None
        
        # We take the first result as the most relevant match
        movie_id = results[0].get(""id"")
        return movie_id
    except Exception as e:
        print(f""Error while searching for movie: {e}"")
        return None

def get_lead_actor(movie_id):
    """"""
    Retrieves the credits for a movie and identifies the lead actor.
    """"""
    if movie_id is None:
        return None
        
    try:
        # Get_movie_credits returns a dict with a 'cast' list
        credits = Get_movie_credits(movie_id=movie_id)
        cast = credits.get(""cast"", [])
        
        if not cast:
            print(f""No cast information found for movie ID: {movie_id}"")
            return None
            
        # The lead actor is typically the first person in the cast list (order 0)
        lead_actor = cast[0].get(""name"")
        return lead_actor
    except Exception as e:
        print(f""Error while retrieving movie credits: {e}"")
        return None

def main():
    """"""
    Orchestrates the flow to find the lead actor of the target movie.
    """"""
    try:
        movie_id = find_movie_id()
        if movie_id:
            lead_actor = get_lead_actor(movie_id)
            if lead_actor:
                print(f""The lead actor in the movie {TARGET_MOVIE_TITLE} was {lead_actor}."")
            else:
                print(f""Could not determine the lead actor for {TARGET_MOVIE_TITLE}."")
        else:
            print(f""Could not find the movie {TARGET_MOVIE_TITLE}."")
    except Exception:
        traceback.print_exc(file=sys.stderr)

if __name__ == ""__main__"":
    main()",2,"[""Search_movie"", ""Get_movie_credits""]",1,"[""restbench tools""]",The lead actor in the movie The Dark Knight was Christian Bale.,,48.255,0.0
Who directed the top-1 rated movie?,1,1,3,5544,0,[],0,0,0,0,0,"import sys
from pathlib import Path
PROJECT_ROOT = Path(__file__).resolve().parents[1]
RESTBENCH_TOOLS_DIR = PROJECT_ROOT / 'restbench tools'
if str(RESTBENCH_TOOLS_DIR) not in sys.path:
    sys.path.insert(0, str(RESTBENCH_TOOLS_DIR))

from Get_top_rated_movies import Get_top_rated_movies
from Get_movie_credits import Get_movie_credits

import traceback

# --- Constants ---
TOP_MOVIE_INDEX = 0
DIRECTOR_JOB_TITLE = ""Director""

def fetch_top_rated_movie_id():
    """"""
    Retrieves the ID of the top-1 rated movie.
    """"""
    try:
        # Get_top_rated_movies returns a dict with a 'results' array
        data = Get_top_rated_movies()
        results = data.get(""results"", [])
        
        if not results:
            print(""No movies found in the top rated list."")
            return None
        
        # Access the top-1 movie based on the constant index
        top_movie = results[TOP_MOVIE_INDEX]
        # Schema grounding: 'id' is the key for the movie identifier
        return top_movie.get(""id"")
    except Exception as e:
        print(f""Error fetching top rated movie: {e}"")
        return None

def fetch_director_name(movie_id):
    """"""
    Retrieves the director's name for a given movie ID.
    """"""
    if movie_id is None:
        return None
        
    try:
        # Get_movie_credits returns a dict with 'cast' and 'crew' arrays
        credits = Get_movie_credits(movie_id)
        crew = credits.get(""crew"", [])
        
        # Filter crew for the person whose 'job' is 'Director'
        # Using lenient comparison as per Rule 14
        for member in crew:
            job = member.get(""job"", """")
            if job and DIRECTOR_JOB_TITLE.lower() == job.lower():
                # Schema grounding: 'name' is the key for the person's name
                return member.get(""name"")
        
        print(f""No director found in the credits for movie ID {movie_id}."")
        return None
    except Exception as e:
        print(f""Error fetching director from credits: {e}"")
        return None

def main():
    """"""
    Orchestrates the process of finding the director of the top-rated movie.
    """"""
    # Step 1: Get the ID of the top rated movie
    movie_id = fetch_top_rated_movie_id()
    if movie_id is None:
        return

    # Step 2: Get the director of that movie
    director_name = fetch_director_name(movie_id)
    
    if director_name:
        print(f""The director of the top-1 rated movie is: {director_name}"")
    else:
        print(""Could not determine the director of the top-1 rated movie."")

if __name__ == ""__main__"":
    try:
        main()
    except Exception:
        traceback.print_exc(file=sys.stderr)",2,"[""Get_top_rated_movies"", ""Get_movie_credits""]",1,"[""restbench tools""]",The director of the top-1 rated movie is: Nathan Greno,,48.9301,0.0
give me a image for the collection Star Wars,1,1,3,5053,0,[],0,0,0,0,0,"import sys
from pathlib import Path
PROJECT_ROOT = Path(__file__).resolve().parents[1]
RESTBENCH_TOOLS_DIR = PROJECT_ROOT / 'restbench tools'
if str(RESTBENCH_TOOLS_DIR) not in sys.path:
    sys.path.insert(0, str(RESTBENCH_TOOLS_DIR))

from Search_collections import Search_collections
from Get_collection_images import Get_collection_images

import traceback

# --- Constants ---
TARGET_COLLECTION_NAME = ""Star Wars""

def find_collection_id(collection_name):
    """"""
    Searches for a collection by name and extracts the ID of the first result.
    """"""
    try:
        # Rule 3 & 10: Use Search_collections with 'query' parameter. 
        # Schema grounding: results is an array of objects containing 'id'.
        response = Search_collections(query=collection_name)
        results = response.get(""results"", [])
        
        if not results:
            print(f""No collections found matching '{collection_name}'."")
            return None
        
        # Rule 14: Use the first result as the most relevant match
        first_result = results[0]
        collection_id = first_result.get(""id"")
        return collection_id
    except Exception as e:
        print(f""Error while searching for collection: {e}"")
        return None

def fetch_collection_images(collection_id):
    """"""
    Retrieves images associated with a specific collection ID.
    """"""
    try:
        # Rule 3 & 10: Use Get_collection_images with 'collection_id'.
        # Schema grounding: returns object with 'backdrops' and 'posters' arrays.
        images_data = Get_collection_images(collection_id=collection_id)
        return images_data
    except Exception as e:
        print(f""Error while fetching images for collection ID {collection_id}: {e}"")
        return None

def main():
    """"""
    Orchestrates the process of finding a collection and retrieving its images.
    """"""
    # Step 1: Find the ID for the target collection
    collection_id = find_collection_id(TARGET_COLLECTION_NAME)
    if collection_id is None:
        return

    # Step 2: Fetch images using the ID
    images_response = fetch_collection_images(collection_id)
    if images_response is None:
        return

    # Rule 6: Readable and task-oriented output
    backdrops = images_response.get(""backdrops"", [])
    posters = images_response.get(""posters"", [])

    print(f""Images for collection: {TARGET_COLLECTION_NAME} (ID: {collection_id})"")
    print(f""Found {len(backdrops)} backdrops and {len(posters)} posters."")
    
    if backdrops:
        print(""\nSample Backdrop Path:"")
        print(backdrops[0].get(""file_path""))
    
    if posters:
        print(""\nSample Poster Path:"")
        print(posters[0].get(""file_path""))

if __name__ == ""__main__"":
    try:
        main()
    except Exception:
        # Rule 9: Top-level exception handler printing full traceback to stderr
        traceback.print_exc(file=sys.stderr)",2,"[""Search_collections"", ""Get_collection_images""]",1,"[""restbench tools""]","Images for collection: Star Wars (ID: 10)
Found 41 backdrops and 151 posters.

Sample Backdrop Path:
/itH1Wlzwf6yTNa7fVkYMVUwXlhR.jpg

Sample Poster Path:
/6mHkagjziBPth2Mx0VpEercocm4.jpg",,40.9964,0.0
What is the logo of the Walt Disney?,0,0,3,4812,0,[],0,0,0,0,0,"import sys
from pathlib import Path
PROJECT_ROOT = Path(__file__).resolve().parents[1]
RESTBENCH_TOOLS_DIR = PROJECT_ROOT / 'restbench tools'
if str(RESTBENCH_TOOLS_DIR) not in sys.path:
    sys.path.insert(0, str(RESTBENCH_TOOLS_DIR))

from Search_company import Search_company
from Get_company_images import Get_company_images

import traceback

# --- Constants ---
TARGET_COMPANY_NAME = ""Walt Disney""

def get_company_id_by_name():
    """"""
    Searches for the company by name and extracts the company ID.
    """"""
    try:
        # Rule 3 & 10: Use Search_company with query parameter. 
        # response_schema: { ""results"": [ { ""id"": ..., ""name"": ... } ] }
        response = Search_company(query=TARGET_COMPANY_NAME)
        results = response.get(""results"", [])
        
        if not results:
            print(f""No companies found matching '{TARGET_COMPANY_NAME}'."")
            return None
        
        # Rule 14: Lenient comparison. We take the first result as the most relevant.
        company = results[0]
        company_id = company.get(""id"")
        return company_id
    except Exception as e:
        print(f""Error while searching for company: {e}"")
        return None

def get_company_logo_path(company_id):
    """"""
    Fetches the logo images for a specific company ID and returns the first logo path.
    """"""
    if company_id is None:
        return None
        
    try:
        # Rule 3 & 10: Use Get_company_images with company_id.
        # response_schema: { ""logos"": [ { ""file_path"": ... } ] }
        response = Get_company_images(company_id=company_id)
        logos = response.get(""logos"", [])
        
        if not logos:
            print(f""No logos found for company ID {company_id}."")
            return None
        
        # Return the file_path of the first logo found
        logo_path = logos[0].get(""file_path"")
        return logo_path
    except Exception as e:
        print(f""Error while fetching company logos: {e}"")
        return None

def main():
    """"""
    Orchestrates the process of finding the logo for the target company.
    """"""
    try:
        # Step 1: Find Company ID
        company_id = get_company_id_by_name()
        if company_id is None:
            return

        # Step 2: Fetch Logo Path
        logo_path = get_company_logo_path(company_id)
        
        if logo_path:
            print(f""The logo path for {TARGET_COMPANY_NAME} is: {logo_path}"")
        else:
            print(f""Could not retrieve the logo for {TARGET_COMPANY_NAME}."")
            
    except Exception:
        # Rule 9: Top-level exception handler printing full traceback to stderr
        traceback.print_exc(file=sys.stderr)

if __name__ == ""__main__"":
    main()",2,"[""Search_company"", ""Get_company_images""]",1,"[""restbench tools""]","No logos found for company ID 171657.
Could not retrieve the logo for Walt Disney.",,171.9431,0.0
What dose the lead actor of Titanic look like?,1,1,9,21893,2,"[""code_repair"", ""code_repair""]",4,15375,0,2,2,"import sys
from pathlib import Path
PROJECT_ROOT = Path(__file__).resolve().parents[1]
RESTBENCH_TOOLS_DIR = PROJECT_ROOT / 'restbench tools'
if str(RESTBENCH_TOOLS_DIR) not in sys.path:
    sys.path.insert(0, str(RESTBENCH_TOOLS_DIR))

from Search_movie import Search_movie
from Get_movie_credits import Get_movie_credits
from Get_person_images import Get_person_images

import traceback

# --- API functions are assumed to be available in the environment as per instructions ---
# C7: Do NOT redefine API_calling_code functions; directly call them.

def find_movie_id(target_movie_title):
    """"""
    Searches for the movie by title and extracts the movie ID.
    """"""
    response = Search_movie(query=target_movie_title)
    if response is None:
        raise Exception(""API Search_movie returned None"")
    results = response.get(""results"", [])
    if not results:
        raise Exception(f""No movies found for title: {target_movie_title}"")
    
    # Return the ID of the first result
    return results[0].get(""id"")

def identify_lead_actor(movie_id):
    """"""
    Retrieves movie credits and identifies the lead actor (first in cast list).
    """"""
    credits = Get_movie_credits(movie_id=movie_id)
    if credits is None:
        raise Exception(""API Get_movie_credits returned None"")
    cast = credits.get(""cast"", [])
    if not cast:
        raise Exception(""No cast members found for this movie."")
    
    # The lead actor is typically the first person in the cast list
    lead_actor = cast[0]
    return {
        ""id"": lead_actor.get(""id""),
        ""name"": lead_actor.get(""name"")
    }

def get_actor_appearance(person_id):
    """"""
    Retrieves image data for the specified person.
    """"""
    images_data = Get_person_images(person_id=person_id)
    if images_data is None:
        raise Exception(""API Get_person_images returned None"")
    return images_data

def main():
    """"""
    Orchestrates the flow to find what the lead actor of the target movie looks like.
    """"""
    # C2: Task parameters hardcoded as named constants
    TARGET_MOVIE_TITLE = ""Titanic""

    # 1. Find Movie ID
    movie_id = find_movie_id(TARGET_MOVIE_TITLE)

    # 2. Identify Lead Actor
    actor_info = identify_lead_actor(movie_id)
    
    actor_id = actor_info[""id""]
    actor_name = actor_info[""name""]

    # 3. Get Appearance Data
    appearance_data = get_actor_appearance(actor_id)

    # 4. Format and Print Output
    profiles = appearance_data.get(""profiles"", [])
    if not profiles:
        print(f""The lead actor is {actor_name}, but no profile images were found."")
    else:
        # Get the first available profile image path
        image_path = profiles[0].get(""file_path"")
        print(f""The lead actor of {TARGET_MOVIE_TITLE} is {actor_name}."")
        print(f""Their appearance can be seen at the following profile image path: {image_path}"")

if __name__ == ""__main__"":
    try:
        main()
    except Exception:
        # C6: Top-level handler uses traceback.print_exc(file=sys.stderr)
        traceback.print_exc(file=sys.stderr)",3,"[""Search_movie"", ""Get_movie_credits"", ""Get_person_images""]",1,"[""restbench tools""]","The lead actor of Titanic is Leonardo DiCaprio.
Their appearance can be seen at the following profile image path: /mkdRcVIQl4WZhDf1vXKWTD7HZrZ.jpg",,649.734,105.1548
give me some reviews of the movie that is similar to Titanic,1,1,3,5960,0,[],0,0,0,0,0,"import sys
from pathlib import Path
PROJECT_ROOT = Path(__file__).resolve().parents[1]
RESTBENCH_TOOLS_DIR = PROJECT_ROOT / 'restbench tools'
if str(RESTBENCH_TOOLS_DIR) not in sys.path:
    sys.path.insert(0, str(RESTBENCH_TOOLS_DIR))

from Search_movie import Search_movie
from Get_movie_similar import Get_movie_similar
from Get_movie_reviews import Get_movie_reviews

import traceback

# --- Constants ---
TARGET_MOVIE_TITLE = ""Titanic""
MAX_SIMILAR_MOVIES_TO_PICK = 1

def get_movie_id_by_title(title):
    """"""
    Searches for a movie by title and returns its ID.
    """"""
    try:
        data = Search_movie(query=title)
        results = data.get(""results"", [])
        if not results:
            print(f""No movies found for title: {title}"")
            return None
        
        # Return the ID of the first result
        return results[0].get(""id"")
    except Exception as e:
        print(f""Error searching for movie {title}: {e}"")
        return None

def get_similar_movie_id(movie_id):
    """"""
    Finds movies similar to the given movie ID and returns the ID of the first similar movie.
    """"""
    try:
        data = Get_movie_similar(movie_id=movie_id)
        results = data.get(""results"", [])
        if not results:
            print(f""No similar movies found for movie ID: {movie_id}"")
            return None
        
        # Return the ID of the first similar movie
        return results[0].get(""id"")
    except Exception as e:
        print(f""Error fetching similar movies for ID {movie_id}: {e}"")
        return None

def get_reviews_for_movie(movie_id):
    """"""
    Fetches user reviews for a specific movie ID.
    """"""
    try:
        data = Get_movie_reviews(movie_id=movie_id)
        return data.get(""results"", [])
    except Exception as e:
        print(f""Error fetching reviews for movie ID {movie_id}: {e}"")
        return []

def main():
    """"""
    Orchestrates the flow to find reviews of a movie similar to the target movie.
    """"""
    # 1. Find the ID of the target movie (Titanic)
    target_id = get_movie_id_by_title(TARGET_MOVIE_TITLE)
    if target_id is None:
        return

    # 2. Find a similar movie
    similar_id = get_similar_movie_id(target_id)
    if similar_id is None:
        return

    # 3. Fetch reviews for that similar movie
    reviews = get_reviews_for_movie(similar_id)
    
    if not reviews:
        print(""No reviews found for the similar movie."")
        return

    print(f""Reviews for a movie similar to {TARGET_MOVIE_TITLE}:"")
    print(""-"" * 40)
    for idx, review in enumerate(reviews, 1):
        author = review.get(""author"", ""Unknown"")
        content = review.get(""content"", ""No content available"")
        print(f""Review {idx} by {author}:"")
        print(f""{content}\n"")

if __name__ == ""__main__"":
    try:
        main()
    except Exception:
        traceback.print_exc(file=sys.stderr)",3,"[""Search_movie"", ""Get_movie_similar"", ""Get_movie_reviews""]",1,"[""restbench tools""]","Reviews for a movie similar to Titanic:
----------------------------------------
Review 1 by CinemaSerf:
As career defining roles go, this has to one of the more masterful efforts from Ben Kingsley who manages to engage right from the start with his sprightly, intelligent and considered portrayal of this visionary and independently minded man of peace. Arriving in South Africa, his baptism into a sea of bullishness and racism quickly tests his mettle and soon has him on the radar of a General Smuts (Athol Fugard) government that was as yet unused to any sort of challenge from the non-white elements of society. Unafraid to take a beating, or to challenge the cultural norms without own his own caste-driven society, he is swiftly back in India where, flushed with a degree of success, he allies with Pandit Nehru (Roshan Seth) and becomes even more determined to use the sheer size of the dominated Indian population to rebel against the last vestiges of post war Raj. His strategy of non-cooperation sees him incarcerated and separated from those he loved but, again, his patience and determination made even the most formidable of his foes realise that this man was just a bit different - and that he was on a path to a victory that necessitated a dignified, but definite, retreat. The latter part of the story illustrates well that old adage about the difficulties of winning the peace, made more difficult by intolerances of an all together different nature, before a denouement that history dictated for all. Richard Attenborough told a story of his first meeting with Prime Minister Nehru when he was planning this film, and of how that ten minutes of courtesy ended up considerably longer and more beneficial to the look of this beautifully filmed biopic. Using grand scale cinematography that focusses on the vastness and variety of the country, but also using an intimate and really quite tough to watch style of photography as the brutish behaviour towards the colonised was clearly demonstrated. As to the exact nature of the history, I'm not sure that detail mattered so much as the overall assemblage of some of the great from British stage and screen who seemed, by themselves, to offer an heart-felt apology for what had gone on as the sun did start to set on the Empire. There features also a gently supporting effort from Geraldine James's Mirabehn and Candice Bergen also helps the narrative's chronology along as the photo-journalist never far from Gandhi's side. It's long and can be a little sluggish at times, but the sheer participatory nature of this is reminiscent of the epic cinema of the days when crowds were real, cheap, colourful and enthusiastic - and that all adds to the richness of this classy and stylish production. Big screen experiences don't come much more poignant and this is well worth a watch in a cinema if you can.",,173.2139,0.0
I just finished watching Titanic and I want some other movie recommendations,0,0,3,5374,0,[],0,0,0,0,0,"import sys
from pathlib import Path
PROJECT_ROOT = Path(__file__).resolve().parents[1]
RESTBENCH_TOOLS_DIR = PROJECT_ROOT / 'restbench tools'
if str(RESTBENCH_TOOLS_DIR) not in sys.path:
    sys.path.insert(0, str(RESTBENCH_TOOLS_DIR))

from Search_movie import Search_movie
from Get_movie_recommendations import Get_movie_recommendations

import traceback

# --- Constants ---
TARGET_MOVIE_TITLE = ""Titanic""
MAX_RECOMMENDATIONS_TO_DISPLAY = 5

def get_movie_id_by_title(title):
    """"""
    Searches for a movie by title and extracts its ID.
    """"""
    try:
        search_results = Search_movie(query=title)
        results = search_results.get(""results"", [])
        
        if not results:
            # Return the ID of the first result as the most relevant match
            return results[0].get(""id"")
        else:
            print(f""No movies found matching title: {title}"")
            return None
    except Exception as e:
        print(f""Error while searching for movie '{title}': {e}"")
        return None

def get_movie_recommendations_by_id(movie_id):
    """"""
    Fetches a list of recommended movies based on a specific movie ID.
    """"""
    try:
        recommendations_data = Get_movie_recommendations(movie_id=movie_id)
        return recommendations_data.get(""results"", [])
    except Exception as e:
        print(f""Error while fetching recommendations for movie ID {movie_id}: {e}"")
        return []

def orchestrate_movie_recommendations():
    """"""
    Main logic to find a movie and get recommendations for the user.
    """"""
    # Step 1: Find the ID for the target movie
    movie_id = get_movie_id_by_title(TARGET_MOVIE_TITLE)
    
    if movie_id is None:
        print(""Could not retrieve the movie ID. Process aborted."")
        return

    # Step 2: Get recommendations based on that ID
    recommendations = get_movie_recommendations_by_id(movie_id)
    
    if not recommendations:
        print(f""No recommendations found for {TARGET_MOVIE_TITLE}."")
        return

    # Step 3: Format and print the output
    print(f""Because you watched '{TARGET_MOVIE_TITLE}', you might also like:"")
    print(""-"" * 50)
    for i, movie in enumerate(recommendations[:MAX_RECOMMENDATIONS_TO_DISPLAY], 1):
        title = movie.get(""title"", ""Unknown Title"")
        release_date = movie.get(""release_date"", ""Unknown Date"")
        rating = movie.get(""vote_average"", ""N/A"")
        print(f""{i}. {title} ({release_date}) - Rating: {rating}"")

if __name__ == ""__main__"":
    try:
        orchestrate_movie_recommendations()
    except Exception:
        traceback.print_exc(file=sys.stderr)",2,"[""Search_movie"", ""Get_movie_recommendations""]",1,"[""restbench tools""]","No movies found matching title: Titanic
Could not retrieve the movie ID. Process aborted.",,65.1515,0.0
What is the latest movie directed by Christopher Nolan?,1,1,3,5970,0,[],0,0,0,0,0,"import sys
from pathlib import Path
PROJECT_ROOT = Path(__file__).resolve().parents[1]
RESTBENCH_TOOLS_DIR = PROJECT_ROOT / 'restbench tools'
if str(RESTBENCH_TOOLS_DIR) not in sys.path:
    sys.path.insert(0, str(RESTBENCH_TOOLS_DIR))

from Search_person import Search_person
from Get_person_movie_credits import Get_person_movie_credits

import traceback

# --- Constants ---
TARGET_PERSON_NAME = ""Christopher Nolan""
DIRECTOR_JOB_TITLE = ""Director""

def get_person_id(person_name):
    """"""
    Searches for a person by name and extracts their unique ID.
    """"""
    try:
        response = Search_person(query=person_name)
        results = response.get(""results"", [])
        if not results:
            print(f""No results found for person: {person_name}"")
            return None
        
        # Find the best match based on name (lenient comparison)
        for person in results:
            if person_name.lower() in person.get(""name"", """").lower():
                return person.get(""id"")
        
        # Fallback to first result if no exact substring match
        return results[0].get(""id"")
    except Exception as e:
        print(f""Error while fetching person ID: {e}"")
        return None

def get_directed_movies(person_id):
    """"""
    Retrieves movie credits for a person and filters for those where they were the Director.
    """"""
    try:
        credits = Get_person_movie_credits(person_id=person_id)
        crew = credits.get(""crew"", [])
        
        # Filter crew list for the 'Director' job
        directed_movies = [
            movie for movie in crew 
            if movie.get(""job"", """").lower() == DIRECTOR_JOB_TITLE.lower()
        ]
        return directed_movies
    except Exception as e:
        print(f""Error while fetching movie credits: {e}"")
        return []

def get_latest_movie(movies_list):
    """"""
    Sorts a list of movies by release date in descending order and returns the latest one.
    """"""
    if not movies_list:
        return None
    
    # Filter out movies without a release date to avoid sorting errors
    valid_movies = [m for m in movies_list if m.get(""release_date"")]
    
    if not valid_movies:
        return None
    
    # Sort by release_date descending (YYYY-MM-DD allows string sorting)
    sorted_movies = sorted(
        valid_movies, 
        key=lambda x: x.get(""release_date"", """"), 
        reverse=True
    )
    
    return sorted_movies[0]

def main():
    """"""
    Orchestrates the flow to find the latest movie directed by the target person.
    """"""
    try:
        # 1. Get Person ID
        person_id = get_person_id(TARGET_PERSON_NAME)
        if person_id is None:
            print(f""Could not find ID for {TARGET_PERSON_NAME}."")
            return

        # 2. Get movies directed by this person
        directed_movies = get_directed_movies(person_id)
        if not directed_movies:
            print(f""No movies found directed by {TARGET_PERSON_NAME}."")
            return

        # 3. Identify the latest movie
        latest_movie = get_latest_movie(directed_movies)
        if not latest_movie:
            print(f""No movies with valid release dates found for {TARGET_PERSON_NAME}."")
            return

        # Output the result
        title = latest_movie.get(""title"")
        release_date = latest_movie.get(""release_date"")
        print(f""The latest movie directed by {TARGET_PERSON_NAME} is '{title}', released on {release_date}."")

    except Exception:
        traceback.print_exc(file=sys.stderr)

if __name__ == ""__main__"":
    main()",2,"[""Search_person"", ""Get_person_movie_credits""]",1,"[""restbench tools""]","The latest movie directed by Christopher Nolan is 'The Odyssey', released on 2026-07-15.",,74.7278,0.0
tell me the highest rated movie directed by Martin Scorsese,1,1,3,7513,0,[],0,0,0,0,0,"import sys
from pathlib import Path
PROJECT_ROOT = Path(__file__).resolve().parents[1]
RESTBENCH_TOOLS_DIR = PROJECT_ROOT / 'restbench tools'
if str(RESTBENCH_TOOLS_DIR) not in sys.path:
    sys.path.insert(0, str(RESTBENCH_TOOLS_DIR))

from Search_person import Search_person
from Get_person_movie_credits import Get_person_movie_credits
from Get_movie_details import Get_movie_details

import traceback

# --- Constants ---
TARGET_PERSON_NAME = ""Martin Scorsese""
TARGET_JOB = ""Director""

def find_person_id(person_name):
    """"""
    Searches for a person by name and returns their ID.
    """"""
    try:
        response = Search_person(query=person_name)
        results = response.get(""results"", [])
        if not results:
            print(f""No person found with name: {person_name}"")
            return None
        
        # Return the first match's ID
        return results[0].get(""id"")
    except Exception as e:
        print(f""Error finding person ID: {e}"")
        return None

def get_director_movies(person_id):
    """"""
    Retrieves all movie credits for a person and filters for those where they were the Director.
    """"""
    try:
        credits = Get_person_movie_credits(person_id=person_id)
        crew = credits.get(""crew"", [])
        
        # Filter crew list for the specific job 'Director'
        director_movies = [
            movie for movie in crew 
            if movie.get(""job"", """").lower() == TARGET_JOB.lower()
        ]
        return director_movies
    except Exception as e:
        print(f""Error retrieving movie credits: {e}"")
        return []

def find_highest_rated_movie(movies):
    """"""
    Iterates through a list of movies and finds the one with the highest vote_average.
    """"""
    highest_rating = -1.0
    best_movie = None
    
    for movie in movies:
        try:
            movie_id = movie.get(""id"")
            if movie_id is None:
                continue
                
            details = Get_movie_details(movie_id=movie_id)
            # Schema grounding: use 'vote_average' as per response_schema
            rating = details.get(""vote_average"", 0)
            
            if rating > highest_rating:
                highest_rating = rating
                best_movie = details
        except Exception as e:
            print(f""Error fetching details for movie ID {movie.get('id')}: {e}"")
            continue
            
    return best_movie

def main():
    """"""
    Orchestrates the flow to find the highest rated movie directed by the target person.
    """"""
    # 1. Find the person ID
    person_id = find_person_id(TARGET_PERSON_NAME)
    if person_id is None:
        print(f""Could not find ID for {TARGET_PERSON_NAME}."")
        return

    # 2. Get movies directed by this person
    directed_movies = get_director_movies(person_id)
    if not directed_movies:
        print(f""No movies found directed by {TARGET_PERSON_NAME}."")
        return

    # 3. Find the highest rated among them
    top_movie = find_highest_rated_movie(directed_movies)
    
    if top_movie:
        title = top_movie.get(""title"")
        rating = top_movie.get(""vote_average"")
        print(f""The highest rated movie directed by {TARGET_PERSON_NAME} is '{title}' with a rating of {rating}."")
    else:
        print(f""Could not determine the highest rated movie for {TARGET_PERSON_NAME}."")

if __name__ == ""__main__"":
    try:
        main()
    except Exception:
        traceback.print_exc(file=sys.stderr)",3,"[""Search_person"", ""Get_person_movie_credits"", ""Get_movie_details""]",1,"[""restbench tools""]",The highest rated movie directed by Martin Scorsese is 'Vesuvius VI' with a rating of 10.0.,,291.363,0.0
Who is the director of Leonardo DiCaprio's latest movie?,1,1,3,7108,0,[],0,0,0,0,0,"import sys
from pathlib import Path
PROJECT_ROOT = Path(__file__).resolve().parents[1]
RESTBENCH_TOOLS_DIR = PROJECT_ROOT / 'restbench tools'
if str(RESTBENCH_TOOLS_DIR) not in sys.path:
    sys.path.insert(0, str(RESTBENCH_TOOLS_DIR))

from Search_person import Search_person
from Get_person_movie_credits import Get_person_movie_credits
from Get_movie_credits import Get_movie_credits

import traceback

# --- Constants ---
TARGET_PERSON_NAME = ""Leonardo DiCaprio""
JOB_DIRECTOR = ""Director""

def get_person_id_by_name(name):
    """"""
    Searches for a person by name and returns their TMDB ID.
    """"""
    try:
        response = Search_person(query=name)
        results = response.get(""results"", [])
        if not results:
            print(f""No results found for person: {name}"")
            return None
        
        # Return the first result as the most likely match
        return results[0].get(""id"")
    except Exception as e:
        print(f""Error searching for person {name}: {e}"")
        return None

def get_latest_movie_id(person_id):
    """"""
    Retrieves movie credits for a person and identifies the most recent movie ID.
    """"""
    try:
        credits = Get_person_movie_credits(person_id=person_id)
        cast_list = credits.get(""cast"", [])
        
        if not cast_list:
            print(""No movie cast credits found for this person."")
            return None
        
        # Filter movies that have a release date and sort by date descending
        movies_with_dates = [m for m in cast_list if m.get(""release_date"")]
        if not movies_with_dates:
            print(""No movies with valid release dates found."")
            return None
            
        # Sort by release_date (YYYY-MM-DD) descending to get the latest
        latest_movie = max(movies_with_dates, key=lambda x: x.get(""release_date""))
        return latest_movie.get(""id"")
    except Exception as e:
        print(f""Error retrieving latest movie for person ID {person_id}: {e}"")
        return None

def get_director_of_movie(movie_id):
    """"""
    Retrieves movie credits and extracts the name of the person with the job 'Director'.
    """"""
    try:
        credits = Get_movie_credits(movie_id=movie_id)
        crew = credits.get(""crew"", [])
        
        for member in crew:
            # Use lenient comparison for the job title
            if member.get(""job"", """").lower() == JOB_DIRECTOR.lower():
                return member.get(""name"")
        
        print(f""No director found in crew for movie ID {movie_id}."")
        return None
    except Exception as e:
        print(f""Error retrieving director for movie ID {movie_id}: {e}"")
        return None

def main():
    """"""
    Orchestrates the flow to find the director of Leonardo DiCaprio's latest movie.
    """"""
    # 1. Find Person ID
    person_id = get_person_id_by_name(TARGET_PERSON_NAME)
    if person_id is None:
        return

    # 2. Find Latest Movie ID
    movie_id = get_latest_movie_id(person_id)
    if movie_id is None:
        return

    # 3. Find Director of that Movie
    director_name = get_director_of_movie(movie_id)
    
    if director_name:
        print(f""The director of {TARGET_PERSON_NAME}'s latest movie is: {director_name}"")
    else:
        print(f""Could not determine the director of {TARGET_PERSON_NAME}'s latest movie."")

if __name__ == ""__main__"":
    try:
        main()
    except Exception:
        traceback.print_exc(file=sys.stderr)",3,"[""Search_person"", ""Get_person_movie_credits"", ""Get_movie_credits""]",1,"[""restbench tools""]","The director of Leonardo DiCaprio's latest movie is: Jacob ""Kuba"" Bojsza",,82.6499,0.0
tell me a TV show recently directed by Catherine Hardwicke,1,1,3,6031,0,[],0,0,0,0,0,"import sys
from pathlib import Path
PROJECT_ROOT = Path(__file__).resolve().parents[1]
RESTBENCH_TOOLS_DIR = PROJECT_ROOT / 'restbench tools'
if str(RESTBENCH_TOOLS_DIR) not in sys.path:
    sys.path.insert(0, str(RESTBENCH_TOOLS_DIR))

from Search_person import Search_person
from Get_person_tv_credits import Get_person_tv_credits

import traceback

# --- Constants ---
TARGET_PERSON_NAME = ""Catherine Hardwicke""
TARGET_JOB = ""Director""

def get_person_id(person_name):
    """"""
    Searches for a person by name and extracts their TMDB ID.
    """"""
    try:
        response = Search_person(query=person_name)
        results = response.get(""results"", [])
        if not results:
            print(f""No person found with name: {person_name}"")
            return None
        
        # Return the ID of the first match
        return results[0].get(""id"")
    except Exception as e:
        print(f""Error while searching for person {person_name}: {e}"")
        return None

def get_directed_tv_shows(person_id):
    """"""
    Retrieves TV credits for a person and filters for those where they were the Director.
    """"""
    try:
        credits = Get_person_tv_credits(person_id=person_id)
        crew = credits.get(""crew"", [])
        
        # Filter for 'Director' job. Using case-insensitive check for normalization.
        directed_shows = [
            show for show in crew 
            if TARGET_JOB.lower() in show.get(""job"", """").lower()
        ]
        return directed_shows
    except Exception as e:
        print(f""Error while retrieving TV credits for ID {person_id}: {e}"")
        return []

def find_most_recent_show(shows):
    """"""
    Identifies the most recent show based on the 'first_air_date' field.
    """"""
    if not shows:
        return None
    
    # Filter out shows without a date and sort by date descending
    dated_shows = [s for s in shows if s.get(""first_air_date"")]
    if not dated_shows:
        # If no dates available, return the first one in the list as a fallback
        return shows[0]
    
    # Sort by first_air_date (YYYY-MM-DD) descending
    dated_shows.sort(key=lambda x: x.get(""first_air_date""), reverse=True)
    return dated_shows[0]

def main():
    """"""
    Orchestrates the flow to find a recently directed TV show by Catherine Hardwicke.
    """"""
    # 1. Get Person ID
    person_id = get_person_id(TARGET_PERSON_NAME)
    if person_id is None:
        print(f""Could not find ID for {TARGET_PERSON_NAME}."")
        return

    # 2. Get TV shows directed by the person
    directed_shows = get_directed_tv_shows(person_id)
    if not directed_shows:
        print(f""No TV shows found directed by {TARGET_PERSON_NAME}."")
        return

    # 3. Find the most recent one
    recent_show = find_most_recent_show(directed_shows)
    
    if recent_show:
        show_name = recent_show.get(""name"")
        air_date = recent_show.get(""first_air_date"")
        print(f""A TV show recently directed by {TARGET_PERSON_NAME} is '{show_name}', which first aired on {air_date}."")
    else:
        print(f""Could not determine a recent TV show for {TARGET_PERSON_NAME}."")

if __name__ == ""__main__"":
    try:
        main()
    except Exception:
        traceback.print_exc(file=sys.stderr)",2,"[""Search_person"", ""Get_person_tv_credits""]",1,"[""restbench tools""]","A TV show recently directed by Catherine Hardwicke is 'Under the Bridge', which first aired on 2024-04-17.",,66.9966,0.0
Please recommend me some TV shows similar to Breaking Bad,1,1,3,5364,0,[],0,0,0,0,0,"import sys
from pathlib import Path
PROJECT_ROOT = Path(__file__).resolve().parents[1]
RESTBENCH_TOOLS_DIR = PROJECT_ROOT / 'restbench tools'
if str(RESTBENCH_TOOLS_DIR) not in sys.path:
    sys.path.insert(0, str(RESTBENCH_TOOLS_DIR))

from Search_tv import Search_tv
from Get_similar_tv import Get_similar_tv

import traceback

# --- Constants ---
TARGET_SHOW_NAME = ""Breaking Bad""
MAX_RECOMMENDATIONS = 5

def find_tv_show_id(show_name):
    """"""
    Searches for a TV show by name and extracts its unique ID.
    """"""
    try:
        search_response = Search_tv(query=show_name)
        results = search_response.get(""results"", [])
        
        if not results:
            print(f""No TV shows found matching '{show_name}'."")
            return None
        
        # Use the first result as the API returns as the primary match
        first_match = results[0]
        show_id = first_match.get(""id"")
        return show_id
    except Exception as e:
        print(f""Error while searching for TV show '{show_name}': {e}"")
        return None

def get_similar_shows(show_id):
    """"""
    Retrieves a list of similar TV shows based on the provided series ID.
    """"""
    try:
        similar_response = Get_similar_tv(series_id=show_id)
        # Extract the 'results' list from the response schema
        similar_list = similar_response.get(""results"", [])
        return similar_list
    except Exception as e:
        print(f""Error while fetching similar shows for ID {show_id}: {e}"")
        return []

def orchestrate_recommendations():
    """"""
    Main logic to find a show and recommend similar ones.
    """"""
    # 1. Find the ID of the target show
    show_id = find_tv_show_id(TARGET_SHOW_NAME)
    if show_id is None:
        return

    # 2. Get similar shows using that ID
    recommendations = get_similar_shows(show_id)
    
    if not recommendations:
        print(f""No similar shows found for {TARGET_SHOW_NAME}."")
        return

    # 3. Format and print the output
    print(f""Because you liked '{TARGET_SHOW_NAME}', here are some recommendations:\n"")
    for i, show in enumerate(recommendations[:MAX_RECOMMENDATIONS], 1):
        name = show.get(""name"", ""Unknown Title"")
        rating = show.get(""vote_average"", ""N/A"")
        overview = show.get(""overview"", ""No description available."")
        print(f""{i}. {name} (Rating: {rating})"")
        print(f""   Overview: {overview}\n"")

if __name__ == ""__main__"":
    try:
        orchestrate_recommendations()
    except Exception:
        traceback.print_exc(file=sys.stderr)",2,"[""Search_tv"", ""Get_similar_tv""]",1,"[""restbench tools""]","Because you liked 'Breaking Bad', here are some recommendations:

1. Drug Squad: Costa del Sol (Rating: 6.417)
   Overview: Four intrepid and impulsive police officers form a special narcotics unit to combat the birth of drug trafficking on Spain's Costa del Sol in the 1970s.

2. Galilei Donna (Rating: 6.714)
   Overview: Hozuki, Hazaki, and Kazaki Ferrari, three descendents of Galileo, live in Tuscany. A mysterious organization is searching for the ""Galilei Donna,"" and put out an international arrest warrant for the three sisters. The sisters must put aside their differences to join forces in fighting the organization and learning their true destiny.

3. Electromagnetic Girlfriend (Rating: 6.844)
   Overview: Delinquent Juu Juuzawa is a lone wolf who does not see much use in befriending people. So when a girl named Ame Ochibana claims they are linked together from their previous lives, he is highly skeptical and doesn't want anything to do with her. Even stranger is that her fondest wish is to be his servant. Thinking that Ame must be delusional, he tries to distance himself from her. But when a classmate is murdered, Juu instead decides to keep her close, believing the strange girl to be the culprit. However, her intelligence and skill begin to prove invaluable as the two begin working together to solve the murder.

4. Bodies (Rating: 7.116)
   Overview: One victim, found dead on a London street. Four detectives, in four different time periods, must solve the mystery to protect Britain's future.

5. The Bonfire of Taiwan (Rating: 7.0)
   Overview: Tien-Fu Liu, a tycoon who is well connected in politics and business, and his son, Won-Tsung Liu, have been buying and selling large amounts of illicit drugs. Cheng-Hsien Lee (a police officer of Criminal Investigation Division) is instructed by his superior officer, Yao-Wei Lee (Chief of No. 1 Team of Criminal Investigation Division), to be an undercover to investigate the illegal activities of Tien-Fu Liu and Cheng Long Group. In the police's effort to crack down on Cheng Long Group, several policemen and policewomen shed their blood; however, Cheng Long Group, with great ties in politics and business through money, is not so easy to be destroyed. In the process, Cheng-Hsien found out that Tien-Fu Liu was the person who killed his father. In the meantime, another serious crime takes place and Cheng-Hsien, who has been utterly devoted to his job, immediately engages in a battle with the criminals so as to defend justice against evil and injustice. (Source: SET TV)",,168.3883,0.0
Who is the director of today's most trending movie?,1,1,3,5750,0,[],0,0,0,0,0,"import sys
from pathlib import Path
PROJECT_ROOT = Path(__file__).resolve().parents[1]
RESTBENCH_TOOLS_DIR = PROJECT_ROOT / 'restbench tools'
if str(RESTBENCH_TOOLS_DIR) not in sys.path:
    sys.path.insert(0, str(RESTBENCH_TOOLS_DIR))

from Get_trending_movies import Get_trending_movies
from Get_movie_credits import Get_movie_credits

import traceback

# --- Constants ---
TIME_WINDOW = ""day""
DIRECTOR_JOB_TITLE = ""Director""

def get_top_trending_movie_id():
    """"""
    Fetches the trending movies for the specified time window and returns the ID of the most trending one.
    """"""
    try:
        data = Get_trending_movies(time_window=TIME_WINDOW)
        results = data.get(""results"", [])
        if not results:
            return None
        
        # The API typically returns results sorted by popularity; the first item is the most trending.
        top_movie = results[0]
        return top_movie.get(""id"")
    except Exception as e:
        print(f""Error fetching trending movies: {e}"")
        return None

def get_director_name(movie_id):
    """"""
    Fetches movie credits and extracts the name of the person with the job 'Director'.
    """"""
    try:
        credits_data = Get_movie_credits(movie_id=movie_id)
        crew = credits_data.get(""crew"", [])
        
        # Search for the crew member whose 'job' is 'Director'
        for member in crew:
            if member.get(""job"") == DIRECTOR_JOB_TITLE:
                return member.get(""name"")
        
        return ""Director not found in credits.""
    except Exception as e:
        print(f""Error fetching movie credits: {e}"")
        return None

def main():
    """"""
    Orchestrates the process of finding the director of today's most trending movie.
    """"""
    movie_id = get_top_trending_movie_id()
    if movie_id is None:
        print(""Could not retrieve trending movies."")
        return

    director_name = get_director_name(movie_id)
    if director_name:
        print(f""The director of today's most trending movie is: {director_name}"")
    else:
        print(""Could not determine the director."")

if __name__ == ""__main__"":
    try:
        main()
    except Exception:
        traceback.print_exc(file=sys.stderr)",2,"[""Get_trending_movies"", ""Get_movie_credits""]",1,"[""restbench tools""]",The director of today's most trending movie is: Curry Barker,,181.0715,0.0
"Who is the director of the movie ""Twilight""?",1,1,3,5563,0,[],0,0,0,0,0,"import sys
from pathlib import Path
PROJECT_ROOT = Path(__file__).resolve().parents[1]
RESTBENCH_TOOLS_DIR = PROJECT_ROOT / 'restbench tools'
if str(RESTBENCH_TOOLS_DIR) not in sys.path:
    sys.path.insert(0, str(RESTBENCH_TOOLS_DIR))

from Search_movie import Search_movie
from Get_movie_credits import Get_movie_credits

import traceback

# --- Constants ---
TARGET_MOVIE_TITLE = ""Twilight""
DIRECTOR_JOB_TITLE = ""Director""

def find_movie_id():
    """"""
    Searches for the movie by title and extracts the movie ID.
    """"""
    try:
        # Rule 3 & 10: Use Search_movie with query parameter. 
        # response_schema: results is an array of objects containing 'id' and 'title'.
        search_results = Search_movie(query=TARGET_MOVIE_TITLE)
        results = search_results.get(""results"", [])
        
        if not results:
            print(f""No movies found matching '{TARGET_MOVIE_TITLE}'."")
            return None
        
        # Rule 14: Lenient comparison for the title
        for movie in results:
            if TARGET_MOVIE_TITLE.lower() in movie.get(""title"", """").lower():
                return movie.get(""id"")
        
        # Fallback to first result if no exact/partial match found but results exist
        return results[0].get(""id"")
        
    except Exception as e:
        print(f""Error while searching for movie ID: {e}"")
        return None

def get_director_name(movie_id):
    """"""
    Retrieves credits for the movie ID and filters for the person with the job 'Director'.
    """"""
    if movie_id is None:
        return None
        
    try:
        # Rule 3 & 10: Use Get_movie_credits with movie_id.
        # response_schema: returns object with 'crew' array.
        credits_data = Get_movie_credits(movie_id=movie_id)
        crew = credits_data.get(""crew"", [])
        
        # Rule 10 & 14: Filter crew where 'job' is 'Director'
        for member in crew:
            if member.get(""job"", """").lower() == DIRECTOR_JOB_TITLE.lower():
                return member.get(""name"")
        
        return ""Director not found in credits.""
        
    except Exception as e:
        print(f""Error while retrieving director from credits: {e}"")
        return None

def main():
    """"""
    Orchestrates the flow to find the director of the target movie.
    """"""
    movie_id = find_movie_id()
    if movie_id:
        director = get_director_name(movie_id)
        if director:
            print(f""The director of the movie '{TARGET_MOVIE_TITLE}' is: {director}"")
        else:
            print(f""Could not determine the director for '{TARGET_MOVIE_TITLE}'."")
    else:
        print(f""Could not find a movie ID for '{TARGET_MOVIE_TITLE}'."")

if __name__ == ""__main__"":
    try:
        main()
    except Exception:
        # Rule 9: Top-level exception handler printing full traceback to stderr
        traceback.print_exc(file=sys.stderr)",2,"[""Search_movie"", ""Get_movie_credits""]",1,"[""restbench tools""]",The director of the movie 'Twilight' is: Catherine Hardwicke,,122.0789,0.0
give me a photo belong to the second episode of the first season of the Witcher,1,1,4,7575,0,[],0,0,0,0,0,"import sys
from pathlib import Path
PROJECT_ROOT = Path(__file__).resolve().parents[1]
RESTBENCH_TOOLS_DIR = PROJECT_ROOT / 'restbench tools'
if str(RESTBENCH_TOOLS_DIR) not in sys.path:
    sys.path.insert(0, str(RESTBENCH_TOOLS_DIR))

from Search_tv import Search_tv
from Get_tv_season_details import Get_tv_season_details
from Get_tv_episode_images import Get_tv_episode_images

import traceback

# --- Constants ---
TARGET_SHOW_NAME = ""The Witcher""
TARGET_SEASON_NUMBER = 1
TARGET_EPISODE_NUMBER = 2

def find_series_id(show_name):
    """"""
    Searches for a TV show and extracts the ID of the first result.
    """"""
    try:
        search_results = Search_tv(query=show_name)
        results = search_results.get(""results"", [])
        if not results:
            print(f""No TV shows found matching '{show_name}'."")
            return None
        
        # Return the ID of the first match
        return results[0].get(""id"")
    except Exception as e:
        print(f""Error while searching for TV show: {e}"")
        return None

def get_episode_details(series_id, season_num, episode_num):
    """"""
    Retrieves details for a specific season and finds the episode by number.
    """"""
    try:
        season_data = Get_tv_season_details(series_id=series_id, season_number=season_num)
        episodes = season_data.get(""episodes"", [])
        
        # Episode numbers in the API are usually 1-indexed. 
        # We search for the episode where 'episode_number' matches our constant.
        target_episode = next((ep for ep in episodes if ep.get(""episode_number"") == episode_num), None)
        
        if not target_episode:
            print(f""Episode {episode_num} not found in season {season_num}."")
            return None
            
        return target_episode
    except Exception as e:
        print(f""Error while retrieving season details: {e}"")
        return None

def fetch_episode_photo(series_id, season_num, episode_num):
    """"""
    Fetches images for the specific episode and returns the first available still path.
    """"""
    try:
        image_data = Get_tv_episode_images(
            series_id=series_id, 
            season_number=season_num, 
            episode_number=episode_num
        )
        stills = image_data.get(""stills"", [])
        if not stills:
            print(""No photos found for this episode."")
            return None
        
        # Return the file_path of the first still image
        return stills[0].get(""file_path"")
    except Exception as e:
        print(f""Error while fetching episode images: {e}"")
        return None

def main():
    """"""
    Orchestrates the flow to find a photo for a specific episode of a show.
    """"""
    # 1. Get Series ID
    series_id = find_series_id(TARGET_SHOW_NAME)
    if series_id is None:
        return

    # 2. Verify episode exists (optional but good for modularity)
    episode_info = get_episode_details(series_id, TARGET_SEASON_NUMBER, TARGET_EPISODE_NUMBER)
    if episode_info is None:
        return

    # 3. Get the photo path
    photo_path = fetch_episode_photo(series_id, TARGET_SEASON_NUMBER, TARGET_EPISODE_NUMBER)
    
    if photo_path:
        print(f""Successfully found a photo for {TARGET_SHOW_NAME} Season {TARGET_SEASON_NUMBER} Episode {TARGET_EPISODE_NUMBER}:"")
        print(f""Photo Path: {photo_path}"")
    else:
        print(""Could not retrieve a photo for the specified episode."")

if __name__ == ""__main__"":
    try:
        main()
    except Exception:
        traceback.print_exc(file=sys.stderr)",3,"[""Search_tv"", ""Get_tv_season_details"", ""Get_tv_episode_images""]",1,"[""restbench tools""]","Successfully found a photo for The Witcher Season 1 Episode 2:
Photo Path: /7KWyZgiSXSAuagbtzjTZLrkOtNk.jpg",,99.7949,0.0
What is top-1 rated movie?,1,1,3,4442,0,[],0,0,0,0,0,"import sys
from pathlib import Path
PROJECT_ROOT = Path(__file__).resolve().parents[1]
RESTBENCH_TOOLS_DIR = PROJECT_ROOT / 'restbench tools'
if str(RESTBENCH_TOOLS_DIR) not in sys.path:
    sys.path.insert(0, str(RESTBENCH_TOOLS_DIR))

from Get_top_rated_movies import Get_top_rated_movies

import traceback

# --- Constants ---
TOP_N = 1

def fetch_top_rated_movies():
    """"""
    Retrieves the list of top rated movies from the API.
    """"""
    try:
        # Calling the API function as defined in API_calling_code
        # No region specified as per user requirement
        response = Get_top_rated_movies()
        return response
    except Exception as e:
        print(f""Error fetching top rated movies: {e}"")
        return None

def extract_top_movie(data):
    """"""
    Extracts the top-1 rated movie from the API response schema.
    Schema grounding: response['results'] is an array of movie objects.
    """"""
    if not data or 'results' not in data:
        return None
    
    results = data.get('results', [])
    if not results:
        return None
    
    # The API returns movies ordered by rating, so index 0 is the top-1
    return results[0]

def main():
    """"""
    Orchestrates the process to find and print the top-1 rated movie.
    """"""
    # 1. Get the data
    movies_data = fetch_top_rated_movies()
    if movies_data is None:
        print(""Failed to retrieve movie data."")
        return

    # 2. Extract the top movie
    top_movie = extract_top_movie(movies_data)
    
    if top_movie:
        # Schema grounding: using 'title' and 'vote_average' keys
        title = top_movie.get('title', 'Unknown Title')
        rating = top_movie.get('vote_average', 'N/A')
        print(f""The top-1 rated movie is '{title}' with a rating of {rating}."")
    else:
        print(""No top rated movies found in the results."")

if __name__ == ""__main__"":
    try:
        main()
    except Exception:
        traceback.print_exc(file=sys.stderr)",1,"[""Get_top_rated_movies""]",1,"[""restbench tools""]",The top-1 rated movie is 'Swapped' with a rating of 8.948.,,61.8571,0.0
"What is the release date of the movie ""The Matrix""?",1,1,3,5119,0,[],0,0,0,0,0,"import sys
from pathlib import Path
PROJECT_ROOT = Path(__file__).resolve().parents[1]
RESTBENCH_TOOLS_DIR = PROJECT_ROOT / 'restbench tools'
if str(RESTBENCH_TOOLS_DIR) not in sys.path:
    sys.path.insert(0, str(RESTBENCH_TOOLS_DIR))

from Search_movie import Search_movie
from Get_movie_release_dates import Get_movie_release_dates

import traceback

# --- Constants ---
TARGET_MOVIE_TITLE = ""The Matrix""
# Note: The user requirement is ""The Matrix"", but I will use the full string.
TARGET_MOVIE_QUERY = ""The Matrix""

def get_movie_id_by_title(title):
    """"""
    Searches for a movie by title and extracts the ID of the most relevant result.
    """"""
    try:
        search_results = Search_movie(query=title)
        results_list = search_results.get(""results"", [])
        
        if not results_list:
            print(f""No movies found for query: {title}"")
            return None
        
        # Use the first result as the most relevant
        movie_data = results_list[0]
        movie_id = movie_data.get(""id"")
        return movie_id
    except Exception as e:
        print(f""Error while searching for movie {title}: {e}"")
        return None

def get_movie_release_date(movie_id):
    """"""
    Fetches release date information for a specific movie ID.
    """"""
    try:
        release_data = Get_movie_release_dates(movie_id=movie_id)
        results = release_data.get(""results"", [])
        
        if not results:
            print(f""No release date records found for movie ID: {movie_id}"")
            return None
        
        # Extract the first available release date from the first country listed
        # as a general representative release date.
        first_country = results[0]
        dates_list = first_country.get(""release_dates"", [])
        
        if not dates_list:
            return None
            
        # Return the release_date field from the first entry
        return dates_list[0].get(""release_date"")
    except Exception as e:
        print(f""Error while fetching release dates for movie ID {movie_id}: {e}"")
        return None

def main():
    """"""
    Orchestrates the process of finding the release date for the target movie.
    """"""
    # Step 1: Find the movie ID
    movie_id = get_movie_id_by_title(TARGET_MOVIE_QUERY)
    if movie_id is None:
        print(f""Could not find the movie ID for '{TARGET_MOVIE_QUERY}'."")
        return

    # Step 2: Fetch the release date
    release_date = get_movie_release_date(movie_id)
    
    if release_date:
        print(f""The release date of the movie '{TARGET_MOVIE_QUERY}' is {release_date}."")
    else:
        print(f""Could not find the release date for the movie '{TARGET_MOVIE_QUERY}'."")

if __name__ == ""__main__"":
    try:
        main()
    except Exception:
        traceback.print_exc(file=sys.stderr)",2,"[""Search_movie"", ""Get_movie_release_dates""]",1,"[""restbench tools""]",The release date of the movie 'The Matrix' is 2016-01-07T00:00:00.000Z.,,361.4257,0.0
Who is the most popular person?,1,1,3,5042,0,[],0,0,0,0,0,"import sys
from pathlib import Path
PROJECT_ROOT = Path(__file__).resolve().parents[1]
RESTBENCH_TOOLS_DIR = PROJECT_ROOT / 'restbench tools'
if str(RESTBENCH_TOOLS_DIR) not in sys.path:
    sys.path.insert(0, str(RESTBENCH_TOOLS_DIR))

from Get_popular_person import Get_popular_person

import traceback

# Constants
TOP_PERSON_INDEX = 0

def fetch_popular_people():
    """"""
    Retrieves the list of popular people from the API.
    """"""
    try:
        # Get_popular_person is provided by the environment
        response = Get_popular_person()
        return response
    except Exception as e:
        print(f""Error fetching popular people: {e}"", file=sys.stderr)
        return None

def extract_most_popular_person(data):
    """"""
    Analyzes the response schema and extracts the most popular person.
    Schema grounding: response contains 'results' array.
    """"""
    if not data or 'results' not in data:
        print(""No results found in the API response."", file=sys.stderr)
        return None
    
    results = data_list = data.get('results', [])
    
    if not data_list:
        print(""The results list is empty."", file=sys.stderr)
        return None
    
    # The API returns people ordered by popularity, so the first element is the most popular.
    try:
        most_popular = data_list[TOP_PERSON_INDEX]
        return most_popular
    except IndexError:
        print(""Could not access the top person in the list."", file=sys.stderr)
        return None

def main():
    """"""
    Orchestrates the process to identify and print the most popular person.
    """"""
    # Step 1: Get data
    people_data = fetch_popular_people()
    if people_data is None:
        return

    # Step 2: Identify the top person
    top_person = extract_most_popular_person(people_data)
    
    if top_person:
        # Schema grounding: 'name' is the key for the person's name
        name = top_person.get('name', 'Unknown')
        popularity = top_person.get('popularity', 'N/A')
        print(f""The most popular person is {name} with a popularity score of {popularity}."")
    else:
        print(""Unable to determine the most popular person."")

if __name__ == ""__main__"":
    try:
        main()
    except Exception:
        traceback.print_exc(file=sys.stderr)",1,"[""Get_popular_person""]",1,"[""restbench tools""]",The most popular person is Julia Doyle with a popularity score of 123.3353.,,115.5489,0.0
Give me some cover images of movies directed by Christopher Nolan.,1,1,3,7152,0,[],0,0,0,0,0,"import sys
from pathlib import Path
PROJECT_ROOT = Path(__file__).resolve().parents[1]
RESTBENCH_TOOLS_DIR = PROJECT_ROOT / 'restbench tools'
if str(RESTBENCH_TOOLS_DIR) not in sys.path:
    sys.path.insert(0, str(RESTBENCH_TOOLS_DIR))

from Search_person import Search_person
from Get_person_movie_credits import Get_person_movie_credits
from Get_movie_images import Get_movie_images

import traceback

# --- Constants ---
TARGET_PERSON_NAME = ""Christopher Nolan""
DIRECTOR_JOB_TITLE = ""Director""

def find_person_id(name):
    """"""
    Searches for a person by name and returns their ID.
    """"""
    try:
        response = Search_person(query=name)
        results = response.get(""results"", [])
        if not results:
            print(f""No person found with name: {name}"")
            return None
        
        # Return the first match's ID
        return results[0].get(""id"")
    except Exception as e:
        print(f""Error finding person ID: {e}"")
        return None

def get_directed_movies(person_id):
    """"""
    Retrieves a list of movies directed by the person.
    """"""
    try:
        credits = Get_person_movie_credits(person_id=person_id)
        crew = credits.get(""crew"", [])
        
        directed_movies = []
        for member in crew:
            # Use lenient comparison for the job title
            if member.get(""job"", """").strip().lower() == DIRECTOR_JOB_TITLE.lower():
                directed_movies.append(member)
        
        return directed_movies
    except Exception as e:
        print(f""Error getting movie credits: {e}"")
        return []

def fetch_movie_covers(movies_list):
    """"""
    Fetches cover images (posters) for a list of movies.
    """"""
    all_covers = []
    for movie in movies_list:
        movie_id = movie.get(""id"")
        movie_title = movie.get(""title"", ""Unknown Movie"")
        if movie_id is None:
            continue
            
        try:
            images_data = Get_movie_images(movie_id=movie_id)
            posters = images_data.get(""posters"", [])
            
            if posters:
                # Store the title and the first poster path as the cover
                all_covers.append({
                    ""title"": movie_title,
                    ""cover_path"": posters[0].get(""file_path"")
                })
            else:
                all_covers.append({
                    ""title"": movie_title,
                    ""cover_path"": None
                })
        except Exception as e:
            print(f""Error fetching images for movie {movie_title}: {e}"")
            
    return all_covers

def main():
    """"""
    Orchestrates the flow to find cover images of movies directed by Christopher Nolan.
    """"""
    # 1. Find the person ID
    person_id = find_person_id(TARGET_PERSON_NAME)
    if person_id is None:
        return

    # 2. Get movies where the person was the Director
    movies = get_directed_movies(person_id)
    if not movies:
        print(f""No movies found directed by {TARGET_PERSON_NAME}."")
        return

    # 3. Fetch cover images for those movies
    covers = fetch_movie_covers(movies)

    # 4. Output results
    print(f""Cover images for movies directed by {TARGET_PERSON_NAME}:"")
    print(""-"" * 50)
    for item in covers:
        title = item[""title""]
        path = item[""cover_path""]
        print(f""Movie: {title} | Cover Path: {path if path else 'No image available'}"")

if __name__ == ""__main__"":
    try:
        main()
    except Exception:
        traceback.print_exc(file=sys.stderr)",3,"[""Search_person"", ""Get_person_movie_credits"", ""Get_movie_images""]",1,"[""restbench tools""]","Cover images for movies directed by Christopher Nolan:
--------------------------------------------------
Movie: Tarantella | Cover Path: /eqFhruWEIRwjkvqgJN48VPuR50Q.jpg
Movie: Oppenheimer | Cover Path: /8Gxv8gSFCU0XGDykEGv7zR1n2ua.jpg
Movie: Cinema16: British Short Films | Cover Path: /iY1FDQM6taKwO7bG6YH09nE8NSs.jpg
Movie: Larceny | Cover Path: /jBWtTViwpr9xN6PWuzp8WlxTSXB.jpg
Movie: Dunkirk | Cover Path: /b4Oe15CGLL61Ped0RAS9JpqdmCt.jpg
Movie: Quay | Cover Path: /uluMeKfYFVvfZlmHgFBXqbnHXE2.jpg
Movie: Tenet | Cover Path: /tASJpacWyivVyRnUahaxT2cJg5L.jpg
Movie: Interstellar | Cover Path: /yQvGrMoipbRoddT0ZR8tPoR7NfX.jpg
Movie: Following | Cover Path: /3bX6VVSMf0dvzk5pMT4ALG5A92d.jpg
Movie: Cinema 16: European Short Films (U.S. Edition) | Cover Path: /rQ884232vYo3pbm0Ov1bCrMy6Zp.jpg
Movie: Inception | Cover Path: /tXQvtRWfkUUnWJAn2tN3jERIUG.jpg
Movie: Batman Begins | Cover Path: /olxE3239oOQGaSShbWLJs1NQXBe.jpg
Movie: Insomnia | Cover Path: /riVXh3EimGO0y5dgQxEWPRy5Itg.jpg
Movie: Memento | Cover Path: /fKTPH2WvH8nHTXeBYBVhawtRqtR.jpg
Movie: Doodlebug | Cover Path: /cXDFFv6yZNW3vUHOKKUPJNnL0So.jpg
Movie: The Prestige | Cover Path: /wiSuje8hdVuwM0pvhtSFirCHmJF.jpg
Movie: The Dark Knight | Cover Path: /qJ2tW6WMUDux911r6m7haRef0WH.jpg
Movie: The Dark Knight Rises | Cover Path: /hr0L2aueqlP2BYUblTTjmtn0hw4.jpg
Movie: The Odyssey | Cover Path: /5rhTDKUhPYvpdQIijFIs5VoWsON.jpg",,123.3664,0.0
"What are some common keywords associated with movie ""Titanic""?",1,1,3,4814,0,[],0,0,0,0,0,"import sys
from pathlib import Path
PROJECT_ROOT = Path(__file__).resolve().parents[1]
RESTBENCH_TOOLS_DIR = PROJECT_ROOT / 'restbench tools'
if str(RESTBENCH_TOOLS_DIR) not in sys.path:
    sys.path.insert(0, str(RESTBENCH_TOOLS_DIR))

from Search_movie import Search_movie
from Get_movie_keywords import Get_movie_keywords

import traceback

# --- Constants ---
TARGET_MOVIE_TITLE = ""Titanic""

def get_movie_id_by_title(title):
    """"""
    Searches for a movie by title and extracts the ID of the first result.
    """"""
    try:
        search_results = Search_movie(query=title)
        results = search_results.get(""results"", [])
        
        if not results:
            print(f""No movies found for title: {title}"")
            return None
        
        # Return the ID of the first result as the most likely match
        movie_id = results[0].get(""id"")
        return movie_id
    except Exception as e:
        print(f""Error while searching for movie '{title}': {e}"")
        return None

def get_keywords_for_movie(movie_id):
    """"""
    Fetches the list of keywords associated with a specific movie ID.
    """"""
    try:
        keyword_data = Get_movie_keywords(movie_id=movie_id)
        # Based on response_schema, keywords are in the 'keywords' array
        keywords = keyword_data.get(""keywords"", [])
        return keywords
    except Exception as e:
        print(f""Error while fetching keywords for movie ID {movie_id}: {e}"")
        return None

def main():
    """"""
    Orchestrates the process of finding a movie and retrieving its keywords.
    """"""
    # 1. Find the movie ID
    movie_id = get_movie_id_by_title(TARGET_MOVIE_TITLE)
    if movie_id is None:
        return

    # 2. Fetch the keywords
    keywords_list = get_keywords_for_movie(movie_id)
    if keywords_list is None:
        return

    # 3. Format and print the output
    if not keywords_list:
        print(f""No keywords found for the movie '{TARGET_MOVIE_TITLE}'."")
    else:
        print(f""Common keywords associated with the movie '{TARGET_MOVIE_TITLE}':"")
        for kw in keywords_list:
            # Extract 'name' from the keyword object as per response_schema
            print(f""- {kw.get('name')}"")

if __name__ == ""__main__"":
    try:
        main()
    except Exception:
        traceback.print_exc(file=sys.stderr)",2,"[""Search_movie"", ""Get_movie_keywords""]",1,"[""restbench tools""]","Common keywords associated with the movie 'Titanic':
- ship
- soulmates
- shipwreck
- atlantic ocean
- evacuation
- iceberg
- titanic
- forbidden love
- ocean liner
- based on true story
- rich woman poor man
- tragedy
- tragic love
- historical fiction
- class differences
- love affair
- historical event
- sinking ship
- rich snob
- tragic romance
- disaster movie
- 1910s",,84.6882,0.0
Give me a show that is currently on the air,1,1,3,4368,0,[],0,0,0,0,0,"import sys
from pathlib import Path
PROJECT_ROOT = Path(__file__).resolve().parents[1]
RESTBENCH_TOOLS_DIR = PROJECT_ROOT / 'restbench tools'
if str(RESTBENCH_TOOLS_DIR) not in sys.path:
    sys.path.insert(0, str(RESTBENCH_TOOLS_DIR))

from Get_on_the_air_tv import Get_on_the_air_tv

import traceback

# --- Constants ---
# No specific filters requested, but we will take the first available show
TOP_N_SHOWS = 1

def fetch_airing_shows():
    """"""
    Fetches the list of TV shows currently on the air using the API.
    Returns the results list from the response schema.
    """"""
    try:
        response = Get_on_the_air_tv()
        # Based on response_schema, the list of shows is under the 'results' key
        shows = response.get(""results"", [])
        return shows
    except Exception as e:
        print(f""Error occurred while fetching airing shows: {e}"")
        return []

def select_single_show(shows_list):
    """"""
    Selects a single show from the provided list.
    Returns the show object or None if the list is empty.
    """"""
    if not shows_list:
        return None
    
    # Return the first show as per the requirement to provide ""a show""
    return shows_list[0]

def main():
    """"""
    Orchestrates the process of finding and displaying a show currently on the air.
    """"""
    try:
        # 1. Fetch the list of shows on the air
        airing_shows = fetch_airing_shows()
        
        # 2. Select a single show from the list
        target_show = select_single_show(airing_shows)
        
        if target_show:
            # Extracting 'name' based on response_schema
            show_name = target_show.get(""name"", ""Unknown Name"")
            overview = target_show.get(""overview"", ""No overview available."")
            print(f""Here is a show that is currently on the air: {show_name}"")
            print(f""Overview: {overview}"")
        else:
            print(""No shows currently on the air were found."")
            
    except Exception:
        traceback.print_exc(file=sys.stderr)

if __name__ == ""__main__"":
    main()",1,"[""Get_on_the_air_tv""]",1,"[""restbench tools""]","Here is a show that is currently on the air: House of the Dragon
Overview: The Targaryen dynasty is at the absolute apex of its power, with more than 15 dragons under their yoke. Most empires crumble from such heights. In the case of the Targaryens, their slow fall begins when King Viserys breaks with a century of tradition by naming his daughter Rhaenyra heir to the Iron Throne. But when Viserys later fathers a son, the court is shocked when Rhaenyra retains her status as his heir, and seeds of division sow friction across the realm.",,73.3639,0.0
When is Clint Eastwood's latest movie scheduled to be released?,1,1,3,6663,0,[],0,0,0,0,0,"import sys
from pathlib import Path
PROJECT_ROOT = Path(__file__).resolve().parents[1]
RESTBENCH_TOOLS_DIR = PROJECT_ROOT / 'restbench tools'
if str(RESTBENCH_TOOLS_DIR) not in sys.path:
    sys.path.insert(0, str(RESTBENCH_TOOLS_DIR))

from Search_person import Search_person
from Get_person_movie_credits import Get_person_movie_credits
from Get_movie_release_dates import Get_movie_release_dates

import traceback

# --- Constants ---
TARGET_PERSON_NAME = ""Clint Eastwood""

def get_person_id_by_name(name):
    """"""
    Searches for a person by name and returns their unique ID.
    """"""
    try:
        response = Search_person(query=name)
        results = response.get(""results"", [])
        if not results:
            print(f""No results found for person: {name}"")
            return None
        
        # Find the best match (lenient comparison)
        for person in results:
            if name.lower() in person.get(""name"", """").lower():
                return person.get(""id"")
        
        # Fallback to first result if no strict match but results exist
        return results[0].get(""id"")
    except Exception as e:
        print(f""Error searching for person {name}: {e}"")
        return None

def get_latest_movie_id(person_id):
    """"""
    Retrieves movie credits for a person and identifies the movie with the latest release date.
    """"""
    try:
        credits = Get_person_movie_credits(person_id=person_id)
        # Combine cast and crew to find all movies the person was involved in
        all_movies = credits.get(""cast"", []) + credits.get(""crew"", [])
        
        if not all_movies:
            print(""No movie credits found for the person."")
            return None
        
        # Filter movies that have a release_date and sort them descending
        movies_with_dates = [m for m in all_movies if m.get(""release_date"")]
        if not movies_with_dates:
            print(""No movies with release dates found."")
            return None
            
        # Sort by release_date string (YYYY-MM-DD allows lexicographical sort)
        latest_movie = max(movies_with_dates, key=lambda x: x.get(""release_date""))
        return latest_movie.get(""id"")
    except Exception as e:
        print(f""Error retrieving latest movie for person ID {person_id}: {e}"")
        return None

def get_movie_release_date(movie_id):
    """"""
    Fetches the release dates for a specific movie and returns the most relevant date.
    """"""
    try:
        response = Get_movie_release_dates(movie_id=movie_id)
        results = response.get(""results"", [])
        
        if not results:
            print(f""No release date records found for movie ID {movie_id}."")
            return None
        
        # Collect all release dates across all countries
        all_dates = []
        for country_entry in results:
            dates_list = country_entry.get(""release_dates"", [])
            for date_obj in dates_list:
                date_val = date_obj.get(""release_date"")
                if date_val:
                    all_dates.append(date_val)
        
        if not all_dates:
            return None
            
        # Return the latest date found in the release dates list
        return max(all_dates)
    except Exception as e:
        print(f""Error retrieving release date for movie ID {movie_id}: {e}"")
        return None

def main():
    """"""
    Orchestrates the flow to find the release date of Clint Eastwood's latest movie.
    """"""
    try:
        # 1. Find Person ID
        person_id = get_person_id_by_name(TARGET_PERSON_NAME)
        if person_id is None:
            return

        # 2. Find Latest Movie ID
        movie_id = get_latest_movie_id(person_id)
        if movie_id is None:
            return

        # 3. Get Release Date
        release_date = get_movie_release_date(movie_id)
        
        if release_date:
            print(f""The latest movie for {TARGET_PERSON_NAME} is scheduled to be released on: {release_date}"")
        else:
            print(f""Could not find a release date for the latest movie of {TARGET_PERSON_NAME}."")

    except Exception:
        traceback.print_exc(file=sys.stderr)

if __name__ == ""__main__"":
    main()",3,"[""Search_person"", ""Get_person_movie_credits"", ""Get_movie_release_dates""]",1,"[""restbench tools""]",The latest movie for Clint Eastwood is scheduled to be released on: 2025-05-23T00:00:00.000Z,,112.2085,0.0
Give me some movie reviews about The Dark Knight,1,1,3,5211,0,[],0,0,0,0,0,"import sys
from pathlib import Path
PROJECT_ROOT = Path(__file__).resolve().parents[1]
RESTBENCH_TOOLS_DIR = PROJECT_ROOT / 'restbench tools'
if str(RESTBENCH_TOOLS_DIR) not in sys.path:
    sys.path.insert(0, str(RESTBENCH_TOOLS_DIR))

from Search_movie import Search_movie
from Get_movie_reviews import Get_movie_reviews

import traceback

# --- Constants ---
TARGET_MOVIE_TITLE = ""The Dark Knight""

def get_movie_id_by_title(title):
    """"""
    Searches for a movie by title and extracts the ID of the first result.
    """"""
    try:
        search_results = Search_movie(query=title)
        results = search_results.get(""results"", [])
        
        if not results:
            print(f""No movies found for title: {title}"")
            return None
        
        # Based on response_schema, the first item in 'results' contains the 'id'
        movie_id = results[0].get(""id"")
        return movie_id
    except Exception as e:
        print(f""Error while searching for movie {title}: {e}"")
        return None

def get_reviews_for_movie(movie_id):
    """"""
    Fetches user reviews for a specific movie ID.
    """"""
    try:
        reviews_data = Get_movie_reviews(movie_id=movie_id)
        # Based on response_schema, reviews are in the 'results' list
        return reviews_data.get(""results"", [])
    except Exception as e:
        print(f""Error while fetching reviews for movie ID {movie_id}: {e}"")
        return []

def orchestrate_movie_review_retrieval():
    """"""
    Main logic to find a movie and print its reviews.
    """"""
    # 1. Find the movie ID
    movie_id = get_movie_id_by_title(TARGET_MOVIE_TITLE)
    if movie_id is None:
        print(""Could not retrieve movie ID. Exiting."")
        return

    # 2. Fetch the reviews
    reviews = get_reviews_for_movie(movie_id)
    
    if not reviews:
        print(f""No reviews found for {TARGET_MOVIE_TITLE}."")
        return

    # 3. Format and print the output
    print(f""Reviews for {TARGET_MOVIE_TITLE}:"")
    print(""-"" * 40)
    for idx, review in enumerate(reviews, 1):
        author = review.get(""author"", ""Unknown Author"")
        content = review.get(""content"", ""No content available."")
        print(f""Review {idx} by {author}:"")
        print(f""{content}"")
        print(""-"" * 40)

if __name__ == ""__main__"":
    try:
        orchestrate_movie_review_retrieval()
    except Exception:
        traceback.print_exc(file=sys.stderr)",2,"[""Search_movie"", ""Get_movie_reviews""]",1,"[""restbench tools""]","Reviews for The Dark Knight:
----------------------------------------
Review 1 by tricksy:
Excellent movie. Best of the trilogy. Lovely music. Nolan is a genius. So is Heath Ledger.
----------------------------------------
Review 2 by talisencrw:
This has no competition. It is the very finest comic-book character movie ever made. Knowing the Burton, Donner and Nolan filmic adaptations of Batman and Superman exist helps me to sleep at night. They are Exhibit A of 'How to Make a Comic-Book Movie'. Nothing else has ever come even remotely close. These seven films (I include 'Superman II' because it was mostly Donner's work)--and Nolan's trilogy especially--are what I imagine a great director like Kubrick, Hitchcock or Kurosawa would have come up with, if they had ever been asked to make a Superman or Batman movie. They are the easiest for an audience to identify with because in these the scripts most approximate human emotions and the typical conundrums of the human experience--in short, are the closest, in a good way, they come to the complexities of the human condition. Peerless.
----------------------------------------
Review 3 by erickprieto:
Perhaps the best Batman movie of all times. I think that this Batman trilogy presents the well-known superhero history in an unexpected way with the capable to maintain on the edge of the chair all time.

**Heath Ledger** present an excellent impersonification of a psychopath.

All support roles are magnificent.

And Bruce Wayne role played by Christian Bale, shows a human being behind of the mask.
----------------------------------------
Review 4 by moubledian:
I used to leave a theatre after seeing a highly anticipated movie, specifically a sequel, and be so revved up about what I saw that I would declare that movie to be the best of a series. After each of the prequel ""Star Wars"" films, I rated that one the best, as good as any of the originals...for a time, until my opinion balanced out and I had a more well-rounded take. For that reason, I steer away from that mindset, and did for ""Dark Knight"".



Though my opinion is solidifying already after having seen a Warner Bros. screening last night, ""Dark Knight"" ably stands on its own with or without ""Batman Begins"". At a two and a half hour runtime, it's definitely an epic of a movie, but one that never runs out of gas. A delightful addition to this experience was a healthy amount of IMAX footage, which significantly adds to the feel of being on a personal, and gruesome, tour of Gotham City.



Christian Bale plays such a well rounded Batman and Bruce Wayne, qualities that none of those who have donned the cowl before him have pulled off. I still have to remember that Bale is British since he speaks with such a spot on American accent. Bale has a particular slurring lisp that serves him quite well, charmingly for Bruce Wayne and threateningly for Batman.



Countering him is the late Heath Ledger, who plays such a scary and creepy Joker that I found it impossible to NOT have chills half the time I saw him on screen. What really separates this brand of Joker from Jack Nicholson's portrayal is true unpredictability. It's obvious that, to be a good guy and think like the Joker, it really takes a toll, and it sure isn't easy. How exactly does one take him down when he's woven his harebrained plot around multiple hostages, explosives, or disappearing parlor tricks?



Initially, I was uneasy about how the character of Harvey Dent would be handled. In my mind, there was really only one faithful portrayal of him, and that could be found in the ""Batman"" animated series of the early 90s. As well as Tommy Lee Jones COULD have handled him in ""Batman Forever"", he certainly did not, though it still was a highlight of that movie. Aaron Eckhart ably assumes the mantle here, delivering a performance out of this world, easily on par with the Batman animated series.



Be it known, this caped avenger stands for the good of Gotham City that the police force and its counterparts can't represent, the good that has no jurisdiction, no procedures...and no rules, save for one. I can only hope that we've seen just the prelude to the Dark Knight's upcoming legendary battles with the worst of Gotham City's dark underside.



""The Dark Knight"" gets a solid 10 of 10 stars.



I used to leave a theatre after seeing a highly anticipated movie, specifically a sequel, and be so revved up about what I saw that I would declare that movie to be the best of a series. After each of the prequel ""Star Wars"" films, I rated that one the best, as good as any of the originals...for a time, until my opinion balanced out and I had a more well-rounded take. For that reason, I steer away from that mindset, and did for ""Dark Knight"".



Though my opinion is solidifying already after having seen a Warner Bros. screening last night, ""Dark Knight"" ably stands on its own with or without ""Batman Begins"". At a two and a half hour runtime, it's definitely an epic of a movie, but one that never runs out of gas. A delightful addition to this experience was a healthy amount of IMAX footage, which significantly adds to the feel of being on a personal, and gruesome, tour of Gotham City.



Christian Bale plays such a well rounded Batman and Bruce Wayne, qualities that none of those who have donned the cowl before him have pulled off. I still have to remember that Bale is British since he speaks with such a spot on American accent. Bale has a particular slurring lisp that serves him quite well, charmingly for Bruce Wayne and threateningly for Batman.



Countering him is the late Heath Ledger, who plays such a scary and creepy Joker that I found it impossible to NOT have chills half the time I saw him on screen. What really separates this brand of Joker from Jack Nicholson's portrayal is true unpredictability. It's obvious that, to be a good guy and think like the Joker, it really takes a toll, and it sure isn't easy. How exactly does one take him down when he's woven his harebrained plot around multiple hostages, explosives, or disappearing parlor tricks?



Initially, I was uneasy about how the character of Harvey Dent would be handled. In my mind, there was really only one faithful portrayal of him, and that could be found in the ""Batman"" animated series of the early 90s. As well as Tommy Lee Jones COULD have handled him in ""Batman Forever"", he certainly did not, though it still was a highlight of that movie. Aaron Eckhart ably assumes the mantle here, delivering a performance out of this world, easily on par with the Batman animated series.



Be it known, this caped avenger stands for the good of Gotham City that the police force and its counterparts can't represent, the good that has no jurisdiction, no procedures...and no rules, save for one. I can only hope that we've seen just the prelude to the Dark Knight's upcoming legendary battles with the worst of Gotham City's dark underside.



""The Dark Knight"" gets a solid 10 of 10 stars.



I used to leave a theatre after seeing a highly anticipated movie, specifically a sequel, and be so revved up about what I saw that I would declare that movie to be the best of a series. After each of the prequel ""Star Wars"" films, I rated that one the best, as good as any of the originals...for a time, until my opinion balanced out and I had a more well-rounded take. For that reason, I steer away from that mindset, and did for ""Dark Knight"".



Though my opinion is solidifying already after having seen a Warner Bros. screening last night, ""Dark Knight"" ably stands on its own with or without ""Batman Begins"". At a two and a half hour runtime, it's definitely an epic of a movie, but one that never runs out of gas. A delightful addition to this experience was a healthy amount of IMAX footage, which significantly adds to the feel of being on a personal, and gruesome, tour of Gotham City.



Christian Bale plays such a well rounded Batman and Bruce Wayne, qualities that none of those who have donned the cowl before him have pulled off. I still have to remember that Bale is British since he speaks with such a spot on American accent. Bale has a particular slurring lisp that serves him quite well, charmingly for Bruce Wayne and threateningly for Batman.



Countering him is the late Heath Ledger, who plays such a scary and creepy Joker that I found it impossible to NOT have chills half the time I saw him on screen. What really separates this brand of Joker from Jack Nicholson's portrayal is true unpredictability. It's obvious that, to be a good guy and think like the Joker, it really takes a toll, and it sure isn't easy. How exactly does one take him down when he's woven his harebrained plot around multiple hostages, explosives, or disappearing parlor tricks?



Initially, I was uneasy about how the character of Harvey Dent would be handled. In my mind, there was really only one faithful portrayal of him, and that could be found in the ""Batman"" animated series of the early 90s. As well as Tommy Lee Jones COULD have handled him in ""Batman Forever"", he certainly did not, though it still was a highlight of that movie. Aaron Eckhart ably assumes the mantle here, delivering a performance out of this world, easily on par with the Batman animated series.



Be it known, this caped avenger stands for the good of Gotham City that the police force and its counterparts can't represent, the good that has no jurisdiction, no procedures...and no rules, save for one. I can only hope that we've seen just the prelude to the Dark Knight's upcoming legendary battles with the worst of Gotham City's dark underside.



""The Dark Knight"" gets a solid 10 of 10 stars.
----------------------------------------
Review 5 by tmdb22590444:
One of the best movies of all time. Christopher Nolan has brought us the Batman trilogy that it made it feel it could happen today. Christian Bale returns as Batman, was able to perform as wonderfully as he did in Batman Begins. The one person that ultimately stole the show had to be the late Heath Ledger who played as the Joker. His performance as a psychotic clown terrorizing Gotham City was one of the best performance as a superhero villain. One of the best parts of the Joker was when he was telling his victims on how “he got his scars?”. Another great part was when he kidnapped a police officer and he was recording it while scaring the man and also giving a warning to Batman. The supporting actor and actresses did a good job of delivering the story. I was disappointed that Katie Holmes did not return as Rachael Dawes but the actress how played as her Maggie Gyllenhaal did a really good job. One of the best parts of Christopher Nolan is that in every movie of his, the cinematography would look amazing and this movie is no exception.
----------------------------------------
Review 6 by tmdb79614358:
A Masterpiece!!! I Love how The Dark Knight shows to me the ""Dark & Gritty Tone"". Overall, Nolan give us the Game changing, best superhero film OF ALL TIME. For me it's 10/10
----------------------------------------
Review 7 by EDSR:
A sickening, borderline fascist film that is simultaneously dull and harmful. The editing represents that of an anti-pirate commercial and the politics are beyond reprehensible. The film ends with a monologue about how violent law-enforcement and brutality is what the country needs, but does not deserve. Nolan clearly did not intend for any subtext, yet that is not an excuse, if anything, that makes it worse. He includes these scenes to make the film more dark and edgy, yet there are people, from suppressed countries, who have to live through the hardships of violence from law-enforcers and dictatorship every day, and in his obliviousness, Nolan thinks that using this in a superhero film is a good excuse for self-importance. He is a war profiteer, and exploiter, and this is nothing short of disgusting.
----------------------------------------
Review 8 by AstroNoud:
Unforgettable crime film with good dialogue, thrilling action and chase scenes and once again a magnificent cast (most notably a terrifically terrifying Ledger) and superb score.



10/10
----------------------------------------
Review 9 by CinemaSerf:
Heath Ledger is outstanding in this follow up to the 2006 ""Batman Begins"" outing for the caped crusader. His portrayal of the malevolent ""Joker' is confident and highly entertaining, treading a fine line between supreme intellect and total insanity with considerable aplomb. He comes back to terrorise ""Gotham"" after ""Batman"" (Christian Bale), ""Gordon"" (Gary Oldman) - now Commissioner in charge of the police force, and newly installed District Attorney ""Dent"" (Aaron Eckhart) had made progress getting the criminals off the street. The ""Joker"", meantime, decides that the best strategy is to rob the mob - and pitching them all against each other, and with the help of the duplicitous ""Lau"" (Chin Han) manages to secure enough of their funds to initiate a campaign of lawlessness that is ruthless, manipulative and good fun to watch. Not only has the man in black his new, potent, nemesis to deal with - but he also begins to realise that his childhood sweetheart ""Rachel"" (this time Maggie Gyllenhaal) is drifting into the arms of the new DA. it is also pretty clear that they are both now proving to be an useful additional weapon in the armoury of his enemy who knows, increasingly, which buttons to press to cause maximum anxiety among those who would bring him down. It's over 2½ hours long, but really does fly by as the quickly paced action really does kick in right from the start. The story is dark and gritty but the pace isn't ponderous and moody - Ledger exudes a sense of peril throughout the whole thing, but that has an edge to it - a sophistication that plays well against the flawed superhero who is increasingly having to identify and cope with his own demons. Sir Michael Caine pops up now and again as his shrewd butler ""Alfred"", always striving to keep his boss on the right side of sanity, and Morgan Freeman continues to feature (sparingly) and his quartermaster. On that latter front, there are loads of new gadgets that still have that element of plausibility to them (no super-powers!). On balance I think I still preferred the first film, but as sequels go - this takes, and will take, some beating. On a big screen in a packed cinema, it's just a great experience.
----------------------------------------
Review 10 by The Movie Mob:
**Overall : A cinematic marvel and once-in-a-decade masterpiece.**



This isn't simply a superhero movie or a Christopher Nolan film. The Dark Knight is a masterpiece. A perfect film. An epic scale with magnificent action pieces, oscar-winning performances, incredible writing, excellent pacing, dazzling special effects, and the list goes on and on, including the set design, costumes, and more. But, Christopher Nolan did more than make the greatest superhero movie of all time. He made one of the greatest movies of all time! All this is elevated further by Heath Ledger's once-in-a-lifetime portrayal of the Joker. Ledger was born for this role with a performance in league with Anthony Hopkins' Hannibal Lecter or Val Kilmer's Doc Holliday.
----------------------------------------
Review 11 by drystyx:
Even worse than Tim Burton's Batman, although obviously copying the neo Nazi ideology of ""kill all the brunettes you can in a movie"".

This is so predictable and so poorly written that it boggles the mind. Yet there is a fan base of what can only be described as neo Nazis. I guess those fans were poor cuckolds who got jilted by too many brunettes at a young age, and they couldn't get over it.

That's about the entire story here. Oh, the Joker kills anything he sees. Whoopee. And he's invulnerable. And he's a demigod who can only be beaten by another demigod.

So, we've got traditional mundane Greek heroes and villains here, just like most Hollywood movies.

Unfortunately, the fans of these traditional Hollywood movies are the loudest people on Earth, and the biggest control freaks. It's ridiculous to believe there are actually this big a percentage of fans for this kind of depressing Hollywood formula movie making, but if you look at Imdb's top 250, you see such movies make up over half of the top 250. Are they voted up because control freaks vote more than non control freaks? Or are they voted up because control freaks use many fake user names? Probably both, which explains why over half of the top 250 are nothing more than Greek traditional idolizations of control freaks.

Oh, and Batman turns totally gay, which would be okay if he'd admit it, but he's given the choice of saving a man from death or a hot woman from death, and he chooses to save the man. This isn't any real Batman. It's just another contrived story line for the Nolan Nazi merit badge. They are not even subtle. They bang you over the head with their worship of Adolf and Eva. 

God help the world if this garbage still has a fan base fifty years from now. But it could happen. We may have drug addicts and meth heads around for even longer than that, praising the hate and feeding the hate. It would be nice if someone made a real Batman movie with a real story line involving some degree of motivation.
----------------------------------------
Review 12 by Andre Gonzales:
I enjoyed watching the Dark Knight. They were at least able to keep the same batman from the the last one made too.
----------------------------------------
Review 13 by James:
If I can hold my pee for a whole two and a half hours rewatching a film I’ve already seen then I love it.
----------------------------------------
Review 14 by maxim:
I'm deeply in romantical love with the joker. this movie made my delusions worse
----------------------------------------
Review 15 by RalphRahal:
The Dark Knight (2008), directed by Christopher Nolan, isn’t just another superhero film—it’s a gripping piece of cinema that balances action, emotion, and a deep exploration of morality and chaos. It’s the kind of movie that lingers with you, not because of its spectacle, but because of the questions it asks and the unforgettable performances it delivers. Chief among those is Heath Ledger’s Joker, a portrayal that reshaped how we see villains.



Ledger’s performance as the Joker is nothing short of extraordinary. He’s chaotic and unpredictable, yet his presence is magnetic—every moment he’s on screen feels alive with tension. From his unsettling voice to his haunting laugh, he created a character that’s terrifyingly human yet larger than life. Ledger didn’t just act the part; he became the Joker, and it’s a performance that still sends chills down your spine. It’s no wonder he was awarded a posthumous Oscar—this wasn’t just a role; it was a transformation.



Christian Bale continues to bring depth to Bruce Wayne, exploring his inner conflict and the weight of his decisions as Gotham’s protector. Aaron Eckhart as Harvey Dent adds a tragic layer to the story, showing how even the noblest intentions can be corrupted. Gary Oldman, Michael Caine, and Morgan Freeman bring warmth and stability to a world teetering on the edge of chaos.



What really sets The Dark Knight apart, though, is Nolan’s storytelling. He doesn’t just focus on action—though the film has some of the most intense sequences you’ll see—but on creating a story that makes you think. The way it explores the fragile balance between order and chaos, the cost of heroism, and the power of fear, makes it a deeply compelling watch. Add to that the breathtaking visuals and Hans Zimmer’s score, which pulses with urgency, and you’ve got a film that’s as thrilling as it is thought-provoking.



Here’s a fun tidbit: Ledger’s iconic scene where he claps in the jail cell was entirely unscripted. It’s one of those moments that perfectly captures the Joker’s unsettling genius, and it’s all thanks to Ledger’s improvisation.



The Dark Knight is a film that deserves all the praise it gets. It’s intense, thoughtful, and unforgettable, with Heath Ledger delivering one of the most iconic performances of all time. If you haven’t seen it yet—or even if you have—it’s a movie that’s always worth revisiting.
----------------------------------------
Review 16 by anishmystery:
Christopher Nolan's The Dark Knight is a masterclass in storytelling, tension, and character depth. Anchored by Heath Ledger's haunting and unforgettable performance as the Joker, the film transcends the superhero genre to become a gripping crime thriller. Christian Bale returns as a conflicted Bruce Wayne, navigating the moral complexities of justice in a city on the brink of chaos. With a tight script, stunning visuals, and Hans Zimmer's iconic score, The Dark Knight is not just a great Batman film-it's one of the best films of the 21st century.
----------------------------------------",,34.5919,0.0
What are some movies that are similar to one of the movies directed by Francis Ford Coppola?,1,1,4,6906,0,[],0,0,0,0,0,"import sys
from pathlib import Path
PROJECT_ROOT = Path(__file__).resolve().parents[1]
RESTBENCH_TOOLS_DIR = PROJECT_ROOT / 'restbench tools'
if str(RESTBENCH_TOOLS_DIR) not in sys.path:
    sys.path.insert(0, str(RESTBENCH_TOOLS_DIR))

from Search_person import Search_person
from Get_person_movie_credits import Get_person_movie_credits
from Get_movie_similar import Get_movie_similar

import traceback

# --- Constants ---
DIRECTOR_NAME = ""Francis Ford Coppola""
JOB_TITLE_DIRECTOR = ""Director""

def fetch_director_id(name):
    """"""
    Searches for a person by name and returns their ID.
    """"""
    try:
        response = Search_person(query=name)
        results = response.get(""results"", [])
        if not results:
            print(f""No person found with name: {name}"")
            return None
        
        # Return the first match's ID
        return results[0].get(""id"")
    except Exception as e:
        print(f""Error fetching director ID: {e}"")
        return None

def fetch_directed_movies(person_id):
    """"""
    Retrieves movies where the person was the Director.
    """"""
    try:
        credits = Get_person_movie_credits(person_id=person_id)
        crew = credits.get(""crew"", [])
        
        # Filter crew to find movies where the job is 'Director'
        directed_movies = [
            movie for movie in crew 
            if movie.get(""job"", """").lower() == JOB_TITLE_DIRECTOR.lower()
        ]
        return directed_movies
    except Exception as e:
        print(f""Error fetching movie credits: {e}"")
        return []

def fetch_similar_movies(movie_id):
    """"""
    Retrieves a list of movies similar to the given movie ID.
    """"""
    try:
        response = Get_movie_similar(movie_id=movie_id)
        return response.get(""results"", [])
    except Exception as e:
        print(f""Error fetching similar movies: {e}"")
        return []

def orchestrate_similar_movies_search():
    """"""
    Main logic to find movies similar to one directed by the target director.
    """"""
    # 1. Get Director ID
    director_id = fetch_director_id(DIRECTOR_NAME)
    if director_id is None:
        return

    # 2. Get movies directed by this person
    directed_movies = fetch_directed_movies(director_id)
    if not directed_movies:
        print(f""No movies found directed by {DIRECTOR_NAME}."")
        return

    # 3. Select the first movie from the list as the target
    target_movie = directed_movies[0]
    target_movie_id = target_movie.get(""id"")
    target_movie_title = target_movie.get(""title"")
    
    print(f""Target Movie: {target_movie_title} (ID: {target_movie_id})"")

    # 4. Get similar movies
    similar_movies = fetch_similar_movies(target_movie_id)
    
    if not similar_movies:
        print(""No similar movies found."")
        return

    print(f""\nMovies similar to '{target_movie_title}':"")
    for idx, movie in enumerate(similar_movies, 1):
        title = movie.get(""title"")
        release = movie.get(""release_date"", ""Unknown date"")
        print(f""{idx}. {title} (Released: {release})"")

if __name__ == ""__main__"":
    try:
        orchestrate_similar_movies_search()
    except Exception:
        traceback.print_exc(file=sys.stderr)",3,"[""Search_person"", ""Get_person_movie_credits"", ""Get_movie_similar""]",1,"[""restbench tools""]","Target Movie: Apocalypse Now (ID: 28)

Movies similar to 'Apocalypse Now':
1. Flower and Sword (Released: 2017-06-03)
2. The Child in Time (Released: 2018-07-05)
3. Bathory: Countess of Blood (Released: 2008-07-10)
4. How to Forget You (Released: 2025-01-17)
5. Missing in Action (Released: 1984-11-16)
6. Wild Field (Released: 1979-04-30)
7. Persuasion (Released: 1995-05-01)
8. The Object of My Affection (Released: 1998-04-17)
9. Bigga Than Ben (Released: 2008-07-24)
10. Human Blood Is Thicker than Water (Released: 1960-09-01)
11. Lady Chatterley's Lover (Released: 2022-11-22)
12. Show Boat (Released: 1951-07-19)
13. A Tale of Two Cities (Released: 1935-12-25)
14. Veliká stavba (Released: 1993-09-16)
15. Oliver! (Released: 1968-09-26)
16. Iron & Blood: The Legend of Taras Bulba (Released: 2009-04-02)
17. Torment (Released: 1994-02-16)
18. A Christmas Carol (Released: 2009-11-04)
19. Leave Her to Heaven (Released: 1945-12-25)
20. The Queen's Necklace (Released: 1929-10-21)",,164.2694,0.0
Who is the lead actor in the latest released movie?,0,0,3,5678,0,[],0,0,0,0,0,"import sys
from pathlib import Path
PROJECT_ROOT = Path(__file__).resolve().parents[1]
RESTBENCH_TOOLS_DIR = PROJECT_ROOT / 'restbench tools'
if str(RESTBENCH_TOOLS_DIR) not in sys.path:
    sys.path.insert(0, str(RESTBENCH_TOOLS_DIR))

from Get_latest_movie import Get_latest_movie
from Get_movie_credits import Get_movie_credits

import traceback

# Constants
# No specific platforms or tags required for these API calls, 
# but we define the target index for the lead actor as per industry standard (order 0).
LEAD_ACTOR_INDEX = 0

def fetch_latest_movie_id():
    """"""
    Retrieves the ID of the latest released movie.
    """"""
    try:
        movie_data = Get_latest_movie()
        # Schema grounding: 'id' is a required property of the response
        movie_id = movie_data.get(""id"")
        if movie_id is None:
            print(""Error: Latest movie ID not found in API response."")
            return None
        return movie_id
    except Exception as e:
        print(f""Error while fetching latest movie: {e}"")
        return None

def fetch_lead_actor_name(movie_id):
    """"""
    Retrieves the name of the lead actor for a given movie ID.
    """"""
    try:
        credits_data = Get_movie_credits(movie_id)
        # Schema grounding: 'cast' is a required array of objects
        cast = credits_data.get(""cast"", [])
        
        if not cast:
            print(""No cast information available for this movie."")
            return None
        
        # The lead actor is typically the first person in the cast list (order 0)
        lead_actor_info = cast[LEAD_ACTOR_INDEX]
        # Schema grounding: 'name' is a required property of the cast item
        lead_actor_name = lead_actor_info.get(""name"")
        
        return lead_actor_name
    except Exception as e:
        print(f""Error while fetching lead actor: {e}"")
        return None

def main():
    """"""
    Orchestrates the process of finding the lead actor of the latest movie.
    """"""
    try:
        # Step 1: Get the latest movie ID
        movie_id = fetch_latest_movie_id()
        if movie_id is None:
            return

        # Step 2: Get the lead actor for that movie
        lead_actor = fetch_lead_actor_name(movie_id)
        
        if lead_actor:
            print(f""The lead actor in the latest released movie is: {lead_actor}"")
        else:
            print(""Could not determine the lead actor."")
            
    except Exception:
        traceback.print_exc(file=sys.stderr)

if __name__ == ""__main__"":
    main()",2,"[""Get_latest_movie"", ""Get_movie_credits""]",1,"[""restbench tools""]","No cast information available for this movie.
Could not determine the lead actor.",,190.0462,0.0
give me one image of the movie that is currently showing in theaters,1,1,3,5927,0,[],0,0,0,0,0,"import sys
from pathlib import Path
PROJECT_ROOT = Path(__file__).resolve().parents[1]
RESTBENCH_TOOLS_DIR = PROJECT_ROOT / 'restbench tools'
if str(RESTBENCH_TOOLS_DIR) not in sys.path:
    sys.path.insert(0, str(RESTBENCH_TOOLS_DIR))

from Get_now_playing_movies import Get_now_playing_movies
from Get_movie_images import Get_movie_images

import traceback

# --- Constants ---
# No specific region requested, using None for global/default
REGION = None
# User wants ""one image"", so we target the first available result
IMAGE_LIMIT = 1

def fetch_now_playing_movies():
    """"""
    Retrieves the list of movies currently playing in theaters.
    """"""
    try:
        # API call based on API_calling_code: Get_now_playing_movies(region=None)
        response = Get_now_playing_movies(region=REGION)
        # Schema grounding: results is the array of movie objects
        return response.get(""results"", [])
    except Exception as e:
        print(f""Error fetching now playing movies: {e}"")
        return []

def fetch_movie_image_path(movie_id):
    """"""
    Retrieves images for a specific movie and returns the first available image path.
    """"""
    try:
        # API call based on API_calling_code: Get_movie_images(movie_id)
        response = Get_movie_images(movie_id=movie_id)
        
        # Schema grounding: response contains 'posters', 'backdrops', and 'logos'
        # We prioritize posters, then backdrops, then logos
        for category in [""posters"", ""backdrops"", ""logos""]:
            images = response.get(category, [])
            if images and len(images) > 0:
                # Schema grounding: each image object has 'file_path'
                return images[0].get(""file_path"")
        
        return None
    except Exception as e:
        print(f""Error fetching images for movie ID {movie_id}: {e}"")
        return None

def orchestrate_movie_image_retrieval():
    """"""
    Main logic to find a movie currently in theaters and get one image of it.
    """"""
    # 1. Get movies currently playing
    movies = fetch_now_playing_movies()
    if not movies:
        print(""No movies currently playing were found."")
        return

    # 2. Select the first movie from the list
    target_movie = movies[0]
    movie_title = target_movie.get(""title"", ""Unknown Title"")
    movie_id = target_movie.get(""id"")

    if movie_id is None:
        print(""Could not retrieve a valid movie ID."")
        return

    # 3. Get an image for that movie
    image_path = fetch_movie_image_path(movie_id)

    if image_path:
        print(f""Movie: {movie_title}"")
        print(f""Image Path: {image_path}"")
    else:
        print(f""No images found for movie: {movie_title}"")

if __name__ == ""__main__"":
    try:
        orchestrate_movie_image_retrieval()
    except Exception:
        traceback.print_exc(file=sys.stderr)",2,"[""Get_now_playing_movies"", ""Get_movie_images""]",1,"[""restbench tools""]","Movie: Disclosure Day
Image Path: /AnJ8IQJI23hNpYXVNaythu061Ru.jpg",,121.7838,0.0
What is the most popular movie right now and what is its keywords?,1,1,3,4954,0,[],0,0,0,0,0,"import sys
from pathlib import Path
PROJECT_ROOT = Path(__file__).resolve().parents[1]
RESTBENCH_TOOLS_DIR = PROJECT_ROOT / 'restbench tools'
if str(RESTBENCH_TOOLS_DIR) not in sys.path:
    sys.path.insert(0, str(RESTBENCH_TOOLS_DIR))

from Get_popular_movie import Get_popular_movie
from Get_movie_keywords import Get_movie_keywords

import traceback

# Constants
TOP_MOVIE_INDEX = 0

def fetch_most_popular_movie():
    """"""
    Retrieves the list of popular movies and returns the most popular one.
    """"""
    try:
        data = Get_popular_movie()
        results = data.get(""results"", [])
        if not results:
            return None
        # Return the first movie in the popularity-ordered list
        return results[TOP_MOVIE_INDEX]
    except Exception as e:
        print(f""Error fetching popular movies: {e}"")
        return None

def fetch_movie_keywords(movie_details):
    """"""
    Retrieves keywords for a specific movie based on its ID.
    """"""
    if not movie_details:
        return None
    
    try:
        # Extract 'id' verbatim from response_schema
        movie_id = movie_details.get(""id"")
        if movie_id is None:
            return None
            
        data = Get_movie_keywords(movie_id)
        # Extract 'keywords' verbatim from response_schema
        return data.get(""keywords"", [])
    except Exception as e:
        print(f""Error fetching movie keywords: {e}"")
        return None

def orchestrate_movie_info():
    """"""
    Main logic to find the most popular movie and its associated keywords.
    """"""
    # 1. Get the most popular movie
    top_movie = fetch_most_popular_movie()
    if not top_movie:
        print(""Could not retrieve popular movies."")
        return

    movie_title = top_movie.get(""title"", ""Unknown Title"")
    movie_id = top_movie.get(""id"")

    # 2. Get keywords for that movie
    keywords_list = fetch_movie_keywords(top_movie)
    
    # 3. Format and print the output
    print(f""The most popular movie right now is: {movie_title} (ID: {movie_id})"")
    
    if keywords_list:
        # Extract 'name' from each keyword object in the list
        names = [kw.get(""name"") for kw in keywords_list if kw.get(""name"")]
        print(f""Keywords: {', '.join(names)}"")
    else:
        print(""No keywords found for this movie."")

if __name__ == ""__main__"":
    try:
        orchestrate_movie_info()
    except Exception:
        traceback.print_exc(file=sys.stderr)",2,"[""Get_popular_movie"", ""Get_movie_keywords""]",1,"[""restbench tools""]","The most popular movie right now is: Disclosure Day (ID: 1275779)
Keywords: new york city, childhood trauma, alien, on the run, kansas city, mind reading, alien invasion, meteorologist, whistleblower, conspiracy thriller",,41.3114,0.0
What are the keywords of the most popular movie right now,1,1,6,10038,1,"[""code_repair""]",2,4951,0,1,1,"import sys
from pathlib import Path
PROJECT_ROOT = Path(__file__).resolve().parents[1]
RESTBENCH_TOOLS_DIR = PROJECT_ROOT / 'restbench tools'
if str(RESTBENCH_TOOLS_DIR) not in sys.path:
    sys.path.insert(0, str(RESTBENCH_TOOLS_DIR))

from Get_popular_movie import Get_popular_movie
from Get_movie_keywords import Get_movie_keywords

import traceback

# API functions are provided as black boxes; we call them directly.
# Note: Per C7, we do not redefine them.

def fetch_most_popular_movie_id():
    """"""
    Retrieves the ID of the most popular movie from the popular movies list.
    """"""
    data = Get_popular_movie()
    # Schema grounding: 'results' is the array of movies
    results = data.get(""results"", [])
    if not results:
        raise Exception(""No popular movies found."")
    
    # Get the first movie in the list based on TOP_MOVIE_INDEX
    top_movie = results[TOP_MOVIE_INDEX]
    # Schema grounding: 'id' is the movie ID
    movie_id = top_movie.get(""id"")
    if movie_id is None:
        raise Exception(""Movie ID not found in results."")
        
    return movie_id

def fetch_movie_keywords(movie_id):
    """"""
    Retrieves the keywords associated with a specific movie ID.
    """"""
    if movie_id is None:
        raise Exception(""movie_id is required."")
    
    data = Get_movie_keywords(movie_id)
    # Schema grounding: 'keywords' is the array of keyword objects
    keywords_list = data.get(""keywords"", [])
    
    # Extract the 'name' field from each keyword object
    keyword_names = [kw.get(""name"") for kw in keywords_list if kw.get(""name"")]
    return keyword_names

def main():
    """"""
    Orchestrates the process of finding the most popular movie and its keywords.
    """"""
    # C2: Task parameters hardcoded as named constants
    TOP_MOVIE_INDEX = 0

    try:
        # Step 1: Get the ID of the most popular movie
        # Fixed NameError: calling the correctly named function
        movie_id = fetch_most_popular_movie_id()
        
        # Step 2: Get keywords for that movie
        keywords = fetch_movie_keywords(movie_id)
        
        if keywords:
            print(f""Keywords for the most popular movie: {', '.join(keywords)}"")
        else:
            print(""No keywords found for the most popular movie."")
            
    except Exception:
        traceback.print_exc(file=sys.stderr)

if __name__ == ""__main__"":
    # To ensure TOP_MOVIE_INDEX is accessible to the helper function if not passed
    # we define it globally or pass it. For minimal change, we'll define it globally.
    TOP_MOVIE_INDEX = 0
    main()",2,"[""Get_popular_movie"", ""Get_movie_keywords""]",1,"[""restbench tools""]","Keywords for the most popular movie: new york city, childhood trauma, alien, on the run, kansas city, mind reading, alien invasion, meteorologist, whistleblower, conspiracy thriller",,241.4156,40.7894
"Who has starred in a movie ""Titanic""",1,1,3,5543,0,[],0,0,0,0,0,"import sys
from pathlib import Path
PROJECT_ROOT = Path(__file__).resolve().parents[1]
RESTBENCH_TOOLS_DIR = PROJECT_ROOT / 'restbench tools'
if str(RESTBENCH_TOOLS_DIR) not in sys.path:
    sys.path.insert(0, str(RESTBENCH_TOOLS_DIR))

from Search_movie import Search_movie
from Get_movie_credits import Get_movie_credits

import traceback

# --- Constants ---
TARGET_MOVIE_TITLE = ""Titanic""

def find_movie_id(movie_title):
    """"""
    Searches for a movie by title and returns the ID of the first result.
    """"""
    try:
        # API call to Search_movie
        # response_schema: { ""results"": [ { ""id"": integer, ""title"": string, ... }, ... ], ... }
        search_results = Search_movie(query=movie_title)
        
        results = search_results.get(""results"", [])
        if not results:
            print(f""No movies found matching title: {movie_title}"")
            return None
        
        # Return the ID of the first result
        return results[0].get(""id"")
    except Exception as e:
        print(f""Error occurred while searching for movie '{movie_title}': {e}"")
        return None

def get_movie_cast(movie_id):
    """"""
    Retrieves the cast list for a given movie ID.
    """"""
    try:
        # API call to Get_movie_credits
        # response_schema: { ""cast"": [ { ""name"": string, ""character"": string, ... }, ... ], ... }
        credits_data = Get_movie_credits(movie_id=movie_id)
        
        cast_list = credits_data.get(""cast"", [])
        return cast_list
    except Exception as e:
        print(f""Error occurred while fetching credits for movie ID {movie_id}: {e}"")
        return None

def orchestrate_movie_cast_lookup():
    """"""
    Main logic to find who starred in the target movie.
    """"""
    movie_id = find_movie_id(TARGET_MOVIE_TITLE)
    if movie_id is None:
        return

    cast = get_movie_cast(movie_id)
    if cast is None:
        return

    if not cast:
        print(f""No cast information found for movie '{TARGET_MOVIE_TITLE}'."")
        return

    print(f""Cast members who starred in '{TARGET_MOVIE_TITLE}':"")
    for member in cast:
        name = member.get(""name"")
        character = member.get(""character"")
        print(f""- {name} as {character}"")

if __name__ == ""__main__"":
    try:
        orchestrate_movie_cast_lookup()
    except Exception:
        traceback.print_exc(file=sys.stderr)",2,"[""Search_movie"", ""Get_movie_credits""]",1,"[""restbench tools""]","Cast members who starred in 'Titanic':
- Leonardo DiCaprio as Jack Dawson
- Kate Winslet as Rose DeWitt Bukater
- Billy Zane as Cal Hockley
- Kathy Bates as Molly Brown
- Frances Fisher as Ruth DeWitt Bukater
- Gloria Stuart as Old Rose
- Bill Paxton as Brock Lovett
- Bernard Hill as Captain Smith
- David Warner as Spicer Lovejoy
- Victor Garber as Thomas Andrews
- Jonathan Hyde as Bruce Ismay
- Suzy Amis as Lizzy Calvert
- Lewis Abernathy as Lewis Bodine
- Nicholas Cascone as Bobby Buell
- Anatoly M. Sagalevitch as Anatoly Milkailavich
- Danny Nucci as Fabrizio
- Jason Barry as Tommy Ryan
- Ewan Stewart as 1st Officer Murdoch
- Ioan Gruffudd as Fifth Officer Lowe
- Jonny Phillips as 2nd Officer Lightoller
- Mark Lindsay Chapman as Chief Officer Wilde
- Richard Graham as Quartermaster Rowe
- Paul Brightwell as Quartermaster Hichens
- Ron Donachie as Master at Arms
- Eric Braeden as John Jacob Astor
- Charlotte Chatton as Madeleine Astor
- Bernard Fox as Col. Archibald Gracie
- Michael Ensign as Benjamin Guggenheim
- Fannie Brett as Madame Aubert
- Jenette Goldstein as Irish Mommy
- Camilla Overbye Roos as Helga Dahl
- Linda Kerns as 3rd Class Woman
- Amy Gaipa as Trudy Bolt
- Martin Jarvis as Sir Duff Gordon
- Rosalind Ayres as Lady Duff Gordon
- Rochelle Rose as Countess of Rothes
- Jonathan Evans-Jones as Wallace Hartley
- Brian Walsh as Irish Man
- Rocky Taylor as Bert Cartmell
- Alexandrea Owens as Cora Cartmell
- Simon Crane as 4th Officer Boxhall
- Edward Fletcher as 6th Officer Moody
- Scott G. Anderson as Frederick Fleet
- Martin East as Lookout Lee
- Craig Kelly as Harold Bride
- Gregory Cooke as Jack Phillips
- Liam Tuohy as Chief Baker Joughin
- James Lancaster as Father Byles
- Elsa Raven as Ida Strauss
- Lew Palter as Isidor Straus
- Reece P. Thompson III as Irish Little Boy
- Laramie Landis as Irish Little Girl
- Amber Waddell as Cal's Crying Girl
- Alison Waddell as Cal's Crying Girl
- Mark Rafael Truitt as Yaley
- John Walcutt as 1st Class Husband
- Terry Forrestal as Chief Engineer Bell
- Derek Lea as Leading Stoker Barrett
- Richard Ashton as Carpenter John Hutchinson
- Sean Nepita as Elevator Operator
- Brendan Connolly as Scotland Road Steward
- David Cronnelly as Crewman
- Garth Wilton as 1st Class Waiter
- Martin Laing as Promenade Deck Steward
- Richard Fox as Steward #1
- Nick Meaney as Steward #2
- Kevin Owers as Steward #3
- Mark Capri as Steward #4
- Marc Cass as Hold Steward #1
- Paul Herbert as Hold Steward #2
- Emmett James as 1st Class Steward
- Chris Byrne as Stairwell Steward
- Oliver Page as Steward Barnes
- James Garrett as Titanic Porter
- Erik Holland as Olaf Dahl
- Jari Kinnunen as Bjorn Gunderson
- Anders Falk as Olaus Gunderson
- Martin Hub as Slovakian Father
- Seth Adkins as Slovakian 3 Year Old Boy
- Barry Dennen as Praying Man
- Vern Urich as Man in Water
- Rebecca Klingler as Mother at Stern
- Tricia O'Neil as Woman
- Kathleen S. Dunn as Woman in Water
- Romeo Francis as Syrian Man
- Mandana Marino as Syrian Woman
- Van Ling as Chinese Man
- Bjørn Olsen as Olaf
- Dan Pettersson as Sven
- Shay Duffin as Pubkeeper
- Greg Ellis as Carpathia Steward
- Diana Morgan as News Reporter
- Kris Andersson as Dancer
- Bobbie Bates as Dancer
- Aaron James Cash as Dancer
- Anne Fletcher as Dancer
- Edmond Alan Forsyth as Dancer
- Andie Hicks as Dancer
- Scott Hislop as Dancer
- Stan Mazin as Dancer
- Lisa Ratzin as Dancer
- Julene Renee as Dancer
- Alexandra Boyd as First Class Woman (uncredited)
- James Cameron as Steerage Dancer (uncredited)
- Mike Butters as Musician / Baker (uncredited)
- Kevin De La Noy as Third Officer Pitman (uncredited)
- Tony Kenny as Deckhand (uncredited)
- Sean Lawlor as Charles Hendrickson (uncredited)
- Don Lynch as Frederick Spedden (uncredited)
- Johnny Martin as Rescue Boat Crewman (uncredited)
- Meghan McLeod as First Class Passenger (uncredited)
- Steven Quale as Engine Room Crewman (uncredited)
- R. Gern Trowbridge as Drowning Man (uncredited)
- Olivia Rosewood as Mary Marvin (uncredited)
- John Slade as Ohio Man (uncredited)
- Brian McDermott as Titanic Gym Instructor Thomas McCawley (uncredited)
- Randy Callahan as Extra",,51.3383,0.0
What do the logo looks like for Paramount Pictures?,1,1,3,4808,0,[],0,0,0,0,0,"import sys
from pathlib import Path
PROJECT_ROOT = Path(__file__).resolve().parents[1]
RESTBENCH_TOOLS_DIR = PROJECT_ROOT / 'restbench tools'
if str(RESTBENCH_TOOLS_DIR) not in sys.path:
    sys.path.insert(0, str(RESTBENCH_TOOLS_DIR))

from Search_company import Search_company
from Get_company_images import Get_company_images

import traceback

# --- Constants ---
TARGET_COMPANY_NAME = ""Paramount Pictures""

def get_company_id_by_name():
    """"""
    Searches for the company by name and extracts the company ID.
    """"""
    try:
        # Rule 3 & 10: Use Search_company with 'query' parameter. 
        # Schema: results is an array of objects containing 'id' and 'name'.
        response = Search_company(query=TARGET_COMPANY_NAME)
        results = response.get(""results"", [])
        
        if not results:
            print(f""No companies found matching '{TARGET_COMPANY_NAME}'."")
            return None
        
        # Rule 14: Lenient comparison for company name
        for company in results:
            if TARGET_COMPANY_NAME.lower() in company.get(""name"", """").lower():
                return company.get(""id"")
        
        # Fallback to first result if no strict match but results exist
        return results[0].get(""id"")
    except Exception as e:
        print(f""Error while searching for company ID: {e}"")
        return None

def get_company_logo_details(company_id):
    """"""
    Fetches the logo images for a specific company ID.
    """"""
    try:
        # Rule 3 & 10: Use Get_company_images with 'company_id' parameter.
        # Schema: returns object with 'logos' array.
        response = Get_company_images(company_id=company_id)
        return response.get(""logos"", [])
    except Exception as e:
        print(f""Error while fetching company logos: {e}"")
        return None

def main():
    """"""
    Orchestrates the flow to find the logo of the target company.
    """"""
    try:
        # Step 1: Find Company ID
        company_id = get_company_id_by_name()
        if company_id is None:
            return

        # Step 2: Fetch Logo Details
        logos = get_company_logo_details(company_id)
        
        if logos is None:
            print(""Could not retrieve logo data."")
            return

        if not logos:
            print(f""No logos found for {TARGET_COMPANY_NAME}."")
            return

        # Rule 6: Readable and task-oriented output
        print(f""Logo details for {TARGET_COMPANY_NAME}:"")
        for idx, logo in enumerate(logos, 1):
            file_path = logo.get(""file_path"")
            width = logo.get(""width"")
            height = logo.get(""height"")
            print(f""Logo {idx}: Path={file_path}, Dimensions={width}x{height}"")

    except Exception:
        # Rule 9: Top-level exception handler printing full traceback to stderr
        traceback.print_exc(file=sys.stderr)

if __name__ == ""__main__"":
    main()",2,"[""Search_company"", ""Get_company_images""]",1,"[""restbench tools""]","Logo details for Paramount Pictures:
Logo 1: Path=/jay6WcMgagAklUt7i9Euwj1pzTF.png, Dimensions=1280x1001
Logo 2: Path=/quak7YuVuz67E1KZzNN0d6WDtMY.png, Dimensions=510x376
Logo 3: Path=/zKQ6jLPmCGeB2AiTAwB3aeXAJOb.png, Dimensions=1000x806
Logo 4: Path=/gz66EfNoYPqHTYI4q9UEN4CbHRc.png, Dimensions=1000x806
Logo 5: Path=/lH1dIv66K2BLgyDa3I3Pj6Q2Lre.png, Dimensions=1199x942
Logo 6: Path=/sISqIPXbcojHyFShJeNHxm6LE4S.png, Dimensions=622x486
Logo 7: Path=/fycMZt242LVjagMByZOLUGbCvv3.png, Dimensions=1000x744",,87.0175,0.0
"tell me where the company ""universal pictures"" was founded?",1,1,3,4750,0,[],0,0,0,0,0,"import sys
from pathlib import Path
PROJECT_ROOT = Path(__file__).resolve().parents[1]
RESTBENCH_TOOLS_DIR = PROJECT_ROOT / 'restbench tools'
if str(RESTBENCH_TOOLS_DIR) not in sys.path:
    sys.path.insert(0, str(RESTBENCH_TOOLS_DIR))

from Search_company import Search_company
from Get_company_details import Get_company_details

import traceback

# --- Constants ---
TARGET_COMPANY_NAME = ""universal pictures""

def find_company_id(company_name):
    """"""
    Searches for a company by name and returns its ID.
    """"""
    try:
        response = Search_company(query=company_name)
        results = response.get(""results"", [])
        
        if not results:
            print(f""No companies found matching '{company_name}'."")
            return None
        
        # Use lenient comparison to find the best match
        for company in results:
            if company_name.lower() in company.get(""name"", """").lower():
                return company.get(""id"")
        
        # Fallback to the first result if no strict substring match
        return results[0].get(""id"")
    except Exception as e:
        print(f""Error while searching for company: {e}"")
        return None

def get_founding_location(company_id):
    """"""
    Retrieves the headquarters/founding location for a given company ID.
    """"""
    try:
        details = Get_company_details(company_id=company_id)
        # Based on response_schema, the location is stored in 'headquarters'
        location = details.get(""headquarters"")
        return location
    except Exception as e:
        print(f""Error while retrieving company details: {e}"")
        return None

def main():
    """"""
    Orchestrates the process of finding where the target company was founded.
    """"""
    company_id = find_company_id(TARGET_COMPANY_NAME)
    
    if company_id is None:
        print(f""Could not find an ID for company: {TARGET_COMPANY_NAME}"")
        return

    location = get_founding_location(company_id)
    
    if location:
        print(f""The company '{TARGET_COMPANY_NAME}' was founded/is headquartered in: {location}"")
    else:
        print(f""Could not find the founding location for '{TARGET_COMPANY_NAME}'."")

if __name__ == ""__main__"":
    try:
        main()
    except Exception:
        traceback.print_exc(file=sys.stderr)",2,"[""Search_company"", ""Get_company_details""]",1,"[""restbench tools""]","The company 'universal pictures' was founded/is headquartered in: Universal City, California",,226.8165,0.0
"When is the movie ""Titanic"" released?",1,1,6,10714,1,"[""code_repair""]",2,5467,0,1,1,"import sys
from pathlib import Path
PROJECT_ROOT = Path(__file__).resolve().parents[1]
RESTBENCH_TOOLS_DIR = PROJECT_ROOT / 'restbench tools'
if str(RESTBENCH_TOOLS_DIR) not in sys.path:
    sys.path.insert(0, str(RESTBENCH_TOOLS_DIR))

from Search_movie import Search_movie
from Get_movie_release_dates import Get_movie_release_dates

import traceback

# API functions are provided as black boxes; we call them directly.
# Since the environment provides them, we assume they are available in the namespace.
# If they were in separate files, we would import them, but per C7 and Rule 4, 
# we use the function names directly.

def get_movie_id_by_title(title):
    """"""
    Searches for a movie by title and extracts the ID of the most relevant result.
    """"""
    # C5: Failures raise Exception explicitly
    search_results = Search_movie(query=title)
    
    # C3: Schema keys copied verbatim from response_schema
    results = search_results.get(""results"", [])
    
    if not results:
        raise Exception(f""No movies found for title: {title}"")
    
    # Use the first result as the most relevant
    best_match = results[0]
    movie_id = best_match.get(""id"")
    
    if movie_id is None:
        raise Exception(f""Movie ID not found in search results for: {title}"")
        
    return movie_id

def get_movie_release_date(movie_id):
    """"""
    Fetches the release date information for a specific movie ID.
    """"""
    # C5: Failures raise Exception explicitly
    release_data = Get_movie_release_dates(movie_id=movie_id)
    
    # C3: Schema keys copied verbatim from response_schema
    results = release_data.get(""results"", [])
    
    if not results:
        raise Exception(f""No release date information found for movie ID: {movie_id}"")
            
    return results

def main():
    # C2: Task parameters hardcoded as named constants at the top of main()
    TARGET_MOVIE_TITLE = ""Titanic""

    try:
        # Step 1: Find Movie ID
        movie_id = get_movie_id_by_title(TARGET_MOVIE_TITLE)

        # Step 2: Fetch Release Dates
        release_info = get_movie_release_date(movie_id)

        # Extract the first available release date from the first country listed
        first_country = release_info[0]
        country_code = first_country.get(""iso_3166_1"")
        dates_list = first_country.get(""release_dates"", [])
        
        if dates_list:
            # Get the first release date entry
            primary_date = dates_list[0].get(""release_date"")
            print(f""The movie '{TARGET_MOVIE_TITLE}' was released on {primary_date} (Country: {country_code})."")
        else:
            raise Exception(f""Release date details were not available for '{TARGET_MOVIE_TITLE}'."")
            
    except Exception:
        # C6: Top-level handler uses traceback.print_exc(file=sys.stderr)
        traceback.print_exc(file=sys.stderr)

if __name__ == ""__main__"":
    main()",2,"[""Search_movie"", ""Get_movie_release_dates""]",1,"[""restbench tools""]",The movie 'Titanic' was released on 2012-04-03T00:00:00.000Z (Country: AE).,,233.3065,39.0919
Who has starred in the first movie of Star Wars collection?,1,1,3,6589,0,[],0,0,0,0,0,"import sys
from pathlib import Path
PROJECT_ROOT = Path(__file__).resolve().parents[1]
RESTBENCH_TOOLS_DIR = PROJECT_ROOT / 'restbench tools'
if str(RESTBENCH_TOOLS_DIR) not in sys.path:
    sys.path.insert(0, str(RESTBENCH_TOOLS_DIR))

from Search_collections import Search_collections
from Get_collection_details import Get_collection_details
from Get_movie_credits import Get_movie_credits

import traceback

# --- Constants ---
COLLECTION_QUERY = ""Star Wars""
# No specific count or date needed, but constants are placed here per Rule 13

def find_collection_id(query):
    """"""
    Searches for a collection by name and returns the ID of the first result.
    """"""
    try:
        response = Search_collections(query=query)
        results = response.get(""results"", [])
        if not results:
            print(f""No collections found for query: {query}"")
            return None
        # Return the ID of the first matching collection
        return results[0].get(""id"")
    except Exception as e:
        print(f""Error finding collection ID: {e}"")
        return None

def get_first_movie_id(collection_id):
    """"""
    Retrieves the details of a collection and identifies the first movie in the 'parts' list.
    """"""
    try:
        details = Get_collection_details(collection_id=collection_id)
        parts = details.get(""parts"", [])
        if not parts:
            print(f""No movies found in collection ID: {collection_id}"")
            return None
        
        # The 'parts' list contains the movies in the collection.
        # We assume the first element is the first movie.
        first_movie = parts[0]
        return first_movie.get(""id"")
    except Exception as e:
        print(f""Error getting first movie ID: {e}"")
        return None

def get_movie_cast(movie_id):
    """"""
    Retrieves the cast list for a specific movie ID.
    """"""
    try:
        credits = Get_movie_credits(movie_id=movie_id)
        return credits.get(""cast"", [])
    except Exception as e:
        print(f""Error getting movie cast: {e}"")
        return None

def main():
    """"""
    Orchestrates the flow to find who starred in the first movie of the Star Wars collection.
    """"""
    # 1. Find the collection ID for ""Star Wars""
    collection_id = find_collection_id(COLLECTION_QUERY)
    if collection_id is None:
        return

    # 2. Find the ID of the first movie in that collection
    first_movie_id = get_first_movie_id(collection_id)
    if first_movie_id is None:
        return

    # 3. Get the cast of that movie
    cast_members = get_movie_cast(first_movie_id)
    if cast_members is None:
        return

    # 4. Format and print the output
    if not cast_members:
        print(""No cast members found for the first movie."")
    else:
        print(f""Cast members who starred in the first movie of the {COLLECTION_QUERY} collection:"")
        for member in cast_members:
            name = member.get(""name"")
            character = member.get(""character"")
            print(f""- {name} as {character}"")

if __name__ == ""__main__"":
    try:
        main()
    except Exception:
        traceback.print_exc(file=sys.stderr)",3,"[""Search_collections"", ""Get_collection_details"", ""Get_movie_credits""]",1,"[""restbench tools""]","Cast members who starred in the first movie of the Star Wars collection:
- Mark Hamill as Luke Skywalker
- Harrison Ford as Han Solo
- Carrie Fisher as Princess Leia Organa
- Peter Cushing as Grand Moff Tarkin
- Alec Guinness as Obi-Wan ""Ben"" Kenobi
- Anthony Daniels as C-3PO
- Kenny Baker as R2-D2
- Peter Mayhew as Chewbacca
- David Prowse as Darth Vader (performer)
- James Earl Jones as Darth Vader (voice) (uncredited)
- Phil Brown as Uncle Owen
- Shelagh Fraser as Aunt Beru
- Jack Purvis as Chief Jawa
- Alex McCrindle as General Dodonna
- Eddie Byrne as General Willard
- Drewe Henley as Red Leader
- Denis Lawson as Red Two (Wedge Antilles)
- Garrick Hagon as Red Three (Biggs Darklighter)
- Jack Klaff as Red Four (John ""D"")
- William Hootkins as Red Six (Porkins)
- Angus MacInnes as Gold Leader
- Jeremy Sinden as Gold Two
- Graham Ashley as Gold Five
- Don Henderson as General Taggi
- Richard LeParmentier as General Motti
- Leslie Schofield as Commander #1
- Michael Leader as Stormtrooper
- David Ankrum as Red Two, Wedge Antilles (voice) (uncredited)
- Scott Beach as Stormtrooper (voice) (uncredited)
- Lightning Bear as Stormtrooper (uncredited)
- Jon Berg as Cantina Alien (uncredited)
- Doug Beswick as Cantina Alien (uncredited)
- Paul Blake as Greedo (uncredited)
- Janice Burchette as Nabrun Leids (uncredited)
- Ted Burnett as Wuher (uncredited)
- John Chapman as Drifter (Red 12) (uncredited)
- Gilda Cohen as Cantina Patron (uncredited)
- Tim Condren as Stormtrooper (uncredited)
- Barry Copping as Wioslea (uncredited)
- Alfie Curtis as Dr. Evazan (uncredited)
- Robert Davies as Cantina Patron (uncredited)
- Maria De Aragon as Greedo (uncredited)
- Robert A. Denham as Hrchek Kal Fas (uncredited)
- Frazer Diamond as Jawa (uncredited)
- Peter Diamond as Stormtrooper / Tusken Raider / Death Star Trooper / Garouf Lafoe (uncredited)
- Warwick Diamond as Jawa (uncredited)
- Sadie Eden as Garindan (uncredited)
- Kim Falkinburg as Djas Puhr (uncredited)
- Harry Fielder as Death Star Trooper (uncredited)
- Ted Gagliano as Stormtrooper with Binoculars (uncredited)
- Salo Gardner as Cantina Patron (uncredited)
- Steve Gawley as Death Star Trooper (uncredited)
- Barry Gnome as Kabe (uncredited)
- Rusty Goffe as Kabe / Jawa / GONK Droid (uncredited)
- Isaac Grand as Cantina Patron (uncredited)
- Reg Harding as Stormtrooper (uncredited)
- Alan Harris as Leia's Rebel Escort (uncredited)
- Frank Henson as Stormtrooper (uncredited)
- Arthur Howell as Stormtrooper (uncredited)
- Tommy Ilsley as Ponda Baba (uncredited)
- Joe Johnston as Spacetrooper / Death Star gunner (uncredited)
- Linda Jones as Chall Bekan (uncredited)
- Joe Kaye as Solomohal (uncredited)
- Colin Michael Kitchens as Stormtrooper (voice) (uncredited)
- Melissa Kurtz as Jawa (uncredited)
- Tiffany Hillkurtz as Jawa (uncredited)
- Al Lampert as Daine Jir (uncredited)
- Anthony Lang as BoShek (uncredited)
- Derek Lyons as Temple Guard / Medal Bearer (uncredited)
- Mahjoub as Jawa (uncredited)
- Alf Mangan as Takeel (uncredited)
- Grant McCune as Death Star Gunner (uncredited)
- Geoffrey Moon as Cantina Patron (uncredited)
- Mandy Morton as Swilla Corey (uncredited)
- Lorne Peterson as Massassi Base Rebel Scout (uncredited)
- Marcus Powell as Rycar Ryjerd (uncredited)
- Shane Rimmer as InCom Engineer (uncredited)
- Pam Rose as Leesub Sirln (uncredited)
- George Roubicek as Cmdr. Praji (Imperial Officer #2 on rebel ship) (uncredited)
- Erica Simmons as Tawss Khaa (uncredited)
- Angela Staines as Senni Tonnika (uncredited)
- George Stock as Cantina Patron (uncredited)
- Roy Straite as Cantina Patron (uncredited)
- Peter Sturgeon as Sai'torr Kal Fas (uncredited)
- Peter Sumner as Lt. Pol Treidum (uncredited)
- John Sylla as Cantina Voices (voice) (uncredited)
- Tom Sylla as Massassi Outpost Announcer / Various Voices (voice) (uncredited)
- Malcolm Tierney as Lt. Shann Childsen (uncredited)
- Phil Tippett as Cantina Alien (uncredited)
- Burnell Tucker as Del Goren (uncredited)
- Morgan Upton as Stormtrooper (voice) (uncredited)
- Jerry Walter as Stormtrooper (voice) (uncredited)
- Hal Wamsley as Jawa (uncredited)
- Diana Sadley Way as Thuku (uncredited)
- Bill Weston as Stormtrooper (uncredited)
- Fred Wood as Cantina Patron (uncredited)
- Colin Higgins as Rebel Pilot, Col. Takbright (uncredited)
- Ron Tarr as Jabba's Henchman (uncredited)
- Anthony Forrest as Sandtrooper / Fixer (uncredited)
- John Cannon as Stormtrooper (uncredited)
- Larry Ward as Greedo (voice) (uncredited)
- Eddie Eddon as Pello Scrambas (uncredited)
- Rick McCallum as Stormtrooper (uncredited)
- Steve Williams as Mos Eisley Citizen (uncredited)",,175.292,0.0
give me a movie cover of a movie from the collection Harry Potter,1,1,3,5071,0,[],0,0,0,0,0,"import sys
from pathlib import Path
PROJECT_ROOT = Path(__file__).resolve().parents[1]
RESTBENCH_TOOLS_DIR = PROJECT_ROOT / 'restbench tools'
if str(RESTBENCH_TOOLS_DIR) not in sys.path:
    sys.path.insert(0, str(RESTBENCH_TOOLS_DIR))

from Search_collections import Search_collections
from Get_collection_images import Get_collection_images

import traceback

# --- Constants ---
TARGET_COLLECTION_NAME = ""Harry Potter""

def get_collection_id_by_name(name):
    """"""
    Searches for a collection by name and extracts its ID.
    """"""
    try:
        response = Search_collections(query=name)
        results = response.get(""results"", [])
        
        if not results:
            print(f""No collections found for query: {name}"")
            return None
        
        # Use the first result as the most relevant match
        collection = results[0]
        collection_id = collection.get(""id"")
        return collection_id
    except Exception as e:
        print(f""Error while searching for collection: {e}"")
        return None

def get_movie_cover_from_collection(collection_id):
    """"""
    Retrieves the images for a collection and returns a cover (poster) path.
    """"""
    try:
        response = Get_collection_images(collection_id=collection_id)
        posters = response.get(""posters"", [])
        
        if not posters:
            print(f""No posters found for collection ID: {collection_id}"")
            return None
        
        # Return the file_path of the first available poster as the cover
        cover_path = posters[0].get(""file_path"")
        return cover_path
    except Exception as e:
        print(f""Error while retrieving collection images: {e}"")
        return None

def main():
    """"""
    Orchestrates the process of finding a movie cover for a specific collection.
    """"""
    # Step 1: Find the collection ID
    collection_id = get_collection_id_by_name(TARGET_COLLECTION_NAME)
    if collection_id is None:
        return

    # Step 2: Get the cover image path
    cover_image_path = get_movie_cover_from_collection(collection_id)
    
    if cover_image_path:
        print(f""Movie cover path for collection '{TARGET_COLLECTION_NAME}': {cover_image_path}"")
    else:
        print(f""Could not find a movie cover for collection '{TARGET_COLLECTION_NAME}'."")

if __name__ == ""__main__"":
    try:
        main()
    except Exception:
        traceback.print_exc(file=sys.stderr)",2,"[""Search_collections"", ""Get_collection_images""]",1,"[""restbench tools""]",Movie cover path for collection 'Harry Potter': /5m8RGRYDhnR6TQANkePx9lrv8fG.jpg,,72.6044,0.0
What are some keywords for a movie of the collection The Hunger Games?,1,1,3,5858,0,[],0,0,0,0,0,"import sys
from pathlib import Path
PROJECT_ROOT = Path(__file__).resolve().parents[1]
RESTBENCH_TOOLS_DIR = PROJECT_ROOT / 'restbench tools'
if str(RESTBENCH_TOOLS_DIR) not in sys.path:
    sys.path.insert(0, str(RESTBENCH_TOOLS_DIR))

from Search_collections import Search_collections
from Get_collection_details import Get_collection_details
from Get_movie_keywords import Get_movie_keywords

import traceback

# --- Constants ---
COLLECTION_QUERY = ""The Hunger Games""

def find_collection_id(query):
    """"""
    Searches for a collection by name and returns the ID of the first result.
    """"""
    try:
        response = Search_collections(query=query)
        results = response.get(""results"", [])
        if not results:
            print(f""No collections found for query: {query}"")
            return None
        
        # Return the ID of the first matching collection
        return results[0].get(""id"")
    except Exception as e:
        print(f""Error finding collection ID: {e}"")
        return None

def get_movies_in_collection(collection_id):
    """"""
    Retrieves the list of movies (parts) belonging to a specific collection.
    """"""
    try:
        details = Get_collection_details(collection_id=collection_id)
        # Based on response_schema, the list of movies is in the 'parts' key
        return details.get(""parts"", [])
    except Exception as e:
        print(f""Error retrieving collection details: {e}"")
        return []

def fetch_movie_keywords(movie_id):
    """"""
    Fetches keywords for a specific movie ID.
    """"""
    try:
        response = Get_movie_keywords(movie_id=movie_id)
        # Based on response_schema, keywords are in the 'keywords' key
        return response.get(""keywords"", [])
    except Exception as e:
        print(f""Error fetching keywords for movie {movie_id}: {e}"")
        return []

def main():
    """"""
    Orchestrates the flow to find keywords for a movie in 'The Hunger Games' collection.
    """"""
    # 1. Find the collection ID
    collection_id = find_collection_id(COLLECTION_QUERY)
    if collection_id is None:
        return

    # 2. Get movies in that collection
    movies = get_movies_in_collection(collection_id)
    if not movies:
        print(f""No movies found in the collection '{COLLECTION_QUERY}'."")
        return

    # 3. Select the first movie from the collection to retrieve keywords
    target_movie = movies[0]
    movie_id = target_movie.get(""id"")
    movie_name = target_movie.get(""name"")
    
    if movie_id is None:
        print(""Could not retrieve a valid movie ID from the collection."")
        return

    # 4. Fetch keywords for the selected movie
    keywords_data = fetch_movie_keywords(movie_id)
    
    # 5. Format and print the output
    if not keywords_data:
        print(f""No keywords found for the movie '{movie_name}'."")
    else:
        keyword_names = [kw.get(""name"") for kw in keywords_data if kw.get(""name"")]
        print(f""Keywords for the movie '{movie_name}' in the collection '{COLLECTION_QUERY}':"")
        for name in keyword_names:
            print(f""- {name}"")

if __name__ == ""__main__"":
    try:
        main()
    except Exception:
        traceback.print_exc(file=sys.stderr)",3,"[""Search_collections"", ""Get_collection_details"", ""Get_movie_keywords""]",1,"[""restbench tools""]","Keywords for the movie 'None' in the collection 'The Hunger Games':
- based on novel or book
- resistance
- dystopia
- post-apocalyptic future
- sequel
- female protagonist
- bow and arrow
- game
- future war
- revolt
- class prejudice
- human subjugation
- based on young adult novel",,119.7578,0.0
When are the release dates for the movies of the collection The Hobbit?,1,1,6,13960,1,"[""code_repair""]",2,7688,0,1,1,"import sys
from pathlib import Path
PROJECT_ROOT = Path(__file__).resolve().parents[1]
RESTBENCH_TOOLS_DIR = PROJECT_ROOT / 'restbench tools'
if str(RESTBENCH_TOOLS_DIR) not in sys.path:
    sys.path.insert(0, str(RESTBENCH_TOOLS_DIR))

from Search_collections import Search_collections
from Get_collection_details import Get_collection_details
from Get_movie_release_dates import Get_movie_release_dates

import traceback

# --- API calling code ---
import os
import requests

def Search_collections(query):
    if query is None:
        raise ValueError(""`query` is required."")
    url = ""https://api.themoviedb.org/3/search/collection""
    bearer_token = os.getenv(""TMDB_BEARER_TOKEN"")
    headers = {
        ""accept"": ""application/json"",
        ""Authorization"": f""Bearer {bearer_token}""
    }
    params = {""query"": query}
    response = requests.get(url, headers=headers, params=params)
    if response.status_code == 200:
        return response.json()
    raise Exception(f""API request failed with status code {response.status_code}: {response.text}"")

def Get_collection_details(collection_id):
    if collection_id is None:
        raise ValueError(""`collection_id` is required."")
    url = f""https://api.themoviedb.org/3/collection/{collection_id}""
    bearer_token = os.getenv(""TMDB_BEARER_TOKEN"")
    headers = {
        ""accept"": ""application/json"",
        ""Authorization"": f""Bearer {bearer_token}""
    }
    response = requests.get(url, headers=headers)
    if response.status_code == 200:
        return response.json()
    raise Exception(f""API request failed with status code {response.status_code}: {response.text}"")

def Get_movie_release_dates(movie_id):
    if movie_id is None:
        raise ValueError(""`movie_id` is required."")
    url = f""https://api.themoviedb.org/3/movie/{movie_id}/release_dates""
    bearer_token = os.getenv(""TMDB_BEARER_TOKEN"")
    headers = {
        ""accept"": ""application/json"",
        ""Authorization"": f""Bearer {bearer_token}""
    }
    response = requests.get(url, headers=headers)
    if response.status_code == 200:
        return response.json()
    raise Exception(f""API request failed with status code {response.status_code}: {response.text}"")

def find_collection_id(query):
    """"""
    Searches for a collection by name and returns the ID of the first result.
    """"""
    response = Search_collections(query=query)
    results = response.get(""results"", [])
    if not results:
        raise Exception(f""No collections found for query: {query}"")
    
    return results[0].get(""id"")

def get_movies_in_collection(collection_id):
    """"""
    Retrieves the list of movies (parts) belonging to a specific collection.
    """"""
    details = Get_collection_details(collection_id=collection_id)
    return details.get(""parts"", [])

def fetch_movie_release_dates(movies):
    """"""
    Iterates through a list of movie objects and fetches their release dates.
    """"""
    movie_dates_info = []
    for movie in movies:
        movie_id = movie.get(""id"")
        movie_name = movie.get(""name"")
        if movie_id is None:
            continue
            
        dates_data = Get_movie_release_dates(movie_id=movie_id)
        movie_dates_info.append({
            ""name"": movie_name,
            ""release_data"": dates_data.get(""results"", [])
        })
            
    return movie_dates_info

def orchestrate_release_date_lookup():
    """"""
    Main logic flow to find release dates for movies in a specific collection.
    """"""
    # C2: Task parameters hardcoded as named constants
    COLLECTION_QUERY = ""The Hobbit""

    # 1. Find the collection ID
    collection_id = find_collection_id(COLLECTION_QUERY)
    if collection_id is None:
        raise Exception(""Collection ID not found."")

    # 2. Get movies in that collection
    movies = get_movies_in_collection(collection_id)
    if not movies:
        raise Exception(f""No movies found in the collection '{COLLECTION_QUERY}'."")

    # 3. Fetch release dates for each movie
    all_dates = fetch_movie_release_dates(movies)
    
    # 4. Format and print the output
    print(f""Release dates for movies in the collection '{COLLECTION_QUERY}':"")
    print(""-"" * 50)
    for item in all_dates:
        name = item[""name""]
        results = item[""release_data""]
        
        if not results:
            print(f""Movie: {name} - No release date data available."")
            continue
            
        print(f""Movie: {name}"")
        for country_entry in results:
            country_code = country_entry.get(""iso_3166_1"")
            dates_list = country_entry.get(""release_dates"", [])
            for rd in dates_list:
                date = rd.get(""release_date"")
                if date:
                    print(f""  - {country_code}: {date}"")
        print(""-"" * 20)

if __name__ == ""__main__"":
    try:
        orchestrate_release_date_lookup()
    except Exception:
        traceback.print_exc(file=sys.stderr)",3,"[""Search_collections"", ""Get_collection_details"", ""Get_movie_release_dates""]",1,"[""restbench tools""]","Release dates for movies in the collection 'The Hobbit':
--------------------------------------------------
Movie: None
  - AM: 2012-12-19T00:00:00.000Z
  - AR: 2012-12-13T00:00:00.000Z
  - AT: 2012-12-13T00:00:00.000Z
  - AU: 2012-12-26T00:00:00.000Z
  - BE: 2012-12-12T00:00:00.000Z
  - BG: 2012-12-14T00:00:00.000Z
  - BR: 2012-12-14T00:00:00.000Z
  - BR: 2013-03-21T00:00:00.000Z
  - BR: 2013-12-05T00:00:00.000Z
  - CA: 2012-12-03T00:00:00.000Z
  - CA: 2012-12-14T00:00:00.000Z
  - CO: 2012-12-25T00:00:00.000Z
  - CZ: 2012-12-13T00:00:00.000Z
  - DE: 2012-12-13T00:00:00.000Z
  - DE: 2013-04-13T00:00:00.000Z
  - DE: 2013-11-05T00:00:00.000Z
  - DE: 2026-01-13T00:00:00.000Z
  - DE: 2013-04-19T00:00:00.000Z
  - DE: 2013-11-15T00:00:00.000Z
  - DK: 2012-12-12T00:00:00.000Z
  - ES: 2012-12-14T00:00:00.000Z
  - FI: 2012-12-12T00:00:00.000Z
  - FR: 2012-12-12T00:00:00.000Z
  - FR: 2013-11-06T00:00:00.000Z
  - FR: 2021-03-23T00:00:00.000Z
  - FR: 2021-07-01T00:00:00.000Z
  - FR: 2013-04-17T00:00:00.000Z
  - FR: 2025-11-12T00:00:00.000Z
  - FR: 2025-12-04T00:00:00.000Z
  - GB: 2012-12-14T00:00:00.000Z
  - GR: 2012-12-13T00:00:00.000Z
  - GR: 2013-04-10T00:00:00.000Z
  - HK: 2012-12-13T00:00:00.000Z
  - HU: 2012-12-13T00:00:00.000Z
  - IE: 2012-12-14T00:00:00.000Z
  - IL: 2012-12-12T00:00:00.000Z
  - IS: 2012-12-26T00:00:00.000Z
  - IT: 2012-12-13T00:00:00.000Z
  - JP: 2012-12-14T00:00:00.000Z
  - KR: 2012-12-13T00:00:00.000Z
  - LT: 2012-12-14T00:00:00.000Z
  - MX: 2012-12-14T00:00:00.000Z
  - NL: 2012-12-12T00:00:00.000Z
  - NL: 2013-04-17T00:00:00.000Z
  - NL: 2014-10-19T00:00:00.000Z
  - NO: 2012-12-12T00:00:00.000Z
  - NZ: 2012-11-28T00:00:00.000Z
  - NZ: 2012-12-12T00:00:00.000Z
  - PL: 2012-12-28T00:00:00.000Z
  - PT: 2012-12-13T00:00:00.000Z
  - PY: 2012-12-14T00:00:00.000Z
  - RO: 2012-12-14T00:00:00.000Z
  - RU: 2012-12-20T00:00:00.000Z
  - SE: 2012-12-12T00:00:00.000Z
  - SE: 2013-04-08T00:00:00.000Z
  - SG: 2012-12-13T00:00:00.000Z
  - SK: 2012-12-12T00:00:00.000Z
  - SK: 2014-12-06T00:00:00.000Z
  - TH: 2012-12-13T00:00:00.000Z
  - TR: 2012-12-14T00:00:00.000Z
  - TW: 2012-12-14T00:00:00.000Z
  - UA: 2012-12-20T00:00:00.000Z
  - UA: 2012-12-19T00:00:00.000Z
  - US: 2012-12-06T00:00:00.000Z
  - US: 2012-12-14T00:00:00.000Z
  - VN: 2012-12-28T00:00:00.000Z
  - ZA: 2012-12-14T00:00:00.000Z
--------------------
Movie: None
  - AR: 2013-12-10T00:00:00.000Z
  - AR: 2014-02-02T00:00:00.000Z
  - AU: 2013-12-26T00:00:00.000Z
  - BE: 2013-12-11T00:00:00.000Z
  - BG: 2013-12-13T00:00:00.000Z
  - BR: 2013-12-20T00:00:00.000Z
  - BR: 2014-04-10T00:00:00.000Z
  - BR: 2014-11-20T00:00:00.000Z
  - CA: 2013-12-13T00:00:00.000Z
  - CL: 2013-12-12T00:00:00.000Z
  - CO: 2013-12-20T00:00:00.000Z
  - DE: 2013-12-09T00:00:00.000Z
  - DE: 2013-12-11T00:00:00.000Z
  - DE: 2014-04-11T00:00:00.000Z
  - DE: 2014-10-28T00:00:00.000Z
  - DE: 2014-11-13T00:00:00.000Z
  - DE: 2014-04-11T00:00:00.000Z
  - DK: 2013-12-13T00:00:00.000Z
  - EE: 2013-12-13T00:00:00.000Z
  - EG: 2013-12-12T00:00:00.000Z
  - ES: 2013-12-13T00:00:00.000Z
  - FI: 2013-12-11T00:00:00.000Z
  - FR: 2013-12-11T00:00:00.000Z
  - FR: 2021-03-23T00:00:00.000Z
  - FR: 2014-04-11T00:00:00.000Z
  - FR: 2021-07-01T00:00:00.000Z
  - FR: 2014-04-16T00:00:00.000Z
  - FR: 2025-11-19T00:00:00.000Z
  - FR: 2025-12-11T00:00:00.000Z
  - GB: 2013-12-13T00:00:00.000Z
  - GR: 2013-12-12T00:00:00.000Z
  - GR: 2014-04-08T00:00:00.000Z
  - HK: 2013-12-12T00:00:00.000Z
  - HR: 2013-12-13T00:00:00.000Z
  - HU: 2013-12-13T00:00:00.000Z
  - ID: 2013-12-13T00:00:00.000Z
  - IE: 2013-12-13T00:00:00.000Z
  - IL: 2013-12-12T00:00:00.000Z
  - IN: 2013-12-13T00:00:00.000Z
  - IS: 2013-12-26T00:00:00.000Z
  - IT: 2013-12-12T00:00:00.000Z
  - JP: 2013-12-13T00:00:00.000Z
  - KR: 2013-12-12T00:00:00.000Z
  - KZ: 2013-12-18T00:00:00.000Z
  - LT: 2013-12-13T00:00:00.000Z
  - MK: 2013-12-12T00:00:00.000Z
  - MX: 2013-12-13T00:00:00.000Z
  - NL: 2013-12-11T00:00:00.000Z
  - NL: 2014-04-16T00:00:00.000Z
  - NL: 2016-05-17T00:00:00.000Z
  - NO: 2013-12-11T00:00:00.000Z
  - NZ: 2013-12-13T00:00:00.000Z
  - PE: 2013-12-12T00:00:00.000Z
  - PL: 2013-12-27T00:00:00.000Z
  - PT: 2013-12-12T00:00:00.000Z
  - RO: 2013-12-13T00:00:00.000Z
  - RU: 2013-12-13T00:00:00.000Z
  - SE: 2013-12-11T00:00:00.000Z
  - SE: 2014-04-08T00:00:00.000Z
  - SG: 2013-12-12T00:00:00.000Z
  - SI: 2013-12-13T00:00:00.000Z
  - SK: 2013-12-12T00:00:00.000Z
  - SK: 2021-03-01T00:00:00.000Z
  - SK: 2016-02-07T00:00:00.000Z
  - TH: 2013-12-12T00:00:00.000Z
  - TR: 2013-12-13T00:00:00.000Z
  - TW: 2013-12-13T00:00:00.000Z
  - UA: 2013-12-18T00:00:00.000Z
  - US: 2013-12-02T00:00:00.000Z
  - US: 2013-12-13T00:00:00.000Z
  - VE: 2013-12-13T00:00:00.000Z
  - VN: 2014-01-03T00:00:00.000Z
  - ZA: 2013-12-13T00:00:00.000Z
--------------------
Movie: None
  - AR: 2014-12-31T00:00:00.000Z
  - AT: 2014-12-10T00:00:00.000Z
  - AU: 2014-12-26T00:00:00.000Z
  - BE: 2014-12-17T00:00:00.000Z
  - BR: 2014-12-10T00:00:00.000Z
  - BR: 2015-04-08T00:00:00.000Z
  - BR: 2015-12-03T00:00:00.000Z
  - CA: 2014-12-17T00:00:00.000Z
  - CL: 2014-12-18T00:00:00.000Z
  - CZ: 2014-12-11T00:00:00.000Z
  - DE: 2014-12-10T00:00:00.000Z
  - DE: 2015-04-16T00:00:00.000Z
  - DE: 2015-11-26T00:00:00.000Z
  - DE: 2026-01-13T00:00:00.000Z
  - DE: 2015-04-23T00:00:00.000Z
  - DE: 2015-11-26T00:00:00.000Z
  - DK: 2014-12-17T00:00:00.000Z
  - ES: 2014-12-17T00:00:00.000Z
  - FI: 2014-12-10T00:00:00.000Z
  - FR: 2014-12-02T00:00:00.000Z
  - FR: 2014-12-10T00:00:00.000Z
  - FR: 2021-03-23T00:00:00.000Z
  - FR: 2015-04-10T00:00:00.000Z
  - FR: 2021-07-01T00:00:00.000Z
  - FR: 2015-04-22T00:00:00.000Z
  - FR: 2025-12-18T00:00:00.000Z
  - GB: 2014-12-01T00:00:00.000Z
  - GB: 2014-12-12T00:00:00.000Z
  - GR: 2014-12-18T00:00:00.000Z
  - GR: 2015-04-17T00:00:00.000Z
  - HK: 2014-12-17T00:00:00.000Z
  - HU: 2014-12-18T00:00:00.000Z
  - IE: 2014-12-12T00:00:00.000Z
  - IL: 2014-12-18T00:00:00.000Z
  - IS: 2014-12-26T00:00:00.000Z
  - IT: 2014-12-17T00:00:00.000Z
  - IT: 2015-10-21T00:00:00.000Z
  - IT: 2015-11-18T00:00:00.000Z
  - JP: 2014-12-17T00:00:00.000Z
  - KR: 2014-12-17T00:00:00.000Z
  - LT: 2014-12-19T00:00:00.000Z
  - MX: 2014-12-11T00:00:00.000Z
  - NL: 2014-12-10T00:00:00.000Z
  - NL: 2015-04-22T00:00:00.000Z
  - NL: 2016-12-16T00:00:00.000Z
  - NO: 2014-12-10T00:00:00.000Z
  - NZ: 2014-12-11T00:00:00.000Z
  - PE: 2014-12-17T00:00:00.000Z
  - PL: 2014-12-25T00:00:00.000Z
  - PT: 2014-12-17T00:00:00.000Z
  - RO: 2014-12-19T00:00:00.000Z
  - RU: 2014-12-11T00:00:00.000Z
  - SE: 2014-12-10T00:00:00.000Z
  - SE: 2015-04-20T00:00:00.000Z
  - SG: 2014-12-16T00:00:00.000Z
  - SK: 2014-12-11T00:00:00.000Z
  - TH: 2014-12-18T00:00:00.000Z
  - TR: 2014-12-17T00:00:00.000Z
  - UA: 2014-12-11T00:00:00.000Z
  - US: 2014-12-04T00:00:00.000Z
  - US: 2014-12-17T00:00:00.000Z
  - US: 2015-11-17T00:00:00.000Z
  - VN: 2014-12-19T00:00:00.000Z
  - ZA: 2014-12-11T00:00:00.000Z
--------------------",,225.2267,123.8717
List movies from The Fast and the Furious collection,1,0,3,5407,0,[],0,0,0,0,0,"import sys
from pathlib import Path
PROJECT_ROOT = Path(__file__).resolve().parents[1]
RESTBENCH_TOOLS_DIR = PROJECT_ROOT / 'restbench tools'
if str(RESTBENCH_TOOLS_DIR) not in sys.path:
    sys.path.insert(0, str(RESTBENCH_TOOLS_DIR))

from Search_collections import Search_collections
from Get_collection_details import Get_collection_details

import traceback

# --- Constants ---
TARGET_COLLECTION_NAME = ""The Fast and the Furious""

def find_collection_id(query):
    """"""
    Searches for a collection by name and returns the ID of the first result.
    that matches the query.
    """"""
    try:
        # API call to search for collections
        search_results = Search_collections(query=query)
        
        # Schema grounding: results is an array of objects containing 'id' and 'name'
        results = search_results.get(""results"", [])
        
        if not results:
            print(f""No collections found matching '{query}'."")
            return None
        
        # Rule 14: Lenient comparison for the first result
        # We take the first result as the most relevant match
        first_match = results[0]
        return first_match.get(""id"")
        
    except Exception as e:
        print(f""Error while searching for collection: {e}"")
        return None

def get_movies_in_collection(collection_id):
    """"""
    Retrieves the details of a collection and extracts the list of movies.
    """"""
    try:
        # API call to get collection details
        details = Get_collection_details(collection_id=collection_id)
        
        # Schema grounding: 'parts' contains the list of movies in the collection
        movies = details.get(""parts"", [])
        return movies
        
    except Exception as e:
        print(f""Error while retrieving collection details: {e}"")
        return None

def main():
    """"""
    Orchestrates the process of finding a collection and listing its movies.
    """"""
    # 1. Find the collection ID
    collection_id = find_collection_id(TARGET_COLLECTION_NAME)
    
    if collection_id is None:
        return

    # 2. Get the movies associated with that ID
    movies = get_movies_in_collection(collection_id)
    
    if movies is None:
        return

    if not movies:
        print(f""No movies found in the collection '{TARGET_COLLECTION_NAME}'."")
        return

    # 3. Print the results in a readable format
    print(f""Movies in the '{TARGET_COLLECTION_NAME}' collection:"")
    for movie in movies:
        # Schema grounding: 'name' is the field for the movie title in the 'parts' array
        movie_name = movie.get(""name"", ""Unknown Title"")
        release_date = movie.get(""release_date"", ""Unknown Date"")
        print(f""- {movie_name} (Released: {release_date})"")

if __name__ == ""__main__"":
    try:
        main()
    except Exception:
        # Rule 9: Top-level exception handler printing full traceback to stderr
        traceback.print_exc(file=sys.stderr)",2,"[""Search_collections"", ""Get_collection_details""]",1,"[""restbench tools""]","Movies in the 'The Fast and the Furious' collection:
- Unknown Title (Released: 2003-06-05)
- Unknown Title (Released: 2006-06-03)
- Unknown Title (Released: 2001-06-22)
- Unknown Title (Released: 2011-04-20)
- Unknown Title (Released: 2013-05-21)
- Unknown Title (Released: 2015-04-01)
- Unknown Title (Released: 2009-04-02)
- Unknown Title (Released: 2017-04-12)
- Unknown Title (Released: 2023-05-17)
- Unknown Title (Released: 2021-05-19)
- Unknown Title (Released: 2028-03-16)
- Unknown Title (Released: 2019-07-31)",,119.4148,0.0
Give me a review of a movie from the collection The Fast and the Furious.,1,1,3,6254,0,[],0,0,0,0,0,"import sys
from pathlib import Path
PROJECT_ROOT = Path(__file__).resolve().parents[1]
RESTBENCH_TOOLS_DIR = PROJECT_ROOT / 'restbench tools'
if str(RESTBENCH_TOOLS_DIR) not in sys.path:
    sys.path.insert(0, str(RESTBENCH_TOOLS_DIR))

from Search_collections import Search_collections
from Get_collection_details import Get_collection_details
from Get_movie_reviews import Get_movie_reviews

import traceback

# --- Constants ---
COLLECTION_QUERY = ""The Fast and the Furious""

def find_collection_id():
    """"""
    Searches for the collection by name and returns the ID of the first result.
    """"""
    try:
        response = Search_collections(query=COLLECTION_QUERY)
        results = response.get(""results"", [])
        if not results:
            print(f""No collections found for query: {COLLECTION_QUERY}"")
            return None
        
        # Return the 'id' of the first matching collection
        return results[0].get(""id"")
    except Exception as e:
        print(f""Error finding collection ID: {e}"")
        return None

def get_movies_from_collection(collection_id):
    """"""
    Retrieves the list of movies (parts) belonging to the specified collection.
    """"""
    try:
        details = Get_collection_details(collection_id=collection_id)
        # Based on response_schema, the list of movies is in the 'parts' key
        return details.get(""parts"", [])
    except Exception as e:
        print(f""Error retrieving collection details: {e}"")
        return []

def fetch_first_movie_review(movies):
    """"""
    Takes a list of movies and fetches reviews for the first movie in the list.
    """"""
    if not movies:
        print(""No movies found in the collection to review."")
        return None

    try:
        # Extract 'id' from the first movie object in the 'parts' array
        target_movie = movies[0]
        movie_id = target_movie.get(""id"")
        
        if movie_id is None:
            print(""Target movie does not have a valid ID."")
            return None
            
        review_data = Get_movie_reviews(movie_id=movie_id)
        return review_data
    except Exception as e:
        print(f""Error fetching movie reviews: {e}"")
        return None

def main():
    """"""
    Orchestrates the flow to find a movie from the specified collection and print its review.
    """"""
    # 1. Find the collection ID
    collection_id = find_collection_id()
    if collection_id is None:
        return

    # 2. Get movies in that collection
    movies = get_movies_from_collection(collection_id)
    if not movies:
        return

    # 3. Fetch reviews for one of the movies
    review_response = fetch_first_movie_review(movies)
    if not review_response:
        return

    # 4. Process and print the output
    results = review_response.get(""results"", [])
    if not results:
        print(""No reviews found for the selected movie."")
        return

    # Get the first review from the results list
    first_review = results[0]
    author = first_review.get(""author"", ""Unknown Author"")
    content = first_review.get(""content"", ""No content available."")
    
    print(f""Review for movie in collection '{COLLECTION_QUERY}':"")
    print(f""Author: {author}"")
    print(f""Review: {content}"")

if __name__ == ""__main__"":
    try:
        main()
    except Exception:
        traceback.print_exc(file=sys.stderr)",3,"[""Search_collections"", ""Get_collection_details"", ""Get_movie_reviews""]",1,"[""restbench tools""]","Review for movie in collection 'The Fast and the Furious':
Author: John Chard
Review: Get revved up for a bit of car porn.



The second instalment of what will become an on going film franchise, 2 Fast 2 Furious ticks all the boxes of the action junkie fan. Paul Walker is back as Brian O'Conner and joined by Tyrese Gibson and Eva Mendes, who all get involved in an undercover job to bring down Cole Hauser's nefarious bad guy. There's lots of awesome cars, pecs and breasts, noise, carnage, violence and awful dialogue. The story is weak, but are we really looking for some brains over brawn here? We want car porn and we want it now! And so it delivers as per our polite request. John Singleton directs, David Arnold scores the music and Matthew F. Leonetti photographs the sumptuous Florida locations. 6/10",,755.2091,0.0
When was the first movie of the collection Lord of the Rings released?,1,1,3,7020,0,[],0,0,0,0,0,"import sys
from pathlib import Path
PROJECT_ROOT = Path(__file__).resolve().parents[1]
RESTBENCH_TOOLS_DIR = PROJECT_ROOT / 'restbench tools'
if str(RESTBENCH_TOOLS_DIR) not in sys.path:
    sys.path.insert(0, str(RESTBENCH_TOOLS_DIR))

from Search_collections import Search_collections
from Get_collection_details import Get_collection_details
from Get_movie_details import Get_movie_details

import traceback

# --- Constants ---
COLLECTION_QUERY = ""Lord of the Rings""

def find_collection_id(query):
    """"""
    Searches for a collection by name and returns the ID of the first result.
    """"""
    try:
        response = Search_collections(query=query)
        results = response.get(""results"", [])
        if not results:
            print(f""No collections found for query: {query}"")
            return None
        
        # Return the 'id' of the first result as per response_schema
        return results[0].get(""id"")
    except Exception as e:
        print(f""Error finding collection ID: {e}"")
        return None

def get_collection_movies(collection_id):
    """"""
    Retrieves the list of movies (parts) belonging to a specific collection.
    """"""
    try:
        details = Get_collection_details(collection_id=collection_id)
        # 'parts' contains the list of movies in the collection
        return details.get(""parts"", [])
    except Exception as e:
        print(f""Error retrieving collection movies: {e}"")
        return None

def get_first_movie_release_date(movie_list):
    """"""
    Identifies the first movie in the list and retrieves its release date.
    """"""
    if not movie_list:
        print(""The movie list is empty."")
        return None
    
    try:
        # The first movie in the 'parts' array
        first_movie = movie_list[0]
        movie_id = first_movie.get(""id"")
        
        if movie_id is None:
            return None
            
        movie_details = Get_movie_details(movie_id=movie_id)
        # Extract 'release_date' from movie details schema
        return movie_details.get(""release_date"")
    except Exception as e:
        print(f""Error retrieving first movie release date: {e}"")
        return None

def main():
    """"""
    Orchestrates the flow to find the release date of the first movie in the LOTR collection.
    """"""
    # 1. Find the collection ID
    collection_id = find_collection_id(COLLECTION_QUERY)
    if collection_id is None:
        return

    # 2. Get the list of movies in that collection
    movies = get_collection_movies(collection_id)
    if movies is None:
        return

    # 3. Get the release date of the first movie
    release_date = get_first_movie_release_date(movies)
    
    if release_date:
        print(f""The first movie of the collection '{COLLECTION_QUERY}' was released on: {release_date}"")
    else:
        print(f""Could not determine the release date for the first movie of '{COLLECTION_QUERY}'."")

if __name__ == ""__main__"":
    try:
        main()
    except Exception:
        traceback.print_exc(file=sys.stderr)",3,"[""Search_collections"", ""Get_collection_details"", ""Get_movie_details""]",1,"[""restbench tools""]",The first movie of the collection 'Lord of the Rings' was released on: 2002-04-01,,251.6975,0.0
tell me the directors of the first season of House of Cards,0,0,3,5753,0,[],0,0,0,0,0,"import sys
from pathlib import Path
PROJECT_ROOT = Path(__file__).resolve().parents[1]
RESTBENCH_TOOLS_DIR = PROJECT_ROOT / 'restbench tools'
if str(RESTBENCH_TOOLS_DIR) not in sys.path:
    sys.path.insert(0, str(RESTBENCH_TOOLS_DIR))

from Search_tv import Search_tv
from Get_tv_season_credits import Get_tv_season_credits

import traceback

# --- Constants ---
TARGET_SHOW_NAME = ""House of Cards""
TARGET_SEASON_NUMBER = 1
JOB_TITLE_DIRECTOR = ""Director""

def find_tv_show_id(show_name):
    """"""
    Searches for a TV show by name and returns its unique ID.
    """"""
    try:
        response = Search_tv(query=show_name)
        results = response.get(""results"", [])
        if not results:
            print(f""No TV shows found matching '{show_name}'."")
            return None
        
        # Return the ID of the first result as the most likely match
        return results[0].get(""id"")
    except Exception as e:
        print(f""Error while searching for TV show: {e}"")
        return None

def filter_directors_from_credits(credits_data):
    """"""
    Filters the crew list to extract names of people with the job 'Director'.
    """"""
    crew = credits_data.get(""crew"", [])
    directors = []
    for member in crew:
        # Use lenient comparison for the 'job' field as per schema
        if member.get(""job"") == JOB_TITLE_DIRECTOR:
            directors.append(member.get(""name""))
    return directors

def get_season_directors(series_id, season_number):
    """"""
    Retrieves credits for a specific season and filters for directors.
    """"""
    try:
        credits = Get_tv_season_credits(series_id=series_id, season_number=season_number)
        return filter_directors_from_credits(credits)
    except Exception as e:
        print(f""Error while retrieving season credits: {e}"")
        return []

def main():
    """"""
    Orchestrates the process of finding directors for a specific season of a show.
    """"""
    # 1. Find the TV show ID
    show_id = find_tv_show_id(TARGET_SHOW_NAME)
    if show_id is None:
        return

    # 2. Get directors for the specified season
    directors = get_season_directors(show_id, TARGET_SEASON_NUMBER)

    # 3. Output the results
    if directors:
        print(f""The directors of season {TARGET_SEASON_NUMBER} of '{TARGET_SHOW_NAME}' are:"")
        for director in directors:
            print(f""- {director}"")
    else:
        print(f""No directors found for season {TARGET_SEASON_NUMBER} of '{TARGET_SHOW_NAME}'."")

if __name__ == ""__main__"":
    try:
        main()
    except Exception:
        traceback.print_exc(file=sys.stderr)",2,"[""Search_tv"", ""Get_tv_season_credits""]",1,"[""restbench tools""]",No directors found for season 1 of 'House of Cards'.,,43.4291,0.0
I want some tv shows that similar to House of Cards,1,1,3,5370,0,[],0,0,0,0,0,"import sys
from pathlib import Path
PROJECT_ROOT = Path(__file__).resolve().parents[1]
RESTBENCH_TOOLS_DIR = PROJECT_ROOT / 'restbench tools'
if str(RESTBENCH_TOOLS_DIR) not in sys.path:
    sys.path.insert(0, str(RESTBENCH_TOOLS_DIR))

from Search_tv import Search_tv
from Get_similar_tv import Get_similar_tv

import traceback

# --- Constants ---
TARGET_SHOW_NAME = ""House of Cards""

def get_tv_show_id(show_name):
    """"""
    Searches for a TV show by name and extracts its unique ID.
    """"""
    try:
        # Rule 3 & 10: Use Search_tv with 'query' parameter. 
        # response_schema shows results is an array of objects containing 'id'.
        search_response = Search_tv(query=show_name)
        
        results = search_response.get(""results"", [])
        if not results:
            print(f""No TV shows found matching '{show_name}'."")
            return None
        
        # Return the ID of the first result
        return results[0].get(""id"")
    except Exception as e:
        print(f""Error while searching for TV show ID: {e}"")
        return None

def get_similar_recommendations(series_id):
    """"""
    Fetches a list of similar TV shows based on the provided series ID.
    """"""
    try:
        # Rule 3 & 10: Use Get_similar_tv with 'series_id' parameter.
        # response_schema shows results is an array of TV show objects.
        similar_response = Get_similar_tv(series_id=series_id)
        
        return similar_response.get(""results"", [])
    except Exception as e:
        print(f""Error while fetching similar TV shows: {e}"")
        return []

def orchestrate_recommendations():
    """"""
    Main logic to find a show and get its similar counterparts.
    """"""
    # Step 1: Find the ID of the target show
    show_id = get_tv_show_id(TARGET_SHOW_NAME)
    if show_id is None:
        return

    # Step 2: Get similar shows
    recommendations = get_similar_recommendations(show_id)
    
    if not recommendations:
        print(f""No similar shows found for {TARGET_SHOW_NAME}."")
        return

    # Rule 6: Readable and task-oriented output
    print(f""TV shows similar to '{TARGET_SHOW_NAME}':"")
    print(""-"" * 40)
    for show in recommendations:
        name = show.get(""name"", ""Unknown Name"")
        rating = show.get(""vote_average"", ""N/A"")
        overview = show.get(""overview"", ""No description available."")
        print(f""Title: {name}"")
        print(f""Rating: {rating}"")
        print(f""Overview: {overview}"")
        print(""-"" * 40)

if __name__ == ""__main__"":
    try:
        orchestrate_recommendations()
    except Exception:
        # Rule 9: Top-level exception handler printing full traceback to stderr
        traceback.print_exc(file=sys.stderr)",2,"[""Search_tv"", ""Get_similar_tv""]",1,"[""restbench tools""]","TV shows similar to 'House of Cards':
----------------------------------------
Title: Thriller
Rating: 6.909
Overview: Thriller is a British television series, originally broadcast in the UK from 1973 to 1976. It is an anthology series: each episode has a self-contained story and its own cast. As the title suggests, each story is a thriller of some variety, from tales of the supernatural to down-to-earth whodunits.
----------------------------------------
Title: NYPD Blue
Rating: 7.052
Overview: Police drama set in New York City, exploring the internal and external struggles of the fictional 15th precinct of Manhattan. Each episode typically intertwined several plots involving an ensemble cast.
----------------------------------------
Title: Washington: Behind Closed Doors
Rating: 7.75
Overview: CIA director Bill Martin knows that an incoming president means a new direction for the country—and another set of eyes on the top secret Primula Report. Martin tries to build a rapport with his new boss, but President Richard Monckton is more interested in settling old scores and cleaning house with the help of the FBI.
----------------------------------------
Title: Electromagnetic Girlfriend
Rating: 6.844
Overview: Delinquent Juu Juuzawa is a lone wolf who does not see much use in befriending people. So when a girl named Ame Ochibana claims they are linked together from their previous lives, he is highly skeptical and doesn't want anything to do with her. Even stranger is that her fondest wish is to be his servant. Thinking that Ame must be delusional, he tries to distance himself from her. But when a classmate is murdered, Juu instead decides to keep her close, believing the strange girl to be the culprit. However, her intelligence and skill begin to prove invaluable as the two begin working together to solve the murder.
----------------------------------------
Title: Secrets We Keep
Rating: 6.681
Overview: When a neighbor's au pair vanishes from her wealthy suburb, Cecilie seeks answers — and unravels secrets that shatter her seemingly perfect world.
----------------------------------------
Title: The Asset
Rating: 7.2
Overview: A young agent goes undercover to befriend a drug smuggler's wife. But the closer she gets to her target, the more complicated her mission becomes.
----------------------------------------
Title: Why Women Kill
Rating: 0.0
Overview: Wen Qi, who was gaslighted and persecuted by her manipulative husband, Lin Mo Fan, leaves home and finally learns the truth about her marriage, thanks to her friend Jing Jing. She was the victim of a scammer who used emotional triggers to get what he wanted. Now that she is aware of everything that happened. She decides to take revenge, joining hands with his mistress, Chen Shan Shan.
----------------------------------------
Title: Sinchronicity
Rating: 4.6
Overview: In Manchester, Nathan is in a love triangle with Fi and Jase, and the trio explore how chance and coincidence shape their lives.
----------------------------------------
Title: Cain's Hundred
Rating: 5.25
Overview: A former underworld lawyer goes to work for the Federal Government, determined to bring 100 top criminals to justice.
----------------------------------------
Title: The Debut
Rating: 9.0
Overview: Fame decides to audition for the famous idol group ""Newtype"" to find the truth about the death of her sister Farn, a former member of the group. She need to change herself from a rock girl to fit into Newtype, with the help of Kla. Her investigation led her to witness that many members of the group have violated their own rules. This entire experience also created a conflict with her rocker boyfriend Ble, who does not like the fact that they are in a secret relationship

What will Fame do? And what will she choose between her relationship and finding out the truth?
----------------------------------------
Title: Bodies
Rating: 7.116
Overview: One victim, found dead on a London street. Four detectives, in four different time periods, must solve the mystery to protect Britain's future.
----------------------------------------
Title: Money Game
Rating: 8.7
Overview: When Jeongin Bank faces bankruptcy, the Financial Services Commission aims to preempt Korea from another economic meltdown as it did in the 1997 financial crisis. With the Korean government having a substantial stake in the bank, things get serious. Chae Yi Hun is the chief of financial policy at the FSC. He hides the fact that renowned economist Chae Byung Hak is his father. Heo Jae is the chairman of the FSC and has ambitious intentions of fortifying the country's financial infrastructure. Lee Hye Joon is a girl who came from nothing. She works at the Ministry of Economy and Finance and wants to see the utopian economy with change. The money game begins now.
----------------------------------------
Title: The Killer Next Door
Rating: 4.667
Overview: A romance story between Yun Je, a timid part-timer who is afraid of blood and kills people in outrageous ways, and Jin Hyeok, a former superstar baseball player who has been saving Yun Je's targets for some time.

(Source: Korean = NamuWiki || Translation = MyDramaList)
----------------------------------------
Title: Secret Love
Rating: 8.095
Overview: A falsely accused Yoo Jung fights her innocence against her prosecutor's fiancée and an insane heir to a conglomerate.
----------------------------------------
Title: Battleground
Rating: 8.8
Overview: Battleground is a mockumentary comedy-drama television series created by J. D. Walsh streamed on Hulu. The show follows a group of political campaign staffers working to elect a dark horse candidate to the U.S. Senate in the battleground state of Wisconsin. Walsh serves as executive producer alongside Hagai Shaham and Marc Webb.

The show marks Hulu's first foray into original scripted programming. It premiered online on February 14, 2012.
----------------------------------------
Title: 暗光
Rating: 7.0
Overview: It seems like an accidental encounter in a bar, but Qin Yu Lin, the driver of Xingyao Group, lies in the bed of Xu En Xin, the daughter of Fenghua Chamber of Commerce. Xu En Xin is deeply attracted to Qin Yu Lin and asks Zhou Xing Han, the president of Xingyao Group, for him, so he becomes her exclusive driver. He will silently remember all her preferences, will hand her just the right amount of coffee when she is tired, and will be the first to stand in front of her when danger comes. Xu En Xin gradually finds that she is becoming more and more dependent on this driver.
----------------------------------------
Title: 公主的交换人生
Rating: 0.0
Overview: Zheng Ke, the number one assassin in the world, who went to the palace to prepare to assassinate his father in order to avenge his death. However, he never imagined that a huge conspiracy was about to be revealed. Zheng Ke, who was dormant in the palace, accidentally exchanged bodies with Qi Waner, the princess who was loved by thousands of people. So, the two began to look for a way to switch back together.

As their understanding deepened, the two went from being suspicious of each other to protecting and understanding each other, gradually strengthened their feelings for each other, and worked together to overthrow the conspiracy of the prime minister who attempted rebellion...
----------------------------------------
Title: Casino
Rating: 8.0
Overview: 
----------------------------------------
Title: The Politician's Husband
Rating: 6.8
Overview: A drama about the shifting power in a marriage when the personal and political collide.
----------------------------------------
Title: G.B.H.
Rating: 6.294
Overview: GBH was a seven-part British television drama written by Alan Bleasdale shown in the summer of 1991 on Channel 4. The protagonists were Michael Murray, the Militant tendency-supporting Labour leader of a city council in the North of England and Jim Nelson, the headmaster of a school for disturbed children.

The series was controversial partly because Murray appeared to be based on Derek Hatton, former Deputy Leader of Liverpool City Council — in an interview in the G.B.H. DVD Bleasdale recounts an accidental meeting with Hatton before the series, who indicates that he has caught wind of Bleasdale's intentions but does not mind as long as the actor playing him is ""handsome"".

In normal parlance, the initials ""GBH"" refer to the criminal charge of grievous bodily harm - however, the actual intent of the letters is that it is supposed to stand for Great British Holiday.
----------------------------------------",,74.7789,0.0
When did the most popular TV show currently on the air start?,1,1,3,6767,0,[],0,0,0,0,0,"import sys
from pathlib import Path
PROJECT_ROOT = Path(__file__).resolve().parents[1]
RESTBENCH_TOOLS_DIR = PROJECT_ROOT / 'restbench tools'
if str(RESTBENCH_TOOLS_DIR) not in sys.path:
    sys.path.insert(0, str(RESTBENCH_TOOLS_DIR))

from Get_on_the_air_tv import Get_on_the_air_tv
from Get_tv_details import Get_tv_details

import traceback

# Constants
# No specific filters or counts required by user_requirement, 
# but we define the target field for clarity.
POPULARITY_KEY = ""popularity""
FIRST_AIR_DATE_KEY = ""first_air_date""

def fetch_most_popular_on_air_show_id():
    """"""
    Fetches the list of TV shows currently on the air and identifies 
    the one with the highest popularity score.
    """"""
    try:
        data = Get_on_the_air_tv()
        results = data.get(""results"", [])
        
        if not results:
            return None
        
        # Find the show with the maximum popularity
        most_popular_show = max(results, key=lambda x: x.get(POPULARITY_KEY, 0))
        return most_popular_show.get(""id"")
    except Exception as e:
        print(f""Error fetching most popular on-air show: {e}"")
        return None

def fetch_show_start_date(series_id):
    """"""
    Retrieves the details of a specific TV show and extracts its first air date.
    """"""
    if series_id is None:
        return None
        
    try:
        details = Get_tv_details(series_id)
        # Based on response_schema, the key is 'first_air_date'
        return details.get(FIRST_AIR_DATE_KEY)
    except Exception as e:
        print(f""Error fetching start date for show ID {series_id}: {e}"")
        return None

def main():
    """"""
    Orchestrates the process of finding the most popular on-air show 
    and determining when it started.
    """"""
    try:
        show_id = fetch_most_popular_on_air_show_id()
        if show_id is None:
            print(""No TV shows currently on the air were found."")
            return

        start_date = fetch_show_start_date(show_id)
        
        if start_date:
            # We can also fetch the name for a more readable output
            # but the requirement specifically asks ""When did... start?""
            print(f""The most popular TV show currently on the air started on: {start_date}"")
        else:
            print(""Could not retrieve the start date for the most popular show."")
            
    except Exception:
        traceback.print_exc(file=sys.stderr)

if __name__ == ""__main__"":
    main()",2,"[""Get_on_the_air_tv"", ""Get_tv_details""]",1,"[""restbench tools""]",The most popular TV show currently on the air started on: 2022-08-21,,37.1555,0.0
tell me a few more works directed by the director of Django Unchained,1,1,3,6735,0,[],0,0,0,0,0,"import sys
from pathlib import Path
PROJECT_ROOT = Path(__file__).resolve().parents[1]
RESTBENCH_TOOLS_DIR = PROJECT_ROOT / 'restbench tools'
if str(RESTBENCH_TOOLS_DIR) not in sys.path:
    sys.path.insert(0, str(RESTBENCH_TOOLS_DIR))

from Search_movie import Search_movie
from Get_movie_credits import Get_movie_credits
from Get_person_movie_credits import Get_person_movie_credits

import traceback

# --- Constants ---
TARGET_MOVIE_TITLE = ""Django Unchained""
DIRECTOR_JOB_TITLE = ""Director""
MAX_WORKS_TO_DISPLAY = 5

def find_movie_id(movie_title):
    """"""
    Searches for a movie by title and returns its ID.
    """"""
    data = Search_movie(query=movie_title)
    results = data.get(""results"", [])
    if not results:
        return None
    
    # Return the first result's ID as the most likely match
    return results[0].get(""id"")

def get_director_id(movie_id):
    """"""
    Retrieves the ID of the person with the job 'Director' for a given movie.
    """"""
    credits = Get_movie_credits(movie_id=movie_id)
    crew = credits.get(""crew"", [])
    
    for member in crew:
        # Rule 14: Lenient comparison for job title
        if member.get(""job"", """").lower() == DIRECTOR_JOB_TITLE.lower():
            return member.get(""id"")
    
    return None

def get_director_works(person_id):
    """"""
    Retrieves movies directed by the person, excluding the target movie if present.
    """"""
    credits = Get_person_movie_credits(person_id=person_id)
    crew_works = credits.get(""crew"", [])
    
    directed_movies = []
    for work in crew_works:
        if work.get(""job"", """").lower() == DIRECTOR_JOB_TITLE.lower():
            directed_movies.append(work.get(""title""))
            
    return directed_movies

def orchestrate_director_search():
    """"""
    Main logic flow to find other works by the director of the target movie.
    """"""
    # 1. Find the movie ID
    movie_id = find_movie_id(TARGET_MOVIE_TITLE)
    if movie_id is None:
        print(f""Could not find movie: {TARGET_MOVIE_TITLE}"")
        return

    # 2. Find the director's ID
    director_id = get_director_id(movie_id)
    if director_id is None:
        print(f""Could not find the director for movie ID: {movie_id}"")
        return

    # 3. Get all works directed by this person
    all_works = get_director_works(director_id)
    if not all_works:
        print(""No directed works found for this director."")
        return

    # 4. Filter out the target movie to find ""more works""
    other_works = [title for title in all_works if title != TARGET_MOVIE_TITLE]
    
    if not other_works:
        print(f""No other works found besides {TARGET_MOVIE_TITLE}."")
        return

    # 5. Format and print output
    print(f""Director of '{TARGET_MOVIE_TITLE}' has also directed:"")
    for i, title in enumerate(other_works[:MAX_WORKS_TO_DISPLAY], 1):
        print(f""{i}. {title}"")

if __name__ == ""__main__"":
    try:
        orchestrate_director_search()
    except Exception:
        traceback.print_exc(file=sys.stderr)",3,"[""Search_movie"", ""Get_movie_credits"", ""Get_person_movie_credits""]",1,"[""restbench tools""]","Director of 'Django Unchained' has also directed:
1. Four Rooms
2. Grindhouse
3. Reservoir Dogs
4. Reservoir Dogs
5. Pulp Fiction",,59.8451,0.0
tell me the cast of a TV show on the air,0,0,3,5879,0,[],0,0,0,0,0,"import sys
from pathlib import Path
PROJECT_ROOT = Path(__file__).resolve().parents[1]
RESTBENCH_TOOLS_DIR = PROJECT_ROOT / 'restbench tools'
if str(RESTBENCH_TOOLS_DIR) not in sys.path:
    sys.path.insert(0, str(RESTBENCH_TOOLS_DIR))

from Get_on_the_air_tv import Get_on_the_air_tv
from Get_credit_details import Get_credit_details

import traceback

# --- Constants ---
# Since the user requirement is ""tell me the cast of a TV show on the air"",
# we will pick the first available show from the ""on the air"" list.
SELECTED_SHOW_INDEX = 0

def fetch_airing_shows():
    """"""
    Retrieves the list of TV shows currently on the air.
    """"""
    try:
        data = Get_on_the_air_tv()
        # Based on response_schema, results is an array of show objects
        return data.get(""results"", [])
    except Exception as e:
        print(f""Error fetching airing shows: {e}"")
        return []

def fetch_show_cast(show_id):
    """"""
    Retrieves the credit details for a specific show ID.
    """"""
    try:
        # Based on API_calling_code, Get_credit_details takes credit_id
        # Note: The pseudocode uses show_id as credit_id.
        cast_data = Get_credit_details(show_id)
        return cast_data
    except Exception as e:
        print(f""Error fetching cast for show ID {show_id}: {e}"")
        return None

def process_cast_information(cast_data):
    """"""
    Extracts and formats the cast member's name and their character.
    """"""
    if not cast_data:
        return ""No cast information available.""

    # Based on response_schema for Get_credit_details:
    # person -> name
    # media -> character
    person = cast_data.get(""person"", {})
    media = cast_data.get(""media"", {})
    
    actor_name = person.get(""name"", ""Unknown Actor"")
    character_name = media.get(""character"", ""Unknown Character"")
    
    return f""Actor: {actor_name}, Character: {character_name}""

def main():
    """"""
    Orchestrates the flow to find a show on the air and display its cast.
    """"""
    # 1. Get shows on the air
    shows = fetch_airing_shows()
    
    if not shows:
        print(""No TV shows currently on the air were found."")
        return

    # 2. Select a show based on the constant index
    try:
        selected_show = shows[SELECTED_SHOW_INDEX]
        show_name = selected_show.get(""name"", ""Unknown Show"")
        show_id = selected_show.get(""id"")
        
        print(f""Selected Show: {show_name} (ID: {show_id})"")
    except IndexError:
        print(""The list of airing shows is empty."")
        return

    if show_id is None:
        print(""Could not retrieve ID for the selected show."")
        return

    # 3. Get the cast details for that show
    cast_info = fetch_show_cast(show_id)
    
    # 4. Format and print the result
    result = process_cast_information(cast_info)
    print(f""Cast Details: {result}"")

if __name__ == ""__main__"":
    try:
        main()
    except Exception:
        traceback.print_exc(file=sys.stderr)",2,"[""Get_on_the_air_tv"", ""Get_credit_details""]",1,"[""restbench tools""]","Selected Show: House of the Dragon (ID: 94997)
Error fetching cast for show ID 94997: API request failed with status code 404: {""success"":false,""status_code"":34,""status_message"":""The resource you requested could not be found.""}
Cast Details: No cast information available.",,80.5736,0.0
I need a review for Breaking Bad,1,1,3,5404,0,[],0,0,0,0,0,"import sys
from pathlib import Path
PROJECT_ROOT = Path(__file__).resolve().parents[1]
RESTBENCH_TOOLS_DIR = PROJECT_ROOT / 'restbench tools'
if str(RESTBENCH_TOOLS_DIR) not in sys.path:
    sys.path.insert(0, str(RESTBENCH_TOOLS_DIR))

from Search_tv import Search_tv
from Get_tv_series_reviews import Get_tv_series_reviews

import traceback

# --- Constants ---
TARGET_TV_SHOW = ""Breaking Bad""

def find_tv_show_id():
    """"""
    Searches for the TV show based on the TARGET_TV_SHOW constant 
    and extracts the ID from the first result.
    """"""
    try:
        search_response = Search_tv(query=TARGET_TV_SHOW)
        results = search_response.get(""results"", [])
        
        if not results:
            print(f""No TV shows found matching '{TARGET_TV_SHOW}'."")
            return None
        
        # Use the first result as the most relevant match
        first_result = results[0]
        show_id = first_result.get(""id"")
        
        if show_id is None:
            print(""Could not find an ID for the TV show."")
            return None
            
        return show_id
    except Exception as e:
        print(f""Error while searching for TV show: {e}"")
        return None

def fetch_show_reviews(series_id):
    """"""
    Fetches reviews for a specific TV series ID.
    """"""
    try:
        reviews_response = Get_tv_series_reviews(series_id=series_id)
        return reviews_response.get(""results"", [])
    except Exception as e:
        print(f""Error while fetching reviews: {e}"")
        return None

def orchestrate_review_retrieval():
    """"""
    Main logic to find the show and print its reviews.
    """"""
    show_id = find_tv_show_id()
    if show_id is None:
        return

    reviews = fetch_show_reviews(show_id)
    
    if reviews is None:
        print(""Failed to retrieve reviews."")
        return

    if not reviews:
        print(f""No reviews found for {TARGET_TV_SHOW}."")
        return

    print(f""Reviews for {TARGET_TV_SHOW}:"")
    print(""-"" * 40)
    for idx, review in enumerate(reviews, 1):
        author = review.get(""author"", ""Unknown Author"")
        content = review.get(""content"", ""No content available."")
        print(f""Review {idx} by {author}:"")
        print(f""{content}\n"")

if __name__ == ""__main__"":
    try:
        orchestrate_review_retrieval()
    except Exception:
        traceback.print_exc(file=sys.stderr)",2,"[""Search_tv"", ""Get_tv_series_reviews""]",1,"[""restbench tools""]","Reviews for Breaking Bad:
----------------------------------------
Review 1 by slyone10001:
Wow....where to start. Not really into ""DRUG"" inspired shows. But this one had me from the start. The only bad about this show was the split seasons when it was a first run show. But now you can go right through to the next episode with out having to wait.....MUST WATCH ! !

Review 2 by Dean:
I'll be honest, at first when I started this TV show and finished first season, I didn't like it. It felt boring for me and I stopped watching, but after few years, I decided to give it a chance and continue. I'm so happy because of my decision, because after finishing this TV show, I can definitely tell that it was a masterpiece! 5th season is a bomb and 14th season was shocking! It left me with sad, euphoric shock feeling. It was mind blowing! I'm not gonna spoil you what happened, but if you started first season and you don't like it, for goodness sake, give it a chance and continue watching. I promise you won't regret.



Characters are very well developed. Acting is superb! Plot is very interesting. Whole TV show is tense, especially the last season. The only downside I can think about is camera. Sometimes it's shaking on some certain scenes. I don't know why they didn't pay attention to this, but this is nothing, just a very minor minus. Everything else is great about this TV show.

Review 3 by l33t5p34k3r:
Started out really good, but dropped quality after the second to last season

Review 4 by drystyx:
This is the kind of TV show for the ""formula lovers"" who want to feel superior.

There is an air of the superiority complex of the ""drug knowledgeable"" crowd in this series about a ""smart guy"" breaking into the drug trade.

His ""talent"" makes him the important cog in the machine. He can call his shots.

Still, the ruffians give him a rough way to go, because criminals really are stupid.

Once they learn that they are nothing without him, he gets his way.

Much like a Western town blacksmith, he's the needed ingredient.

However, things get very formula early on in the show. And there's always this sense of a superiority complex from the sort of people who push shows like this onto their friends and acquaintances. The directing writing team tap into the control freak crowd very well.

But it is a dull show about dull people.

Review 5 by mroogway__:
My favorite TV show of all time. Such a timeless masterpiece that never disappoints every rewatch. A MUST WATCH!",,74.9873,0.0
I'm watching the tv series The Last Of Us and I need some more recommendations,1,1,3,5509,0,[],0,0,0,0,0,"import sys
from pathlib import Path
PROJECT_ROOT = Path(__file__).resolve().parents[1]
RESTBENCH_TOOLS_DIR = PROJECT_ROOT / 'restbench tools'
if str(RESTBENCH_TOOLS_DIR) not in sys.path:
    sys.path.insert(0, str(RESTBENCH_TOOLS_DIR))

from Search_tv import Search_tv
from Get_tv_recommendations import Get_tv_recommendations

import traceback

# --- Constants ---
TARGET_SERIES_NAME = ""The Last Of Us""

def get_series_id_by_name(name):
    """"""
    Searches for a TV series by name and extracts its unique ID.
    """"""
    try:
        search_response = Search_tv(query=name)
        results = search_response.get(""results"", [])
        
        if not results:
            print(f""No TV series found matching '{name}'."")
            return None
        
        # Use the first result as the most relevant match
        series_id = results[0].get(""id"")
        return series_id
    except Exception as e:
        print(f""Error while searching for series ID: {e}"")
        return None

def get_recommendations_for_series(series_id):
    """"""
    Fetches recommendations based on a specific TV series ID.
    """"""
    try:
        rec_response = Get_tv_recommendations(series_id=series_id)
        # Extract the 'results' list from the response schema
        recommendations = rec_response.get(""results"", [])
        return recommendations
    except Exception as e:
        print(f""Error while fetching recommendations: {e}"")
        return []

def orchestrate_recommendations():
    """"""
    Main logic flow to find a series and get its recommendations.
    """"""
    # 1. Find the ID for the target series
    series_id = get_series_id_by_name(TARGET_SERIES_NAME)
    
    if series_id is None:
        print(""Could not proceed without a valid series ID."")
        return

    # 2. Get recommendations using that ID
    recommendations = get_recommendations_for_series(series_id)
    
    if not recommendations:
        print(f""No recommendations found for {TARGET_SERIES_NAME}."")
        return

    # 3. Format and print the output
    print(f""Recommendations for '{TARGET_SERIES_NAME}':"")
    print(""-"" * 50)
    for idx, item in enumerate(recommendations, 1):
        name = item.get(""name"", ""Unknown Name"")
        overview = item.get(""overview"", ""No description available."")
        rating = item.get(""vote_average"", ""N/A"")
        print(f""{idx}. {name} (Rating: {rating})"")
        print(f""   Overview: {overview}\n"")

if __name__ == ""__main__"":
    try:
        orchestrate_recommendations()
    except Exception:
        traceback.print_exc(file=sys.stderr)",2,"[""Search_tv"", ""Get_tv_recommendations""]",1,"[""restbench tools""]","Recommendations for 'The Last Of Us':
--------------------------------------------------
1. 12 Monkeys (Rating: 7.416)
   Overview: The provocative story of Cole, a time traveler from a decimated future in a high-stakes race against the clock. Utilizing a dangerous and untested method of time travel, he journeys from 2043 to the present day on a mission to locate and eradicate the source of a deadly plague that will all but annihilate the human race.

2. Z Nation (Rating: 7.263)
   Overview: Three years after the zombie virus has gutted the country, a team of everyday heroes must transport the only known survivor of the plague from New York to California, where the last functioning viral lab waits for his blood.

3. Station Eleven (Rating: 7.076)
   Overview: The survivors of a devastating flu attempt to rebuild and reimagine the world anew – while holding on to the best of what’s been lost.

4. War of the Worlds (Rating: 7.254)
   Overview: When astronomers detect a transmission from another galaxy, it is definitive proof of intelligent extra-terrestrial life. The world’s population waits for further contact with bated breath. They do not have to wait long. Within days, mankind is all but wiped out by a devastating attack; pockets of humanity are left in an eerily deserted world. As aliens hunt and kill those left alive, the survivors ask a burning question – who are these attackers and why are they hell-bent on our destruction?

5. Fallout (Rating: 8.124)
   Overview: The story of haves and have-nots in a world in which there's almost nothing left to have. 200 years after the apocalypse, the gentle denizens of luxury fallout shelters are forced to return to the irradiated hellscape their ancestors left behind — and are shocked to discover an incredibly complex, gleefully weird, and highly violent universe waiting for them.

6. The Stand (Rating: 6.811)
   Overview: In a world mostly wiped out by the plague and embroiled in an elemental struggle between good and evil, the fate of mankind rests on the frail shoulders of the 108-year-old Mother Abagail and a handful of survivors. Their worst nightmares are embodied in a man with a lethal smile and unspeakable powers: Randall Flagg, the Dark Man.

7. The Last Ship (Rating: 6.865)
   Overview: Their mission is simple: Find a cure. Stop the virus. Save the world. When a global pandemic wipes out eighty percent of the planet's population, the crew of a lone naval destroyer must find a way to pull humanity from the brink of extinction.

8. The Stand (Rating: 6.808)
   Overview: After a deadly plague kills most of the world’s population, the remaining survivors split into two groups - one led by a benevolent elder and the other by a maleficent being - to face each other in a final battle between good and evil.

9. The Walking Dead: World Beyond (Rating: 7.339)
   Overview: A heroic group of teens sheltered from the dangers of the post-apocalyptic world receive a message that inspires them to leave the safety of the only home they have ever known and embark on a cross-country journey to find the one man who can possibly save the world.

10. Fear the Walking Dead (Rating: 7.617)
   Overview: What did the world look like as it was transforming into the horrifying apocalypse depicted in ""The Walking Dead""? This spin-off set in Los Angeles, following new characters as they face the beginning of the end of the world, will answer that question.

11. The Walking Dead (Rating: 8.086)
   Overview: Sheriff's deputy Rick Grimes awakens from a coma to find a post-apocalyptic world dominated by flesh-eating zombies. He sets out to find his family and encounters many other survivors along the way.

12. Black Summer (Rating: 6.961)
   Overview: In the dark, early days of a zombie apocalypse, complete strangers band together to find the strength they need to survive and get back to loved ones.

13. Sweet Tooth (Rating: 7.769)
   Overview: On a perilous adventure across a post-apocalyptic world, a lovable boy who's half-human and half-deer searches for a new beginning with a gruff protector.

14. Y: The Last Man (Rating: 6.696)
   Overview: Traverse a post-apocalyptic world in which a cataclysmic event decimates every mammal with a Y chromosome but for one cisgender man and his pet monkey. Follow the survivors in this new world as they struggle with their efforts to restore what was lost and the opportunity to build something better.

15. The Strain (Rating: 7.463)
   Overview: A high concept thriller that tells the story of Dr. Ephraim Goodweather, the head of the Center for Disease Control Canary Team in New York City. He and his team are called upon to investigate a mysterious viral outbreak with hallmarks of an ancient and evil strain of vampirism. As the strain spreads, Eph, his team, and an assembly of everyday New Yorkers, wage war for the fate of humanity itself.

16. Defiance (Rating: 6.767)
   Overview: In the near future, planet Earth is permanently altered following the sudden—and tumultuous—arrival of seven unique alien races. In the boom-town of Defiance, the newly-formed civilization of humans and aliens must learn to co-exist peacefully.

17. Tracker (Rating: 7.55)
   Overview: Lone-wolf survivalist Colter Shaw roams the country as a “reward seeker,” using his expert tracking skills to help private citizens and law enforcement solve all manner of mysteries while contending with his own fractured family.

18. The 100 (Rating: 7.88)
   Overview: 100 years in the future, when the Earth has been abandoned due to radioactivity, the last surviving humans live on an ark orbiting the planet — but the ark won't last forever. So the repressive regime picks 100 expendable juvenile delinquents to send down to Earth to see if the planet is still habitable.

19. Mr. Robot (Rating: 8.267)
   Overview: A young programmer, Elliot, suffers from a debilitating anti-social disorder and decides that he can only connect to people by hacking them. He wields his skills as a weapon to protect the people that he cares about. Elliot finds himself in the intersection between a cybersecurity firm he works for and the underworld organizations that are recruiting him to bring down corporate America.

20. Snowpiercer (Rating: 7.364)
   Overview: More than seven years after the world has become a frozen wasteland, the remnants of humanity inhabit a gigantic, perpetually-moving train that circles the globe as class warfare, social injustice and the politics of survival play out.",,134.7578,0.0
I'm watching a TV show called The Last Of Us and I need some more recommendations,1,1,3,5514,0,[],0,0,0,0,0,"import sys
from pathlib import Path
PROJECT_ROOT = Path(__file__).resolve().parents[1]
RESTBENCH_TOOLS_DIR = PROJECT_ROOT / 'restbench tools'
if str(RESTBENCH_TOOLS_DIR) not in sys.path:
    sys.path.insert(0, str(RESTBENCH_TOOLS_DIR))

from Search_tv import Search_tv
from Get_tv_recommendations import Get_tv_recommendations

import traceback

# --- Constants ---
TARGET_SHOW_NAME = ""The Last Of Us""

def get_tv_show_id(show_name):
    """"""
    Searches for a TV show by name and extracts its unique ID.
    """"""
    try:
        # Search_tv returns a dict with a 'results' list
        search_data = Search_tv(query=show_name)
        results = search_data.get(""results"", [])
        
        if not results:
            print(f""No TV shows found matching '{show_name}'."")
            return None
        
        # Use the first result as the primary match
        first_match = results[0]
        show_id = first_match.get(""id"")
        return show_id
    except Exception as e:
        print(f""Error while searching for TV show ID: {e}"")
        return None

def get_show_recommendations(show_id):
    """"""
    Fetches a list of recommended TV shows based on a specific show ID.
    """"""
    try:
        # Get_tv_recommendations returns a dict with a 'results' list
        rec_data = Get_tv_recommendations(series_id=show_id)
        recommendations = rec_data.get(""results"", [])
        return recommendations
    except Exception as e:
        print(f""Error while fetching recommendations: {e}"")
        return []

def orchestrate_recommendations():
    """"""
    Main logic flow to find a show and get its recommendations.
    """"""
    # 1. Find the ID of the target show
    show_id = get_tv_show_id(TARGET_SHOW_NAME)
    if show_id is None:
        return

    # 2. Get recommendations using that ID
    recommendations = get_show_recommendations(show_id)
    
    if not recommendations:
        print(f""No recommendations found for '{TARGET_SHOW_NAME}'."")
        return

    # 3. Format and print the output
    print(f""Recommendations for '{TARGET_SHOW_NAME}':"")
    print(""-"" * 40)
    for idx, show in enumerate(recommendations, 1):
        name = show.get(""name"", ""Unknown Name"")
        rating = show.get(""vote_average"", ""N/A"")
        overview = show.get(""overview"", ""No description available."")
        print(f""{idx}. {name} (Rating: {rating})"")
        print(f""   Overview: {overview}\n"")

if __name__ == ""__main__"":
    try:
        orchestrate_recommendations()
    except Exception:
        traceback.print_exc(file=sys.stderr)",2,"[""Search_tv"", ""Get_tv_recommendations""]",1,"[""restbench tools""]","Recommendations for 'The Last Of Us':
----------------------------------------
1. 12 Monkeys (Rating: 7.416)
   Overview: The provocative story of Cole, a time traveler from a decimated future in a high-stakes race against the clock. Utilizing a dangerous and untested method of time travel, he journeys from 2043 to the present day on a mission to locate and eradicate the source of a deadly plague that will all but annihilate the human race.

2. Z Nation (Rating: 7.263)
   Overview: Three years after the zombie virus has gutted the country, a team of everyday heroes must transport the only known survivor of the plague from New York to California, where the last functioning viral lab waits for his blood.

3. Station Eleven (Rating: 7.076)
   Overview: The survivors of a devastating flu attempt to rebuild and reimagine the world anew – while holding on to the best of what’s been lost.

4. War of the Worlds (Rating: 7.254)
   Overview: When astronomers detect a transmission from another galaxy, it is definitive proof of intelligent extra-terrestrial life. The world’s population waits for further contact with bated breath. They do not have to wait long. Within days, mankind is all but wiped out by a devastating attack; pockets of humanity are left in an eerily deserted world. As aliens hunt and kill those left alive, the survivors ask a burning question – who are these attackers and why are they hell-bent on our destruction?

5. Fallout (Rating: 8.124)
   Overview: The story of haves and have-nots in a world in which there's almost nothing left to have. 200 years after the apocalypse, the gentle denizens of luxury fallout shelters are forced to return to the irradiated hellscape their ancestors left behind — and are shocked to discover an incredibly complex, gleefully weird, and highly violent universe waiting for them.

6. The Stand (Rating: 6.811)
   Overview: In a world mostly wiped out by the plague and embroiled in an elemental struggle between good and evil, the fate of mankind rests on the frail shoulders of the 108-year-old Mother Abagail and a handful of survivors. Their worst nightmares are embodied in a man with a lethal smile and unspeakable powers: Randall Flagg, the Dark Man.

7. The Last Ship (Rating: 6.865)
   Overview: Their mission is simple: Find a cure. Stop the virus. Save the world. When a global pandemic wipes out eighty percent of the planet's population, the crew of a lone naval destroyer must find a way to pull humanity from the brink of extinction.

8. The Stand (Rating: 6.808)
   Overview: After a deadly plague kills most of the world’s population, the remaining survivors split into two groups - one led by a benevolent elder and the other by a maleficent being - to face each other in a final battle between good and evil.

9. The Walking Dead: World Beyond (Rating: 7.339)
   Overview: A heroic group of teens sheltered from the dangers of the post-apocalyptic world receive a message that inspires them to leave the safety of the only home they have ever known and embark on a cross-country journey to find the one man who can possibly save the world.

10. Fear the Walking Dead (Rating: 7.617)
   Overview: What did the world look like as it was transforming into the horrifying apocalypse depicted in ""The Walking Dead""? This spin-off set in Los Angeles, following new characters as they face the beginning of the end of the world, will answer that question.

11. The Walking Dead (Rating: 8.086)
   Overview: Sheriff's deputy Rick Grimes awakens from a coma to find a post-apocalyptic world dominated by flesh-eating zombies. He sets out to find his family and encounters many other survivors along the way.

12. Black Summer (Rating: 6.961)
   Overview: In the dark, early days of a zombie apocalypse, complete strangers band together to find the strength they need to survive and get back to loved ones.

13. Sweet Tooth (Rating: 7.769)
   Overview: On a perilous adventure across a post-apocalyptic world, a lovable boy who's half-human and half-deer searches for a new beginning with a gruff protector.

14. Y: The Last Man (Rating: 6.696)
   Overview: Traverse a post-apocalyptic world in which a cataclysmic event decimates every mammal with a Y chromosome but for one cisgender man and his pet monkey. Follow the survivors in this new world as they struggle with their efforts to restore what was lost and the opportunity to build something better.

15. The Strain (Rating: 7.463)
   Overview: A high concept thriller that tells the story of Dr. Ephraim Goodweather, the head of the Center for Disease Control Canary Team in New York City. He and his team are called upon to investigate a mysterious viral outbreak with hallmarks of an ancient and evil strain of vampirism. As the strain spreads, Eph, his team, and an assembly of everyday New Yorkers, wage war for the fate of humanity itself.

16. Defiance (Rating: 6.767)
   Overview: In the near future, planet Earth is permanently altered following the sudden—and tumultuous—arrival of seven unique alien races. In the boom-town of Defiance, the newly-formed civilization of humans and aliens must learn to co-exist peacefully.

17. Tracker (Rating: 7.55)
   Overview: Lone-wolf survivalist Colter Shaw roams the country as a “reward seeker,” using his expert tracking skills to help private citizens and law enforcement solve all manner of mysteries while contending with his own fractured family.

18. The 100 (Rating: 7.88)
   Overview: 100 years in the future, when the Earth has been abandoned due to radioactivity, the last surviving humans live on an ark orbiting the planet — but the ark won't last forever. So the repressive regime picks 100 expendable juvenile delinquents to send down to Earth to see if the planet is still habitable.

19. Mr. Robot (Rating: 8.267)
   Overview: A young programmer, Elliot, suffers from a debilitating anti-social disorder and decides that he can only connect to people by hacking them. He wields his skills as a weapon to protect the people that he cares about. Elliot finds himself in the intersection between a cybersecurity firm he works for and the underworld organizations that are recruiting him to bring down corporate America.

20. Snowpiercer (Rating: 7.364)
   Overview: More than seven years after the world has become a frozen wasteland, the remnants of humanity inhabit a gigantic, perpetually-moving train that circles the globe as class warfare, social injustice and the politics of survival play out.",,37.6545,0.0
"tell me the guest star from season 3, episode 24 of Friends",1,1,4,8269,0,[],0,0,0,0,0,"import sys
from pathlib import Path
PROJECT_ROOT = Path(__file__).resolve().parents[1]
RESTBENCH_TOOLS_DIR = PROJECT_ROOT / 'restbench tools'
if str(RESTBENCH_TOOLS_DIR) not in sys.path:
    sys.path.insert(0, str(RESTBENCH_TOOLS_DIR))

from Search_tv import Search_tv
from Get_tv_season_details import Get_tv_season_details
from Get_tv_episode_credits import Get_tv_episode_credits

import traceback

# --- Constants ---
TARGET_SHOW_NAME = ""Friends""
TARGET_SEASON_NUMBER = 3
TARGET_EPISODE_NUMBER = 24

def fetch_show_id(show_name):
    """"""
    Searches for a TV show and returns the ID of the first result.
    """"""
    try:
        response = Search_tv(query=show_name)
        results = response.get(""results"", [])
        if not results:
            print(f""No TV shows found matching '{show_name}'."")
            return None
        
        # Return the ID of the first result
        return results[0].get(""id"")
    except Exception as e:
        print(f""Error while searching for TV show: {e}"")
        return None

def fetch_guest_stars(series_id, season_num, episode_num):
    """"""
    Retrieves the guest stars for a specific episode of a TV series.
    """"""
    try:
        # According to API_calling_code, Get_tv_episode_credits takes (series_id, season_number, episode_number)
        credits_data = Get_tv_episode_credits(
            series_id=series_id, 
            season_number=season_num, 
            episode_number=episode_num
        )
        
        # Extract guest_stars based on response_schema
        guest_stars = credits_data.get(""guest_stars"", [])
        return guest_stars
    except Exception as e:
        print(f""Error while fetching episode credits: {e}"")
        return None

def main():
    """"""
    Orchestrates the process of finding guest stars for a specific episode.
    """"""
    # 1. Get the Show ID
    show_id = fetch_show_id(TARGET_SHOW_NAME)
    if show_id is None:
        return

    # 2. Get the Guest Stars for the specific season and episode
    guest_stars = fetch_guest_stars(
        series_id=show_id, 
        season_num=TARGET_SEASON_NUMBER, 
        episode_num=TARGET_EPISODE_NUMBER
    )

    if guest_stars is None:
        print(""Could not retrieve credits for the specified episode."")
        return

    if not guest_stars:
        print(f""No guest stars found for {TARGET_SHOW_NAME} Season {TARGET_SEASON_NUMBER}, Episode {TARGET_EPISODE_NUMBER}."")
        return

    # 3. Format and print the output
    print(f""Guest stars in {TARGET_SHOW_NAME} Season {TARGET_SEASON_NUMBER}, Episode {TARGET_EPISODE_NUMBER}:"")
    for star in guest_stars:
        name = star.get(""name"", ""Unknown"")
        character = star.get(""character"", ""Unknown Character"")
        print(f""- {name} as {character}"")

if __name__ == ""__main__"":
    try:
        main()
    except Exception:
        traceback.print_exc(file=sys.stderr)",3,"[""Search_tv"", ""Get_tv_season_details"", ""Get_tv_episode_credits""]",1,"[""restbench tools""]","Guest stars in Friends Season 3, Episode 24:
- Christine Taylor as Bonnie
- James Hong as Hoshi
- Jon Favreau as Pete Becker
- Steve Park as Phil
- Joe O'Connor as Stevens
- Robin Williams as Tomas (uncredited)
- Billy Crystal as Tim (uncredited)
- Bruce Buffer as Announcer
- John McCarthy as Referee
- Sam McMurray as Doug",,152.564,0.0
Who is the lead actor in the most popular TV show?,0,0,3,5973,0,[],0,0,0,0,0,"import sys
from pathlib import Path
PROJECT_ROOT = Path(__file__).resolve().parents[1]
RESTBENCH_TOOLS_DIR = PROJECT_ROOT / 'restbench tools'
if str(RESTBENCH_TOOLS_DIR) not in sys.path:
    sys.path.insert(0, str(RESTBENCH_TOOLS_DIR))

from Get_popular_tv import Get_popular_tv
from Get_credit_details import Get_credit_details

import traceback

# Constants
TOP_INDEX = 0

def get_most_popular_tv_show_id():
    """"""
    Fetches the list of popular TV shows and returns the ID of the most popular one.
    """"""
    try:
        data = Get_popular_tv()
        results = data.get(""results"", [])
        if not results:
            return None
        
        # The list is already ordered by popularity per API description
        top_show = results[TOP_INDEX]
        return top_show.get(""id"")
    except Exception as e:
        print(f""Error fetching popular TV shows: {e}"")
        return None

def get_lead_actor_name(show_id):
    """"""
    Fetches credit details for a specific show ID and extracts the lead actor's name.
    """"""
    try:
        # Note: Based on the provided API_calling_code, Get_credit_details 
        # returns a single credit object containing 'person' and 'credit_type'.
        # The pseudocode suggests a list of cast, but the schema shows a single credit.
        # We will treat the returned person as the lead actor for this specific credit ID.
        credit_data = Get_credit_details(show_id)
        
        person = credit_data.get(""person"", {})
        actor_name = person.get(""name"")
        
        return actor_name
    except Exception as e:
        print(f""Error fetching lead actor for show ID {show_id}: {e}"")
        return None

def main():
    """"""
    Orchestrates the process of finding the lead actor of the most popular TV show.
    """"""
    show_id = get_most_popular_tv_show_id()
    if show_id is None:
        print(""Could not retrieve the most popular TV show."")
        return

    lead_actor = get_lead_actor_name(show_id)
    if lead_actor:
        print(f""The lead actor in the most popular TV show is: {lead_actor}"")
    else:
        print(""Could not retrieve the lead actor for the most popular TV show."")

if __name__ == ""__main__"":
    try:
        main()
    except Exception:
        traceback.print_exc(file=sys.stderr)",2,"[""Get_popular_tv"", ""Get_credit_details""]",1,"[""restbench tools""]","Error fetching lead actor for show ID 124364: API request failed with status code 404: {""success"":false,""status_code"":34,""status_message"":""The resource you requested could not be found.""}
Could not retrieve the lead actor for the most popular TV show.",,233.7295,0.0
give me a keyword of the top-1 rated TV show,1,1,3,4976,0,[],0,0,0,0,0,"import sys
from pathlib import Path
PROJECT_ROOT = Path(__file__).resolve().parents[1]
RESTBENCH_TOOLS_DIR = PROJECT_ROOT / 'restbench tools'
if str(RESTBENCH_TOOLS_DIR) not in sys.path:
    sys.path.insert(0, str(RESTBENCH_TOOLS_DIR))

from Get_top_rated_tv import Get_top_rated_tv
from Get_tv_keywords import Get_tv_keywords

import traceback

# --- Constants ---
TOP_N = 1

def fetch_top_rated_show_id():
    """"""
    Fetches the top rated TV show and extracts its ID.
    """"""
    try:
        data = Get_top_rated_tv()
        # Schema grounding: 'results' is the array of shows
        results = data.get(""results"", [])
        if not results:
            print(""No top rated TV shows found."")
            return None
        
        # Get the top-1 rated show
        top_show = results[0]
        # Schema grounding: 'id' is the unique identifier
        return top_show.get(""id"")
    except Exception as e:
        print(f""Error fetching top rated show: {e}"")
        return None

def fetch_keywords_for_show(series_id):
    """"""
    Fetches keywords for a specific TV show ID.
    """"""
    try:
        if series_id is None:
            return []
        
        data = Get_tv_keywords(series_id)
        # Schema grounding: 'results' contains the list of keyword objects
        keywords_data = data.get(""results"", [])
        
        # Extract the 'name' field from each keyword object
        keywords = [item.get(""name"") for item in keywords_data if ""name"" in item]
        return keywords
    except Exception as e:
        print(f""Error fetching keywords for show ID {series_id}: {e}"")
        return []

def main():
    """"""
    Orchestrates the process of finding the top rated TV show and its keywords.
    """"""
    # 1. Get the ID of the top-1 rated show
    top_show_id = fetch_top_rated_show_id()
    
    if top_show_id is None:
        return

    # 2. Get keywords for that show
    keywords = fetch_keywords_for_show(top_show_id)
    
    if not keywords:
        print(""No keywords found for the top-rated TV show."")
    else:
        # Output the keywords as requested by user_requirement
        print(f""Keywords for the top-1 rated TV show (ID: {top_show_id}):"")
        for kw in keywords:
            print(f""- {kw}"")

if __name__ == ""__main__"":
    try:
        main()
    except Exception:
        traceback.print_exc(file=sys.stderr)",2,"[""Get_top_rated_tv"", ""Get_tv_keywords""]",1,"[""restbench tools""]","Keywords for the top-1 rated TV show (ID: 276161):
- education
- minister
- respect
- politician
- bullying
- violence in schools
- teacher
- school
- social commentary
- juvenile delinquent
- teacher student relationship
- parents
- military veteran
- fight the system
- school life
- social issues
- life lessons
- students
- based on webcomic or webtoon
- based on manhwa",,58.5148,0.0
give me a poster of 2 Broke Girls,1,1,3,5624,0,[],0,0,0,0,0,"import sys
from pathlib import Path
PROJECT_ROOT = Path(__file__).resolve().parents[1]
RESTBENCH_TOOLS_DIR = PROJECT_ROOT / 'restbench tools'
if str(RESTBENCH_TOOLS_DIR) not in sys.path:
    sys.path.insert(0, str(RESTBENCH_TOOLS_DIR))

from Search_tv import Search_tv
from Get_tv_images import Get_tv_images

import traceback

# --- Constants ---
TARGET_SHOW_NAME = ""2 Broke Girls""
IMAGE_BASE_URL = ""https://image.tmdb.org/t/p/original""

def get_tv_show_id(show_name):
    """"""
    Searches for a TV show by name and extracts its unique ID.
    """"""
    try:
        search_results = Search_tv(query=show_name)
        results = search_results.get(""results"", [])
        
        if not results:
            print(f""No TV shows found matching '{show_name}'."")
            return None
        
        # Use the first result as the most relevant match
        first_match = results[0]
        show_id = first_match.get(""id"")
        return show_id
    except Exception as e:
        print(f""Error while searching for TV show ID: {e}"")
        return None

def get_show_poster_url(series_id):
    """"""
    Fetches the images for a TV series and returns the path of the first poster.
    """"""
    try:
        images_data = Get_tv_images(series_id=series_id)
        posters = images_data.get(""posters"", [])
        
        if not posters:
            print(""No posters available for this TV show."")
            return None
        
        # Extract the file_path from the first poster object in the list
        poster_path = posters[0].get(""file_path"")
        if poster_path:
            return f""{IMAGE_BASE_URL}{poster_path}""
        return None
    except Exception as e:
        print(f""Error while fetching show poster: {e}"")
        return None

def main():
    """"""
    Orchestrates the process of finding a TV show and retrieving its poster.
    """"""
    # Step 1: Find the ID of the TV show
    tv_id = get_tv_show_id(TARGET_SHOW_NAME)
    if tv_id is None:
        return

    # Step 2: Fetch the poster URL using the ID
    poster_url = get_show_poster_url(tv_id)
    
    if poster_url:
        print(f""Poster for {TARGET_SHOW_NAME}: {poster_url}"")
    else:
        print(f""Could not retrieve a poster for {TARGET_SHOW_NAME}."")

if __name__ == ""__main__"":
    try:
        main()
    except Exception:
        traceback.print_exc(file=sys.stderr)",2,"[""Search_tv"", ""Get_tv_images""]",1,"[""restbench tools""]",Poster for 2 Broke Girls: https://image.tmdb.org/t/p/original/sIPPKtRcBSKpRIHhcwQf91NhLSN.jpg,,91.1537,0.0
How many episodes does 2 Broke Girls have in total?,1,1,3,7024,0,[],0,0,0,0,0,"import sys
from pathlib import Path
PROJECT_ROOT = Path(__file__).resolve().parents[1]
RESTBENCH_TOOLS_DIR = PROJECT_ROOT / 'restbench tools'
if str(RESTBENCH_TOOLS_DIR) not in sys.path:
    sys.path.insert(0, str(RESTBENCH_TOOLS_DIR))

from Search_tv import Search_tv
from Get_tv_details import Get_tv_details

import traceback

# --- Constants ---
TARGET_SHOW_NAME = ""2 Broke Girls""

def find_show_id(show_name):
    """"""
    Searches for a TV show by name and extracts the ID of the most relevant result.
    """"""
    try:
        # Search_tv returns a dict with a 'results' list based on response_schema
        search_results = Search_tv(query=show_name)
        results = search_results.get(""results"", [])
        
        if not results:
            print(f""No results found for show: {show_name}"")
            return None
        
        # Use the first result as the most relevant match
        first_match = results[0]
        # Extract 'id' verbatim from response_schema
        show_id = first_match.get(""id"")
        return show_id
    except Exception as e:
        print(f""Error occurred while searching for show ID: {e}"")
        return None

def get_episode_count(show_id):
    """"""
    Retrieves the total number of episodes for a given TV show ID.
    """"""
    if show_id is None:
        return None
        
    try:
        # Get_tv_details returns a dict based on response_schema
        show_details = Get_tv_details(series_id=show_id)
        # Extract 'number_of_episodes' verbatim from response_schema
        total_episodes = show_details.get(""number_of_episodes"")
        return total_episodes
    except Exception as e:
        print(f""Error occurred while fetching episode count: {e}"")
        return None

def main():
    """"""
    Orchestrates the process of finding the total episode count for the target show.
    """"""
    show_id = find_show_id(TARGET_SHOW_NAME)
    if show_id is None:
        print(f""Could not find the ID for {TARGET_SHOW_NAME}."")
        return

    total_count = get_episode_count(show_id)
    if total_count is not None:
        print(f""The TV show '{TARGET_SHOW_NAME}' has a total of {total_count} episodes."")
    else:
        print(f""Could not retrieve the episode count for {TARGET_SHOW_NAME}."")

if __name__ == ""__main__"":
    try:
        main()
    except Exception:
        traceback.print_exc(file=sys.stderr)",2,"[""Search_tv"", ""Get_tv_details""]",1,"[""restbench tools""]",The TV show '2 Broke Girls' has a total of 137 episodes.,,98.7086,0.0
When was the company that produced The Big Bang Theory founded?,1,0,3,7581,0,[],0,0,0,0,0,"import sys
from pathlib import Path
PROJECT_ROOT = Path(__file__).resolve().parents[1]
RESTBENCH_TOOLS_DIR = PROJECT_ROOT / 'restbench tools'
if str(RESTBENCH_TOOLS_DIR) not in sys.path:
    sys.path.insert(0, str(RESTBENCH_TOOLS_DIR))

from Search_tv import Search_tv
from Get_tv_details import Get_tv_details
from Get_company_details import Get_company_details

import traceback

# ---
# Constants
TV_SHOW_NAME = ""The Big Bang Theory""

def find_tv_show_id(show_name):
    """"""
    Searches for a TV show and returns the ID of the first result.
    """"""
    try:
        search_results = Search_tv(query=show_name)
        results = search_results.get(""results"", [])
        if not results:
            print(f""No TV shows found for query: {show_name}"")
            return None
        # Return the ID of the first match
        return results[0].get(""id"")
    except Exception as e:
        print(f""Error searching for TV show: {e}"")
        return None

def get_production_company_ids(series_id):
    """"""
    Retrieves the list of production companies for a given TV series ID.
    """"""
    try:
        details = Get_tv_details(series_id=series_id)
        # Schema grounding: 'production_companies' is an array of objects
        companies = details.get(""production_companies"", [])
        return companies
    except Exception as e:
        print(f""Error retrieving TV details: {e}"")
        return []

def get_company_founding_date(company):
    """"""
    Retrieves the founding date for a specific company.
    Note: The provided response_schema for Get_company_details does not explicitly 
    list 'founded_date', but the pseudocode requests it. 
    We will attempt to extract it from the returned object.
    """"""
    company_id = company.get(""id"")
    if company_id is None:
        return None
    
    try:
        company_details = Get_company_details(company_id=company_id)
        # Attempt to get founding date; if not in schema, it may be in the actual response
        # or we return a message indicating it's not available.
        founding_date = company_details.get(""founded_date"")
        return founding_date
    except Exception as e:
        print(f""Error retrieving company details for ID {company_id}: {e}"")
        return None

def main():
    """"""
    Orchestrates the flow to find the founding date of the company that produced the show.
    """"""
    try:
        # 1. Find the TV show ID
        show_id = find_tv_show_id(TV_SHOW_NAME)
        if show_id is None:
            print(f""Could not find ID for {TV_SHOW_NAME}."")
            return

        # 2. Get production companies
        companies = get_production_company_ids(show_id)
        if not companies:
            print(f""No production companies found for {TV_SHOW_NAME}."")
            return

        # 3. Get founding date for the first production company as per pseudocode logic
        # The pseudocode returns the first founding date it finds.
        for company in companies:
            company_name = company.get(""name"", ""Unknown Company"")
            founding_date = get_company_founding_date(company)
            
            if founding_date:
                print(f""The company {company_name} that produced {TV_SHOW_NAME} was founded on {founding_date}."")
                return
            else:
                print(f""Founding date not available for {company_name}."")
        
        print(""Could not find the founding date for any of the production companies."")

    except Exception:
        traceback.print_exc(file=sys.stderr)

if __name__ == ""__main__"":
    main()",3,"[""Search_tv"", ""Get_tv_details"", ""Get_company_details""]",1,"[""restbench tools""]","Founding date not available for Chuck Lorre Productions.
Founding date not available for Warner Bros. Television.
Could not find the founding date for any of the production companies.",,45.905,0.0
When was the TV show The Big Bang Theory created?,1,1,4,7160,0,[],0,0,0,0,0,"import sys
from pathlib import Path
PROJECT_ROOT = Path(__file__).resolve().parents[1]
RESTBENCH_TOOLS_DIR = PROJECT_ROOT / 'restbench tools'
if str(RESTBENCH_TOOLS_DIR) not in sys.path:
    sys.path.insert(0, str(RESTBENCH_TOOLS_DIR))

from Search_tv import Search_tv
from Get_tv_details import Get_tv_details

import traceback

# --- Constants ---
TARGET_SHOW_NAME = ""The Big Bang Theory""

def find_tv_show_id():
    """"""
    Searches for the TV show by name and extracts its unique ID.
    """"""
    try:
        # Rule 3 & 10: Use Search_tv with 'query' parameter. 
        # response_schema for Search_tv has 'results' as an array of objects.
        response = Search_tv(query=TARGET_SHOW_NAME)
        
        results = response.get(""results"", [])
        if not results:
            print(f""No results found for show: {TARGET_SHOW_NAME}"")
            return None
        
        # Rule 14: Lenient matching. We take the first result that is most likely the target.
        # In a real scenario, we could iterate and check if TARGET_SHOW_NAME is in result['name'].
        best_match = results[0]
        show_id = best_match.get(""id"")
        
        return show_id
    except Exception as e:
        print(f""Error occurred while searching for TV show: {e}"")
        return None

def get_tv_creation_date(series_id):
    """"""
    Retrieves the details of a TV show using its ID and extracts the first air date.
    """"""
    try:
        if series_id is None:
            return None
            
        # Rule 3 & 10: Use Get_tv_details with 'series_id'.
        # response_schema for Get_tv_details uses 'first_air_date' for the creation/start date.
        details = Get_tv_details(series_id=series_id)
        
        # Extracting the exact key from response_schema: 'first_air_date'
        creation_date = details.get(""first_air_date"")
        
        return creation_date
    except Exception as e:
        print(f""Error occurred while fetching TV details: {e}"")
        return None

def main():
    """"""
    Orchestrates the flow to find when the target TV show was created.
    """"""
    try:
        # Step 1: Find the ID of the show
        tv_id = find_tv_show_id()
        if tv_id is None:
            print(f""Could not find the ID for {TARGET_SHOW_NAME}."")
            return

        # Step 2: Get the creation date using the ID
        creation_date = get_tv_creation_date(tv_id)
        
        if creation_date:
            print(f""The TV show '{TARGET_SHOW_NAME}' was created (first aired) on: {creation_date}"")
        else:
            print(f""Could not find the creation date for '{TARGET_SHOW_NAME}'."")
            
    except Exception:
        # Rule 9: Top-level exception handler printing full traceback to stderr
        traceback.print_exc(file=sys.stderr)

if __name__ == ""__main__"":
    main()",2,"[""Search_tv"", ""Get_tv_details""]",1,"[""restbench tools""]",The TV show 'The Big Bang Theory' was created (first aired) on: 2007-09-24,,159.0102,0.0
give me a keyword of the most popular TV show,1,1,3,4899,0,[],0,0,0,0,0,"import sys
from pathlib import Path
PROJECT_ROOT = Path(__file__).resolve().parents[1]
RESTBENCH_TOOLS_DIR = PROJECT_ROOT / 'restbench tools'
if str(RESTBENCH_TOOLS_DIR) not in sys.path:
    sys.path.insert(0, str(RESTBENCH_TOOLS_DIR))

from Get_popular_tv import Get_popular_tv
from Get_tv_keywords import Get_tv_keywords

import traceback

# --- Constants ---
TOP_N = 1

def fetch_most_popular_tv_show_id():
    """"""
    Fetches the list of popular TV shows and extracts the ID of the most popular one.
    """"""
    try:
        data = Get_popular_tv()
        # Based on response_schema, 'results' is an array of TV show objects.
        results = data.get(""results"", [])
        if not results:
            return None
        
        # The first item in the results list is the most popular
        top_show = results[0]
        return top_show.get(""id"")
    except Exception as e:
        print(f""Error fetching popular TV show: {e}"")
        return None

def fetch_keywords_for_show(series_id):
    """"""
    Fetches the keywords associated with a specific TV show ID.
    """"""
    if series_id is None:
        return None
    try:
        data = Get_tv_keywords(series_id)
        # Based on response_schema, 'results' contains the list of keywords
        return data.get(""results"", [])
    except Exception as e:
        print(f""Error fetching keywords for show ID {series_id}: {e}"")
        return None

def orchestrate_popular_show_keywords():
    """"""
    Main logic to find the most popular TV show and retrieve its keywords.
    """"""
    # 1. Get the ID of the most popular show
    show_id = fetch_most_popular_tv_show_id()
    if show_id is None:
        print(""Could not retrieve the most popular TV show."")
        return

    # 2. Get keywords for that show
    keywords_list = fetch_keywords_for_show(show_id)
    
    if keywords_list is None:
        print(f""Could not retrieve keywords for show ID {show_id}."")
        return

    if not keywords_list:
        print(f""No keywords found for the most popular TV show (ID: {show_id})."")
        return

    # 3. Extract and print the keyword names
    # Based on response_schema, each item in results has a 'name' key
    keywords = [kw.get(""name"") for kw in keywords_list if kw.get(""name"")]
    
    if keywords:
        print(f""Keywords of the most popular TV show: {', '.join(keywords)}"")
    else:
        print(""The most popular TV show has no named keywords."")

if __name__ == ""__main__"":
    try:
        orchestrate_popular_show_keywords()
    except Exception:
        traceback.print_exc(file=sys.stderr)",2,"[""Get_popular_tv"", ""Get_tv_keywords""]",1,"[""restbench tools""]","Keywords of the most popular TV show: sheriff, small town, gore, trapped, cynical, folk horror, supernatural horror, lovecraftian, suspense, violence, horror, apathetic, cruel",,53.8736,0.0
What did the third episode of the second season of Westworld talk about?,0,0,3,7807,0,[],0,0,0,0,0,"import sys
from pathlib import Path
PROJECT_ROOT = Path(__file__).resolve().parents[1]
RESTBENCH_TOOLS_DIR = PROJECT_ROOT / 'restbench tools'
if str(RESTBENCH_TOOLS_DIR) not in sys.path:
    sys.path.insert(0, str(RESTBENCH_TOOLS_DIR))

from Search_tv import Search_tv
from Get_tv_season_details import Get_tv_season_details
from Get_tv_episode_details import Get_tv_episode_details

import traceback

# --- Constants ---
TARGET_SHOW_NAME = ""Westworld""
TARGET_SEASON_NUMBER = 2
TARGET_EPISODE_NUMBER = 3

def fetch_show_id(show_name):
    """"""
    Searches for the TV show and extracts the ID of the first result.
    """"""
    try:
        search_results = Search_tv(query=_name)
        results = search_results.get(""results"", [])
        if not results:
            print(f""No results found for show: {_name}"")
            return None
        
        # Return the ID of the first match
        return results[0].get(""id"")
    except Exception as e:
        print(f""Error while searching for show: {e}"")
        return None

def fetch_fetch_episode_overview(series_id, season_num, episode_num):
    """"""
    Retrieves the overview/summary for a specific episode.
    """"""
    try:
        # Using Get_tv_episode_details as per API_calling_code
        # Parameters: series_id, season_number, episode_number
        episode_details = Get_tv_episode_details(
            series_id=series_id, 
            season_number=season_num, 
            episode_number=episode_num
        )
        
        # Schema grounding: the field for the summary is 'overview'
        return episode_details.get(""overview"")
    except Exception as e:
        print(f""Error while fetching episode details: {e}"")
        return None

def main():
    """"""
    Orchestrates the process of finding the summary of a specific episode.
    """"""
    # 1. Get the show ID
    show_id = fetch_show_id(TARGET_SHOW_NAME)
    if show_id is None:
        return

    # 2. Get the episode overview
    # The user wants the 3rd episode of the 2nd season.
    overview = fetch_episode_overview(
        series_id=show_id, 
        season_num=TARGET_SEASON_NUMBER, 
        episode_num=TARGET_EPISODE_NUMBER
    )

    if overview:
        print(f""The third episode of the second season of {TARGET_SHOW_NAME} talked about: {overview}"")
    else:
        print(f""Could not find the overview for Season {TARGET_SEASON_NUMBER} Episode {TARGET_EPISODE_NUMBER} of {TARGET_SHOW_NAME}."")

if __name__ == ""__main__"":
    try:
        main()
    except Exception:
        traceback.print_exc(file=sys.stderr)",3,"[""Search_tv"", ""Get_tv_season_details"", ""Get_tv_episode_details""]",1,"[""restbench tools""]",Error while searching for show: name '_name' is not defined,,85.4294,0.0
Tell me the air date of the second season of Game of Thrones,1,1,3,6703,0,[],0,0,0,0,0,"import sys
from pathlib import Path
PROJECT_ROOT = Path(__file__).resolve().parents[1]
RESTBENCH_TOOLS_DIR = PROJECT_ROOT / 'restbench tools'
if str(RESTBENCH_TOOLS_DIR) not in sys.path:
    sys.path.insert(0, str(RESTBENCH_TOOLS_DIR))

from Search_tv import Search_tv
from Get_tv_season_details import Get_tv_season_details

import traceback

# --- Constants ---
TARGET_SHOW_NAME = ""Game of Thrones""
TARGET_SEASON_NUMBER = 2

def find_tv_show_id(show_name):
    """"""
    Searches for a TV show by name and extracts its unique ID.
    """"""
    try:
        response = Search_tv(query=show_name)
        results = response.get(""results"", [])
        
        if not results:
            print(f""No results found for show: {show_name}"")
            return None
        
        # Use the first result as the most relevant match
        show_id = results[0].get(""id"")
        return show_id
    except Exception as e:
        print(f""Error while searching for TV show '{show_name}': {e}"")
        return None

def get_season_air_date(show_id, season_number):
    """"""
    Retrieves the air date for a specific season of a TV show.
    """"""
    try:
        # API parameters: series_id, season_number
        season_details = Get_tv_season_details(series_id=show_id, season_number=season_number)
        
        # Schema grounding: air_date is a top-level key in the response
        air_date = season_details.get(""air_date"")
        return air_date
    except Exception as e:
        print(f""Error while retrieving details for season {season_number} of show ID {show_id}: {e}"")
        return None

def main():
    """"""
    Orchestrates the process of finding the air date of a specific season of a show.
    """"""
    # Step 1: Find the show ID
    show_id = find_tv_show_id(TARGET_SHOW_NAME)
    if show_id is None:
        print(f""Could not find the ID for {TARGET_SHOW_NAME}."")
        return

    # Step 2: Get the air date for the target season
    air_date = get_season_air_date(show_id, TARGET_SEASON_NUMBER)
    
    if air_date:
        print(f""The air date of the {TARGET_SEASON_NUMBER} season of {TARGET_SHOW_NAME} is {air_date}."")
    else:
        print(f""Could not find the air date for season {TARGET_SEASON_NUMBER} of {TARGET_SHOW_NAME}."")

if __name__ == ""__main__"":
    try:
        main()
    except Exception:
        traceback.print_exc(file=sys.stderr)",2,"[""Search_tv"", ""Get_tv_season_details""]",1,"[""restbench tools""]",The air date of the 2 season of Game of Thrones is 2012-04-01.,,41.1025,0.0
give me a poster of the third episode of Band of Brothers,1,1,3,7661,0,[],0,0,0,0,0,"import sys
from pathlib import Path
PROJECT_ROOT = Path(__file__).resolve().parents[1]
RESTBENCH_TOOLS_DIR = PROJECT_ROOT / 'restbench tools'
if str(RESTBENCH_TOOLS_DIR) not in sys.path:
    sys.path.insert(0, str(RESTBENCH_TOOLS_DIR))

from Search_tv import Search_tv
from Get_tv_details import Get_tv_details
from Get_tv_episode_images import Get_tv_episode_images

import traceback

# --- Constants ---
TARGET_SHOW_NAME = ""Band of Brothers""
TARGET_EPISODE_NUMBER = 3
TARGET_SEASON_NUMBER = 1  # Band of Brothers is a miniseries, typically Season 1

def get_show_id_by_name(query):
    """"""
    Searches for a TV show and returns the ID of the first result.
    """"""
    try:
        search_results = Search_tv(query=query)
        results = search_results.get(""results"", [])
        if not results:
            print(f""No results found for show: {query}"")
            return None
        
        # Return the ID of the first match
        return results[0].get(""id"")
    except Exception as e:
        print(f""Error searching for TV show: {e}"")
        return None

def get_episode_image_path(series_id, season_num, episode_num):
    """"""
    Retrieves images for a specific episode and returns the first available still path.
    """"""
    try:
        image_data = Get_tv_episode_images(
            series_id=series_id, 
            season_number=season_num, 
            episode_number=episode_num
        )
        stills = image_data.get(""stills"", [])
        if not stills:
            print(f""No images found for episode {episode_num} of season {season_num}."")
            return None
        
        # Return the file_path of the first still image
        return stills[0].get(""file_path"")
    except Exception as e:
        print(f""Error retrieving episode images: {e}"")
        return None

def main():
    """"""
    Orchestrates the process of finding the poster/image for the 3rd episode of Band of Brothers.
    """"""
    # 1. Find the TV show ID
    show_id = get_show_id_by_name(TARGET_SHOW_NAME)
    if show_id is None:
        return

    # 2. Get the image path for the specific episode
    # Note: Band of Brothers is a limited series, so we use Season 1.
    image_path = get_episode_image_path(
        series_id=show_id, 
        season_num=TARGET_SEASON_NUMBER, 
        episode_num=TARGET_EPISODE_NUMBER
    )

    if image_path:
        print(f""The poster/image path for episode {TARGET_EPISODE_NUMBER} of '{TARGET_SHOW_NAME}' is: {image_path}"")
    else:
        print(f""Could not find a poster for episode {TARGET_EPISODE_NUMBER} of '{TARGET_SHOW_NAME}'."")

if __name__ == ""__main__"":
    try:
        main()
    except Exception:
        traceback.print_exc(file=sys.stderr)",3,"[""Search_tv"", ""Get_tv_details"", ""Get_tv_episode_images""]",1,"[""restbench tools""]",The poster/image path for episode 3 of 'Band of Brothers' is: /k3pHWbFx87FzLWLjgnQHQ1Dd8Pb.jpg,,52.6839,0.0
What is the logo of the network that produced Game of Thrones?,1,1,3,7542,0,[],0,0,0,0,0,"import sys
from pathlib import Path
PROJECT_ROOT = Path(__file__).resolve().parents[1]
RESTBENCH_TOOLS_DIR = PROJECT_ROOT / 'restbench tools'
if str(RESTBENCH_TOOLS_DIR) not in sys.path:
    sys.path.insert(0, str(RESTBENCH_TOOLS_DIR))

from Search_tv import Search_tv
from Get_tv_details import Get_tv_details
from Get_network_images import Get_network_images

import traceback

# --- Constants ---
TARGET_SHOW_NAME = ""Game of Thrones""

def find_tv_show_id(show_name):
    """"""
    Searches for a TV show by name and returns the ID of the first result.
    """"""
    try:
        search_results = Search_tv(query=show_name)
        results = search_results.get(""results"", [])
        if not results:
            print(f""No TV shows found for query: {show_name}"")
            return None
        
        # Return the ID of the first match
        return results[0].get(""id"")
    except Exception as e:
        print(f""Error while searching for TV show: {e}"")
        return None

def identify_producing_network_id(series_id):
    """"""
    Retrieves TV show details and extracts the ID of the first associated network.
    """"""
    try:
        details = Get_tv_details(series_id=series_id)
        networks = details.get(""networks"", [])
        if not networks:
            print(""No networks found for this TV show."")
            return None
        
        # Return the ID of the first network in the list
        return networks[0].get(""id"")
    except Exception as e:
        print(f""Error while retrieving TV show details: {e}"")
        return None

def retrieve_network_logo_paths(network_id):
    """"""
    Retrieves the image data for a network and returns the list of logo file paths.
    """"""
    try:
        network_data = Get_network_images(network_id=network_id)
        logos = network_data.get(""logos"", [])
        if not logos:
            print(""No logos found for this network."")
            return None
        
        # Extract file_path from each logo object in the logos array
        return [logo.get(""file_path"") for logo in logos]
    except Exception as e:
        print(f""Error while retrieving network logos: {e}"")
        return None

def main():
    """"""
    Orchestrates the flow to find the logo of the network that produced the target show.
    """"""
    # 1. Find the show ID
    show_id = find_tv_show_id(TARGET_SHOW_NAME)
    if show_id is None:
        return

    # 2. Find the network ID
    network_id = identify_producing_network_id(show_id)
    if network_id is None:
        return

    # 3. Retrieve the logos
    logos = retrieve_network_logo_paths(network_id)
    if logos:
        print(f""The logos for the network that produced '{TARGET_SHOW_NAME}' are:"")
        for path in logos:
            print(path)
    else:
        print(f""Could not find logo paths for the network that produced '{TARGET_SHOW_NAME}'."")

if __name__ == ""__main__"":
    try:
        main()
    except Exception:
        traceback.print_exc(file=sys.stderr)",3,"[""Search_tv"", ""Get_tv_details"", ""Get_network_images""]",1,"[""restbench tools""]","The logos for the network that produced 'Game of Thrones' are:
/tuomPhY2UtuPTqqFnKMVHvSb724.png
/hizvY65SpyF3BPY2qsBZMgUOxjs.png
/unbp480KQKVoNmD6l1ln7IuwrCT.png",,55.2007,0.0
give me the homepage of the network that produced Game of Thrones,1,1,3,7459,0,[],0,0,0,0,0,"import sys
from pathlib import Path
PROJECT_ROOT = Path(__file__).resolve().parents[1]
RESTBENCH_TOOLS_DIR = PROJECT_ROOT / 'restbench tools'
if str(RESTBENCH_TOOLS_DIR) not in sys.path:
    sys.path.insert(0, str(RESTBENCH_TOOLS_DIR))

from Search_tv import Search_tv
from Get_tv_details import Get_tv_details
from Get_network_details import Get_network_details

import traceback

# --- Constants ---
TARGET_SHOW_NAME = ""Game of Thrones""

def find_tv_show_id(show_name):
    """"""
    Searches for a TV show by name and returns the ID of the first result.
    """"""
    try:
        search_results = Search_tv(query=show_name)
        results = search_results.get(""results"", [])
        
        if not results:
            print(f""No TV shows found matching '{show_name}'."")
            return None
        
        # Return the ID of the first result as the most likely match
        return results[0].get(""id"")
    except Exception as e:
        print(f""Error while searching for TV show: {e}"")
        return None

def get_producing_network_id(series_id):
    """"""
    Retrieves the details of a TV show and extracts the ID of the first producing network.
    """"""
    try:
        show_details = Get_tv_details(series_id=series_id)
        networks = show_details.get(""networks"", [])
        if not networks:
            print(""No producing networks found for this show."")
            return None
        
        # Extract the 'id' from the first network in the list
        return networks[0].get(""id"")
    except Exception as e:
        print(f""Error while retrieving TV show details: {e}"")
        return None

def get_network_homepage(network_id):
    """"""
    Retrieves the details of a network and returns its homepage URL.
    """"""
    try:
        network_details = Get_network_details(network_id=network_id)
        return network_details.get(""homepage"")
    except Exception as e:
        print(f""Error while retrieving network details: {e}"")
        return None

def main():
    """"""
    Orchestrates the flow to find the homepage of the network that produced the target show.
    """"""
    # 1. Find the TV show ID
    show_id = find_tv_show_id(TARGET_SHOW_NAME)
    if show_id is None:
        return

    # 2. Find the network ID associated with that show
    network_id = get_producing_network_id(show_id)
    if network_id is None:
        return

    # 3. Get the homepage of that network
    homepage_url = get_network_homepage(network_id)
    
    if homepage_url:
        print(f""The homepage of the network that produced {TARGET_SHOW_NAME} is: {homepage_url}"")
    else:
        print(f""Could not find a homepage for the network that produced {TARGET_SHOW_NAME}."")

if __name__ == ""__main__"":
    try:
        main()
    except Exception:
        traceback.print_exc(file=sys.stderr)",3,"[""Search_tv"", ""Get_tv_details"", ""Get_network_details""]",1,"[""restbench tools""]",The homepage of the network that produced Game of Thrones is: https://www.hbo.com,,55.4704,0.0
give me a keyword of the most popular TV show currently,1,1,4,5115,0,[],0,0,0,0,0,"import sys
from pathlib import Path
PROJECT_ROOT = Path(__file__).resolve().parents[1]
RESTBENCH_TOOLS_DIR = PROJECT_ROOT / 'restbench tools'
if str(RESTBENCH_TOOLS_DIR) not in sys.path:
    sys.path.insert(0, str(RESTBENCH_TOOLS_DIR))

from Get_popular_tv import Get_popular_tv
from Get_tv_keywords import Get_tv_keywords

import traceback

# --- Constants ---
TOP_N_SHOWS = 1

def fetch_most_popular_tv_show_id():
    """"""
    Fetches the list of popular TV shows and extracts the ID of the most popular one.
    """"""
    try:
        data = Get_popular_tv()
        # Schema grounding: 'results' is the array of TV show objects
        results = data.get(""results"", [])
        if not results:
            return None
        
        # The first item in the results list is the most popular
        top_show = results[0]
        # Schema grounding: 'id' is the TV show ID
        return top_show.get(""id"")
    except Exception as e:
        print(f""Error fetching popular TV shows: {e}"")
        return None

def fetch_keywords_for_show(series_id):
    """"""
    Fetches the keywords associated with a specific TV show ID.
    """"""
    if series_id is None:
        return []
    
    try:
        data = Get_tv_keywords(series_id)
        # Schema grounding: 'results' contains the list of keyword objects
        keywords_list = data.get(""results"", [])
        # Extract the 'name' field from each keyword object
        keywords = [kw.get(""name"") for kw in keywords_list if kw.get(""name"")]
        return keywords
    except Exception as e:
        print(f""Error fetching keywords for show ID {series_id}: {e}"")
        return []

def main():
    """"""
    Orchestrates the process of finding the most popular TV show and its keywords.
    """"""
    # 1. Get the ID of the most popular TV show
    top_show_id = fetch_most_popular_tv_show_id()
    
    if top_show_id is None:
        print(""Could not retrieve the most popular TV show."")
        return

    # 2. Get keywords for that specific show
    keywords = fetch_keywords_for_show(top_show_id)
    
    if not keywords:
        print(f""No keywords found for the most popular TV show (ID: {top_show_id})."")
    else:
        # Output the keywords as requested by user_requirement
        print(f""Keywords for the most popular TV show: {', '.join(keywords)}"")

if __name__ == ""__main__"":
    try:
        main()
    except Exception:
        traceback.print_exc(file=sys.stderr)",2,"[""Get_popular_tv"", ""Get_tv_keywords""]",1,"[""restbench tools""]","Keywords for the most popular TV show: sheriff, small town, gore, trapped, cynical, folk horror, supernatural horror, lovecraftian, suspense, violence, horror, apathetic, cruel",,43.5654,0.0
Where is the headquarter of the company that produced currently the most popular TV show?,1,1,3,7439,0,[],0,0,0,0,0,"import sys
from pathlib import Path
PROJECT_ROOT = Path(__file__).resolve().parents[1]
RESTBENCH_TOOLS_DIR = PROJECT_ROOT / 'restbench tools'
if str(RESTBENCH_TOOLS_DIR) not in sys.path:
    sys.path.insert(0, str(RESTBENCH_TOOLS_DIR))

from Get_popular_tv import Get_popular_tv
from Get_tv_details import Get_tv_details
from Get_company_details import Get_company_details

import traceback

# Constants
TOP_N_SHOWS = 1

def fetch_most_popular_show():
    """"""
    Retrieves the most popular TV show from the popular TV list.
    """"""
    try:
        data = Get_popular_tv()
        results = data.get(""results"", [])
        if not results:
            return None
        # The API returns shows ordered by popularity; the first one is the most popular.
        return results[0]
    except Exception as e:
        print(f""Error fetching popular TV shows: {e}"")
        return None

def fetch_production_company_id(show):
    """"""
    Retrieves the ID of the first production company for a given show.
    """"""
    if not show:
        return None
    
    show_id = show.get(""id"")
    try:
        details = Get_tv_details(series_id=show_id)
        companies = details.get(""production_companies"", [])
        if not companies:
            return None
        # Extract the ID of the first production company listed
        return companies[0].get(""id"")
    except Exception as e:
        print(f""Error fetching TV details for show ID {show_id}: {e}"")
        return None

def fetch_company_headquarters(company_id):
    """"""
    Retrieves the headquarters location for a given company ID.
    """"""
    if not company_id:
        return None
    
    try:
        company_details = Get_company_details(company_id=company_id)
        # Extract 'headquarters' verbatim from response_schema
        return company_details.get(""headquarters"")
    except Exception as e:
        print(f""Error fetching company details for ID {company_id}: {e}"")
        return None

def main():
    """"""
    Orchestrates the flow to find the headquarters of the company 
    that produced the most popular TV show.
    """"""
    # 1. Get the most popular show
    show = fetch_most_popular_show()
    if not show:
        print(""Could not find any popular TV shows."")
        return

    show_name = show.get(""name"", ""Unknown Show"")
    print(f""Most popular TV show: {show_name}"")

    # 2. Get the production company ID
    company_id = fetch_production_company_id(show)
    if not company_id:
        print(f""No production company found for {show_name}."")
        return

    # 3. Get the headquarters of that company
    headquarters = fetch_company_headquarters(company_id)
    if not headquarters:
        print(f""Headquarters information not available for company ID {company_id}."")
        return

    print(f""The headquarter of the company that produced '{show_name}' is: {headquarters}"")

if __name__ == ""__main__"":
    try:
        main()
    except Exception:
        traceback.print_exc(file=sys.stderr)",3,"[""Get_popular_tv"", ""Get_tv_details"", ""Get_company_details""]",1,"[""restbench tools""]","Most popular TV show: FROM
The headquarter of the company that produced 'FROM' is: Los Angeles, California",,101.6363,0.0
What is the genre of The Mandalorian?,1,1,3,6989,0,[],0,0,0,0,0,"import sys
from pathlib import Path
PROJECT_ROOT = Path(__file__).resolve().parents[1]
RESTBENCH_TOOLS_DIR = PROJECT_ROOT / 'restbench tools'
if str(RESTBENCH_TOOLS_DIR) not in sys.path:
    sys.path.insert(0, str(RESTBENCH_TOOLS_DIR))

from Search_tv import Search_tv
from Get_tv_details import Get_tv_details

import traceback

# --- Constants ---
TARGET_SHOW_NAME = ""The Mandalorian""

def find_tv_show_id(show_name):
    """"""
    Searches for a TV show by name and returns its unique ID.
    """"""
    try:
        # Rule 3 & 4: Search_tv requires 'query'. Response schema has 'results' array.
        response = Search_tv(query=show_name)
        results = response.get(""results"", [])
        
        if not results:
            print(f""No results found for show: {show_name}"")
            return None
        
        # Rule 14: Lenient comparison for the first result
        # We take the first result as the most likely match
        show_data = results[0]
        show_id = show_data.get(""id"")
        return show_id
    except Exception as e:
        print(f""Error while searching for TV show ID: {e}"")
        return None

def get_show_genre(show_id):
    """"""
    Retrieves the genre names for a specific TV show ID.
    """"""
    try:
        # Rule 3 & 4: Get_tv_details requires 'series_id'. Response schema has 'genres' array.
        details = Get_tv_details(series_id=show_id)
        genres_list = details.get(""genres"", [])
        
        # Extract 'name' from each genre object in the list
        genre_names = [genre.get(""name"") for genre in genres_list if genre.get(""name"")]
        
        if not genre_names:
            return ""No genres listed.""
            
        return "", "".join(genre_names)
    except Exception as e:
        print(f""Error while retrieving show genres: {e}"")
        return None

def main():
    """"""
    Orchestrates the process of finding the genre of the target TV show.
    """"""
    # Step 1: Find the ID of the show
    show_id = find_tv_show_id(TARGET_SHOW_NAME)
    if show_id is None:
        print(f""Could not find the ID for {TARGET_SHOW_NAME}."")
        return

    # Step 2: Get the genres using the ID
    genres = get_show_genre(show_id)
    if genres:
        print(f""The genre of {TARGET_SHOW_NAME} is: {genres}"")
    else:
        print(f""Could not retrieve genres for {TARGET_SHOW_NAME}."")

if __name__ == ""__main__"":
    try:
        main()
    except Exception:
        # Rule 9: Top-level exception handler printing full traceback to stderr
        traceback.print_exc(file=sys.stderr)",2,"[""Search_tv"", ""Get_tv_details""]",1,"[""restbench tools""]","The genre of The Mandalorian is: Sci-Fi & Fantasy, Action & Adventure",,64.3781,0.0
When is the birthday of the lead actor of today's most trending TV show?,1,0,3,7003,0,[],0,0,0,0,0,"import sys
from pathlib import Path
PROJECT_ROOT = Path(__file__).resolve().parents[1]
RESTBENCH_TOOLS_DIR = PROJECT_ROOT / 'restbench tools'
if str(RESTBENCH_TOOLS_DIR) not in sys.path:
    sys.path.insert(0, str(RESTBENCH_TOOLS_DIR))

from Get_trending_tv import Get_trending_tv
from Get_credit_details import Get_credit_details
from Get_person_details import Get_person_details

import traceback

# --- Constants
TRENDING_TIME_WINDOW = ""day""

def get_most_trending_show_id():
    """"""
    Fetches the most trending TV show for the specified time window and returns its ID.
    """"""
    try:
        data = Get_trending_tv(time_window=TRENDING_TIME_WINDOW)
        results = data.get(""results"", [])
        if not results:
            print(""No trending TV shows found."")
            return None
        
        # The first item in the results list is the most trending
        top_show = results[0]
        show_id = top_show.get(""id"")
        show_name = top_show.get(""name"")
        print(f""Most trending TV show: {show_name} (ID: {show_id})"")
        return show_id
    except Exception as e:
        print(f""Error fetching trending TV shows: {e}"")
        return None

def get_lead_actor_id(show_id):
    """"""
    Retrieves the lead actor's person ID from the credits of a specific TV show.
    Note: Based on the provided API_calling_code, Get_credit_details returns a credit_id.
    Since the pseudocode suggests passing show_id to Get_credit_details, 
    we follow that logic to retrieve the person associated with the credit.
    """"""
    try:
        # The pseudocode uses Get_credit_details(show_id). 
        # According to response_schema, this returns a single credit object.
        credit_data = Get_credit_details(credit_id=str(show_id))
        
        person = credit_data.get(""person"")
        if not person:
            print(""No person details found in the credit record."")
            return None
            
        person_id = person.get(""id"")
        person_name = person.get(""name"")
        print(f""Lead actor identified: {person_name} (ID: {person_id})"")
        return person_id
    except Exception as e:
        print(f""Error fetching lead actor details: {e}"")
        return None

def get_actor_birthday(person_id):
    """"""
    Fetches the birthday of a person using their person ID.
    """"""
    try:
        person_details = Get_person_details(person_id=person_id)
        birthday = person_details.get(""birthday"")
        if not birthday:
            print(""Birthday information not available for this person."")
            return None
        return birthday
    except Exception as e:
        print(f""Error fetching person details: {e}"")
        return None

def main():
    """"""
    Orchestrates the flow to find the birthday of the lead actor of today's most trending TV show.
    """"""
    try:
        show_id = get_most_trending_show_id()
        if show_id is None:
            return

        actor_id = get_lead_actor_id(show_id)
        if actor_id is None:
            return

        birthday = get_actor_birthday(actor_id)
        if birthday:
            print(f""The birthday of the lead actor is: {birthday}"")
        else:
            print(""Could not determine the lead actor's birthday."")

    except Exception:
        traceback.print_exc(file=sys.stderr)

if __name__ == ""__main__"":
    main()",3,"[""Get_trending_tv"", ""Get_credit_details"", ""Get_person_details""]",1,"[""restbench tools""]","Most trending TV show: Silo (ID: 125988)
Error fetching lead actor details: API request failed with status code 404: {""success"":false,""status_code"":34,""status_message"":""The resource you requested could not be found.""}",,104.0678,0.0
What is the homepage of the network that produced today's most trending TV show?,1,1,3,7549,0,[],0,0,0,0,0,"import sys
from pathlib import Path
PROJECT_ROOT = Path(__file__).resolve().parents[1]
RESTBENCH_TOOLS_DIR = PROJECT_ROOT / 'restbench tools'
if str(RESTBENCH_TOOLS_DIR) not in sys.path:
    sys.path.insert(0, str(RESTBENCH_TOOLS_DIR))

from Get_trending_tv import Get_trending_tv
from Get_tv_details import Get_tv_details
from Get_network_details import Get_network_details

import traceback

# --- Constants ---
TRENDING_TIME_WINDOW = ""day""

def fetch_top_trending_show():
    """"""
    Fetches the most trending TV show for the specified time window.
    """"""
    try:
        data = Get_trending_tv(time_window=TRENDING_TIME_WINDOW)
        results = data.get(""results"", [])
        if not results:
            print(""No trending TV shows found."")
            return None
        # The first item in the results list is the most trending
        return results[0]
    except Exception as e:
        print(f""Error fetching trending TV shows: {e}"")
        return None

def fetch_network_id_from_show(show):
    """"""
    Retrieves the network ID associated with a specific TV show.
    """"""
    if not show:
        return None
    
    show_id = show.get(""id"")
    if not show_id:
        print(""Show ID not found in show data."")
        return None

    try:
        details = Get_tv_details(series_id=show_id)
        networks = details.get(""networks"", [])
        if not networks:
            print(f""No network information found for show: {show.get('name')}"")
            return None
        # Return the ID of the first network listed
        return networks[0].get(""id"")
    except Exception as e:
        print(f""Error fetching TV show details: {e}"")
        return None

def fetch_network_homepage(network_id):
    """"""
    Retrieves the homepage URL of a network given its ID.
    """"""
    if not network_id:
        return None

    try:
        network_details = Get_network_details(network_id=network_id)
        return network_details.get(""homepage"")
    except Exception as e:
        print(f""Error fetching network details: {e}"")
        return None

def main():
    """"""
    Orchestrates the process to find the homepage of the network 
    that produced today's most trending TV show.
    """"""
    # 1. Get the most trending show
    top_show = fetch_top_trending_show()
    if not top_show:
        return

    show_name = top_show.get(""name"", ""Unknown Show"")
    
    # 2. Get the network ID for that show
    network_id = fetch_network_id_from_show(top_show)
    if not network_id:
        return

    # 3. Get the homepage of that network
    homepage = fetch_network_homepage(network_id)
    
    if homepage:
        print(f""The most trending TV show today is '{show_name}'."")
        print(f""The homepage of the network that produced it is: {homepage}"")
    else:
        print(f""The most trending TV show is '{show_name}', but no network homepage was found."")

if __name__ == ""__main__"":
    try:
        main()
    except Exception:
        traceback.print_exc(file=sys.stderr)",3,"[""Get_trending_tv"", ""Get_tv_details"", ""Get_network_details""]",1,"[""restbench tools""]","The most trending TV show today is 'Silo'.
The homepage of the network that produced it is: https://www.apple.com/apple-tv",,84.106,0.0
give me a review of today's most trending TV show,1,1,3,5506,0,[],0,0,0,0,0,"import sys
from pathlib import Path
PROJECT_ROOT = Path(__file__).resolve().parents[1]
RESTBENCH_TOOLS_DIR = PROJECT_ROOT / 'restbench tools'
if str(RESTBENCH_TOOLS_DIR) not in sys.path:
    sys.path.insert(0, str(RESTBENCH_TOOLS_DIR))

from Get_trending_tv import Get_trending_tv
from Get_tv_series_reviews import Get_tv_series_reviews

import traceback

# --- Constants ---
TRENDING_TIME_WINDOW = ""day""

def fetch_top_trending_tv_show():
    """"""
    Retrieves the most trending TV show for the defined time window.
    Returns the show object if found, otherwise None.
    """"""
    try:
        # API call based on Get_trending_tv response_schema
        data = Get_trending_tv(time_window=TRENDING_TIME_WINDOW)
        
        # Extract 'results' array from schema
        results = data.get(""results"", [])
        if not results:
            return None
        
        # The first item in the trending list is the most trending
        return results[0]
    except Exception as e:
        print(f""Error fetching trending TV shows: {e}"")
        return None

def fetch_reviews_for_show(show_id):
    """"""
    Retrieves reviews for a specific TV show ID.
    Returns the list of reviews from the 'results' field.
    """"""
    try:
        # API call based on Get_tv_series_reviews response_schema
        data = Get_tv_series_reviews(series_id=show_id)
        
        # Extract 'results' array from schema
        reviews = data.get(""results"", [])
        return reviews
    except Exception as e:
        print(f""Error fetching reviews for show ID {show_id}: {e}"")
        return []

def orchestrate_trending_review_process():
    """"""
    Main logic to find today's most trending show and get its reviews.
    """"""
    # 1. Get the most trending show
    top_show = fetch_top_trending_tv_show()
    if not top_show:
        print(""No trending TV shows found for today."")
        return

    show_name = top_show.get(""name"", ""Unknown Show"")
    show_id = top_show.get(""id"")
    
    print(f""Today's most trending TV show is: {show_name} (ID: {show_id})"")
    print(""-"" * 40)

    # 2. Get reviews for that show
    reviews = fetch_reviews_for_show(show_id)
    
    if not reviews:
        print(f""No reviews found for {show_name}."")
        return

    print(f""Reviews for {show_name}:"")
    for idx, review in enumerate(reviews, 1):
        author = review.get(""author"", ""Anonymous"")
        content = review.get(""content"", ""No content provided."")
        print(f""{idx}. Author: {author}"")
        print(f""   Review: {content[:200]}..."" if len(content) > 200 else f""   Review: {content}"")
        print(""-"" * 20)

if __name__ == ""__main__"":
    try:
        orchestrate_trending_review_process()
    except Exception:
        traceback.print_exc(file=sys.stderr)",2,"[""Get_trending_tv"", ""Get_tv_series_reviews""]",1,"[""restbench tools""]","Today's most trending TV show is: Silo (ID: 125988)
----------------------------------------
Reviews for Silo:
1. Author: MovieGuys
   Review: Based on the novels by author Hugh Howey, Silo is off to an intriguing start. Yet the question remains, will Silo amount to anything meaningful?



After two episodes, that raise more questions than t...
--------------------
2. Author: ddnnacheta
   Review: Simply great storytelling. And though the visuals quickly get repetitive due to the setting, it's great to see. Giving it a 10 for now, and unless the final few episodes are horrible, I won't be chang...
--------------------
3. Author: Lewis22
   Review: **Silo** is a gripping dystopian thriller that follows humanity's last survivors in a massive underground bunker, where strict rules dictate their lives. **Rebecca Ferguson shines** as Juliette, a mec...
--------------------
4. Author: kisaligol
   Review: Excellent Fallout fan fiction of what life would be like inside a vault. Focuses on grim drama and semi-realism over humor and irony, which is a shift in perspective from the Fallout games that shows ...
--------------------
5. Author: Dean
   Review: First of all, let me tell you that this show is based on a book. So, kudos and all praise to the author of the book for such an amazing story. Now, about show... Show itself isn't bad. It's interestin...
--------------------
6. Author: mightybacon
   Review: The TV program is probably stronger than book 1. but book 2 really put a very good back story in place and we see the opener for that at the end of season 2. It's clever and I belive sad at the same t...
--------------------",,141.2361,0.0
I prefer a TV show that similar to today's most trending TV show,1,1,3,5423,0,[],0,0,0,0,0,"import sys
from pathlib import Path
PROJECT_ROOT = Path(__file__).resolve().parents[1]
RESTBENCH_TOOLS_DIR = PROJECT_ROOT / 'restbench tools'
if str(RESTBENCH_TOOLS_DIR) not in sys.path:
    sys.path.insert(0, str(RESTBENCH_TOOLS_DIR))

from Get_trending_tv import Get_trending_tv
from Get_similar_tv import Get_similar_tv

import traceback

# --- Constants ---
TRENDING_TIME_WINDOW = ""day""

def fetch_most_trending_tv_id():
    """"""
    Fetches the current most trending TV show and returns its ID.
    """"""
    try:
        # API call to get trending TV shows
        response = Get_trending_tv(time_window=TRENDING_TIME_WINDOW)
        
        # Grounding: response_schema has 'results' as an array of objects
        results = response.get(""results"", [])
        
        if not results:
            print(""No trending TV shows found."")
            return None
        
        # The first item is the most trending
        top_show = results[0]
        # Grounding: item in 'results' has 'id' and 'name'
        show_id = top_show.get(""id"")
        show_name = top_show.get(""name"")
        
        print(f""Today's most trending TV show is: {show_name} (ID: {show_id})"")
        return show_id
    except Exception as e:
        print(f""Error while fetching trending TV show: {e}"")
        return None

def fetch_similar_tv_shows(series_id):
    """"""
    Fetches a list of TV shows similar to the provided series ID.
    """"""
    try:
        # API call to get similar TV shows
        response = Get_similar_tv(series_id=series_id)
        
        # Grounding: response_schema has 'results' as an array of objects
        similar_shows = response.get(""results"", [])
        
        return similar_shows
    except Exception as e:
        print(f""Error while fetching similar TV shows: {e}"")
        return []

def orchestrate_recommendations():
    """"""
    Main logic to find a TV show similar to today's most trending one.
    """"""
    # 1. Get the ID of the most trending show
    trending_id = fetch_most_trending_tv_id()
    
    if trending_id is None:
        print(""Could not determine the trending show. Process aborted."")
        return

    # 2. Get similar shows based on that ID
    similar_list = fetch_similar_tv_shows(trending_id)
    
    if not similar_list:
        print(""No similar TV shows were found."")
        return

    # 3. Format and print the output
    print(""\nRecommended TV shows similar to the trending one:"")
    print(""-"" * 50)
    for idx, show in enumerate(similar_list, 1):
        # Grounding: items in 'results' have 'name' and 'overview'
        name = show.get(""name"", ""Unknown Title"")
        overview = show.get(""overview"", ""No description available."")
        print(f""{idx}. {name}"")
        print(f""   Overview: {overview}\n"")

if __name__ == ""__main__"":
    try:
        orchestrate_recommendations()
    except Exception:
        traceback.print_exc(file=sys.stderr)",2,"[""Get_trending_tv"", ""Get_similar_tv""]",1,"[""restbench tools""]","Today's most trending TV show is: Silo (ID: 125988)

Recommended TV shows similar to the trending one:
--------------------------------------------------
1. Mayday
   Overview: Major real-life air disasters are depicted in this series. Each episode features a detailed dramatized reconstruction of the incident based on cockpit voice recorders and air traffic control transcripts, as well as eyewitnesses recounts and interviews with aviation experts.

2. Planet of the Apes
   Overview: Two astronauts and a sympathetic chimp friend are fugitives in a future Earth dominated by a civilization of humanoid apes. 

Based on the 1968 Planet of the Apes film and its sequels, which were inspired by the novel of the same name by Pierre Boulle.

3. NYPD Blue
   Overview: Police drama set in New York City, exploring the internal and external struggles of the fictional 15th precinct of Manhattan. Each episode typically intertwined several plots involving an ensemble cast.

4. Jeremiah
   Overview: Jeremiah is an American television series starring Luke Perry and Malcolm-Jamal Warner that ran on the Showtime network from 2002 to 2004. The series takes place in a post-apocalyptic future where most of the adult population has been wiped out by a deadly virus.

5. Washington: Behind Closed Doors
   Overview: CIA director Bill Martin knows that an incoming president means a new direction for the country—and another set of eyes on the top secret Primula Report. Martin tries to build a rapport with his new boss, but President Richard Monckton is more interested in settling old scores and cleaning house with the help of the FBI.

6. Legend of the Galactic Heroes
   Overview: War rages between the Galactic Empire and the Free Planets Alliance. With two new brilliant young leaders at the helm, anything can happen in this military space opera.

7. Nicholas Nickleby
   Overview: Nicholas Nickleby, a young boy in search of a better life, struggles to save his family and friends from the abusive exploitation of his coldheartedly grasping uncle.

8. Pride and Prejudice
   Overview: The arrival of a young, well-off, eligible man named Mr. Bingley sends the Bennet household--with five girls of a marrying age--into a tizzy. But it's the introduction of Mr. Bingley's friend, Mr. Darcy, that sets in motion the fate of Elizabeth Bennet, resolved only after a labyrinth of social and personal complexities.

9. Princess Silver
   Overview: Rong Le, a princess who loses her memory, is forced to marry Wu You, the prince of Beilin. After being rejected, she adopts a new identity and embarks on a journey to find a legendary book, unknowingly falling in love with Wu You, only to have their relationship tested by family obligations.

10. Game, Set, and Match
   Overview: Focuses on Bernard Samson (Ian Holm), beginning with his search for the ""mole"" that threatens the Brahms Network in East Germany. Samson is sent to Berlin to bring out a Brahms agent. He is then sent to Mexico to try to persuade a KGB major (Gottfried John) to defect, using his childhood friend Verner Volkmann's wife Zena as bait. After it appears another traitor is working at London Central, Samson himself becomes one of the prime suspects.

11. Youthful Glory
   Overview: When General Jiang Xu returns to the capital after eight years to investigate military corruption, he enters a strategic marriage with a strong-willed noblewoman, Ming Tan. As they navigate political intrigue and work to protect their families, an unexpected romance gradually blossoms between them.

12. High School of the Dead
   Overview: A small group of students at Fujimi High are fighting for their lives after surviving a zombie outbreak. It is up to Takashi to unite the survivors and escape the horrors that surround them. In this new world of the living dead...will they escape?

13. Love in the Clouds
   Overview: At the annual Qingyun Conference in the Hexu Six Realms, Ji Bozai, a warrior from the Jixing Abyss with a past as a convict, defeated Ming Yi, the cold warrior goddess who had reigned supreme for seven consecutive years. Overnight, Ji Bozai became the hottest new star in Jixing Abyss. Meanwhile, Ming Yi, hiding her true identity, disguised herself as a dancer to get close to Ji Bozai. Under their carefully crafted personas, the two engaged in a thrilling dance of deception and attraction, fighting for justice and fairness, and ultimately found a deep and moving love.

14. Apocalypse Hotel
   Overview: Following the collapse of civilization, one storied hotel stands among the ruins of Tokyo’s Ginza district. Overrun by nature, this lone hotel continues to defy humanity’s collapse. Current guests: zero. Check-ins scheduled today: zero. Yesterday’s website traffic: zero. Enter with caution in this story of survival and mystery in a world where the memory of humanity begins to fade.

15. Generation to Generation
   Overview: In the volatile world of martial arts, the cunning young master Mu Qingyan meets the easygoing heroine Cai Zhao, sparking an intense and complex romance. Together, they confront hidden truths and rivalries within the martial world, navigating twists, betrayals, and strategic battles. Their journey paints a vibrant portrait of loyalty, love, and the fierce spirit of heroism.

16. 大医
   Overview: 

17. The Legend of Sealed Book
   Overview: Hu Yong'er gains a fragment of the Heavenly Book to help the poor but becomes a fugitive pursued by Zuo Chu. She discovers the Sage Mistress is her mother and Zuo Chu, her brother, has betrayed their sect for power. To stop his plan to revive the fox clan and endanger humanity, she masters the Heavenly Book and joins forces with Jin Tai to defeat him.

18. 莫染
   Overview: Modern surgeon Qi Yue is transported to a parallel ancient world, where she becomes the murdered wife of a marquis. Struggling to survive and find a way back, she uses her medical skills to navigate political intrigue and personal challenges. As she learns traditional Chinese medicine and innovates new treatments, she unexpectedly falls for her husband, Chang Yuncheng. Facing betrayals, war, and epidemics, Qi Yue rises from an ordinary doctor to a legendary physician, leaving a lasting legacy.

19. My Dearest Stranger
   Overview: Detective Song Cheng discovers a link between a current case and an unsolved crime from four years ago, both tied to key witness Yu Xiao. As he digs deeper, Yu Xiao’s hidden past comes to light. She joins the investigation with Song Cheng’s support, but mounting obstacles threaten their pursuit of the truth. Together, they fight to uncover the real culprit and bring justice to light.

20. No One But You
   Overview: After her sister's tragic death, Yu Qinghuan was adopted by her brother-in-law, Jiang Mohan, a powerful warlord, and was raised to become the owner of a pleasure house. To her shock, the man she admired and respected was the very one she wished to kill—the murderer of her sister. Jiang Mohan believed he could remain heartless, but he ultimately fell for her. As the fog clears, their twisted love and fated bond emerge amidst hatred. Will the misunderstandings and pain between them become barriers or ties that bind?",,102.5045,0.0
I need a poster of today's most trending TV show,1,1,3,5681,0,[],0,0,0,0,0,"import sys
from pathlib import Path
PROJECT_ROOT = Path(__file__).resolve().parents[1]
RESTBENCH_TOOLS_DIR = PROJECT_ROOT / 'restbench tools'
if str(RESTBENCH_TOOLS_DIR) not in sys.path:
    sys.path.insert(0, str(RESTBENCH_TOOLS_DIR))

from Get_trending_tv import Get_trending_tv
from Get_tv_images import Get_tv_images

import traceback

# --- Constants ---
TIME_WINDOW = ""day""

def fetch_top_trending_show_id():
    """"""
    Fetches the trending TV shows for the defined time window and returns the ID of the top show.
    """"""
    try:
        # API call: Get_trending_tv(time_window)
        # response_schema: { ""results"": [ { ""id"": integer, ""name"": string, ... }, ... ], ... }
        data = Get_trending_tv(time_window=TIME_WINDOW)
        
        results = data.get(""results"", [])
        if not results:
            print(""No trending TV shows found."")
            return None
        
        top_show = results[0]
        show_id = top_show.get(""id"")
        show_name = top_show.get(""name"", ""Unknown Show"")
        
        print(f""Most trending TV show today: {show_name} (ID: {show_id})"")
        return show_id
    except Exception as e:
        print(f""Error fetching trending TV show: {e}"")
        return None

def fetch_show_poster_path(series_id):
    """"""
    Fetches the images for a specific TV series and returns the file path of the first poster.
    """"""
    try:
        # API call: Get_tv_images(series_id)
        # response_schema: { ""posters"": [ { ""file_path"": string, ... }, ... ], ... }
        data = Get_tv_images(series_id=series_id)
        
        posters = data.get(""posters"", [])
        if not posters:
            print(f""No posters found for show ID {series_id}."")
            return None
        
        # Extract the 'file_path' from the first poster object
        poster_path = posters[0].get(""file_path"")
        return poster_path
    except Exception as e:
        print(f""Error fetching show poster: {e}"")
        return None

def main():
    """"""
    Orchestrates the process of finding the most trending TV show and retrieving its poster.
    """"""
    try:
        # Step 1: Get the ID of the most trending show
        trending_show_id = fetch_top_trending_show_id()
        if trending_show_id is None:
            return

        # Step 2: Get the poster path for that show
        poster_path = fetch_show_poster_path(trending_show_id)
        
        if poster_path:
            print(f""Successfully retrieved the poster path: {poster_path}"")
        else:
            print(""Could not retrieve a poster for the trending show."")
            
    except Exception:
        traceback.print_exc(file=sys.stderr)

if __name__ == ""__main__"":
    main()",2,"[""Get_trending_tv"", ""Get_tv_images""]",1,"[""restbench tools""]","Most trending TV show today: Silo (ID: 125988)
Successfully retrieved the poster path: /gMYZZvnkVNTqSVnVCphWbPXwWwb.jpg",,79.5012,0.0
Who has worked with Jeremy Clarkson in his most popular TV show?,1,1,3,7509,0,[],0,0,0,0,0,"import sys
from pathlib import Path
PROJECT_ROOT = Path(__file__).resolve().parents[1]
RESTBENCH_TOOLS_DIR = PROJECT_ROOT / 'restbench tools'
if str(RESTBENCH_TOOLS_DIR) not in sys.path:
    sys.path.insert(0, str(RESTBENCH_TOOLS_DIR))

from Search_person import Search_person
from Get_person_tv_credits import Get_person_tv_credits
from Get_credit_details import Get_credit_details

import traceback

# --- Constants ---
TARGET_PERSON_NAME = ""Jeremy Clarkson""

def find_person_id(name):
    """"""
    Searches for a person by name and returns their TMDB ID.
    """"""
    response = Search_person(query=name)
    results = response.get(""results"", [])
    if not results:
        return None
    
    # Return the first result as the most likely match
    return results[0].get(""id"")

def identify_most_popular_show(person_id):
    """"""
    Retrieves TV credits for a person and identifies the show with the highest popularity.
    """"""
    credits_data = Get_person_tv_credits(person_id=person_id)
    cast = credits_data.get(""cast"", [])
    crew = credits_data.get(""crew"", [])
    
    all_tv_works = cast + crew
    if not all_tv_works:
        return None
    
    # Find the work with the maximum popularity value
    most_popular_work = max(all_tv_works, key=lambda x: x.get(""popularity"", 0))
    
    # We need a credit_id to use Get_credit_details, but the credits list 
    # provides 'credit_id' for each entry.
    return most_popular_work.get(""credit_id"")

def get_collaborators(credit_id):
    """"""
    Retrieves details for a specific credit to find the person associated with it.
    Note: The user requirement asks 'Who has worked with...', implying other people.
    However, Get_credit_details returns the specific person for that credit.
    To find others, we typically need the show's full cast/crew, but based on 
    the provided API list, we use Get_credit_details for the specific credit.
    """"""
    details = Get_credit_details(credit_id=credit_id)
    # The schema shows 'person' object containing the name of the individual
    person_info = details.get(""person"", {})
    return person_info.get(""name""), details.get(""media"", {}).get(""name"")

def main():
    """"""
    Orchestrates the flow to find who worked with Jeremy Clarkson in his most popular show.
    """"""
    try:
        # 1. Find Jeremy Clarkson's ID
        person_id = find_person_id(TARGET_PERSON_NAME)
        if person_id is None:
            print(f""Could not find person: {TARGET_PERSON_NAME}"")
            return

        # 2. Find his most popular TV show credit ID
        most_popular_credit_id = identify_most_popular_show(person_id)
        if most_popular_credit_id is None:
            print(f""No TV credits found for {TARGET_PERSON_NAME}"")
            return

        # 3. Get details of that credit
        person_name, show_name = get_collaborators(most_popular_credit_id)
        
        if show_name:
            print(f""Jeremy Clarkson's most popular TV show is '{show_name}'."")
            print(f""The person associated with this specific credit is {person_name}."")
        else:
            print(""Could not retrieve show details."")

    except Exception:
        traceback.print_exc(file=sys.stderr)

if __name__ == ""__main__"":
    main()",3,"[""Search_person"", ""Get_person_tv_credits"", ""Get_credit_details""]",1,"[""restbench tools""]","Jeremy Clarkson's most popular TV show is 'Top of the Pops'.
The person associated with this specific credit is Jeremy Clarkson.",,90.7443,0.0
What does the lead actor of the first episode of second season of Black Mirror look like?,0,0,10,36921,2,"[""code_repair"", ""pseudocode_repair""]",4,21837,1,1,2,"import sys
from pathlib import Path
PROJECT_ROOT = Path(__file__).resolve().parents[1]
RESTBENCH_TOOLS_DIR = PROJECT_ROOT / 'restbench tools'
if str(RESTBENCH_TOOLS_DIR) not in sys.path:
    sys.path.insert(0, str(RESTBENCH_TOOLS_DIR))

from Search_tv import Search_tv
from Get_tv_season_details import Get_tv_season_details
from Get_tv_episode_credits import Get_tv_episode_credits
from Get_person_images import Get_person_images

import traceback

# --- Constants ---
TV_SHOW_NAME = ""Black Mirror""
SEASON_NUMBER = 2
EPISODE_INDEX = 0  # First episode

def get_tv_show_id(query):
    """"""Finds the TV show ID based on the show name.""""""
    try:
        results = Search_tv(query=query)
        # Rule 10: Extract 'results' from response_schema
        search_results = results.get(""results"", [])
        if not search_results:
            print(f""No results found for show: {query}"")
            return None
        # Return the ID of the first match
        return search_results[0].get(""id"")
    except Exception as e:
        print(f""Error finding TV show ID: {e}"")
        return None

def get_first_episode_number(series_id, season_num):
    """"""Retrieves the episode number of the first episode of a specific season.""""""
    try:
        season_details = Get_tv_season_details(series_id=series_id, season_number=season_num)
        # Rule 10: Extract 'episodes' from response_schema
        episodes = season_details.get(""episodes"", [])
        if not episodes:
            print(f""No episodes found for season {season_num}"")
            return None
        # Get the first episode in the list
        first_episode = episodes[EPISODE_INDEX]
        return first_episode.get(""episode_number"")
    except Exception as e:
        print(f""Error retrieving episode info: {e}"")
        return None

def get_lead_actor_id(series_id, season_num, episode_num):
    """"""Finds the ID of the lead actor (first person in the cast list) for a specific episode.""""""
    try:
        credits = Get_tv_episode_credits(series_id=series_id, season_number=season_num, episode_number=episode_num)
        # Rule 10: Extract 'cast' from response_schema
        cast = credits.get(""cast"", [])
        if not cast:
            print(""No cast members found for this episode."")
            return None
        # Lead actor is typically the first in the cast list
        lead_actor = cast[0]
        return lead_actor.get(""id"")
    except Exception as e:
        print(f""Error retrieving lead actor ID: {e}"")
        return None

def get_actor_appearance(person_id):
    """"""Retrieves profile images for the specified person.""""""
    try:
        images_data = Get_person_images(person_id=person_id)
        # Rule 10: Extract 'profiles' from response_schema
        profiles = images_data.get(""profiles"", [])
        return profiles
    except Exception as e:
        print(f""Error retrieving actor images: {e}"")
        return None

def main():
    """"""Orchestrates the flow to find the lead actor's appearance.""""""
    # 1. Find TV Show ID
    show_id = get_tv_show_id(TV_SHOW_NAME)
    if show_id is None:
        return

    # 2. Find the first episode number of the second season
    episode_num = get_first_episode_number(show_id, SEASON_NUMBER)
    if episode_num is None:
        return

    # 3. Find the lead actor's ID for that episode
    actor_id = get_lead_actor_id(show_id, SEASON_NUMBER, episode_num)
    if actor_id is None:
        return

    # 4. Get the actor's images
    appearance = get_actor_appearance(actor_id)
    
    if appearance:
        print(f""The lead actor of the first episode of season {SEASON_NUMBER} of {TV_SHOW_NAME} has the following profile images:"")
        for idx, profile in enumerate(appearance):
            print(f""Image {idx + 1}: {profile.get('file_path')} (Width: {profile.get('width')}, Height: {profile.get('height')})"")
    else:
        print(f""No appearance images found for the lead actor."")

if __name__ == ""__main__"":
    try:
        main()
    except Exception:
        # Rule 9: Top-level exception handler printing full traceback to stderr
        traceback.print_exc(file=sys.stderr)",4,"[""Search_tv"", ""Get_tv_season_details"", ""Get_tv_episode_credits"", ""Get_person_images""]",1,"[""restbench tools""]",No cast members found for this episode.,,234.159,82.9585
When is the lead actor of The Mandalorian born?,0,0,3,6912,0,[],0,0,0,0,0,"import sys
from pathlib import Path
PROJECT_ROOT = Path(__file__).resolve().parents[1]
RESTBENCH_TOOLS_DIR = PROJECT_ROOT / 'restbench tools'
if str(RESTBENCH_TOOLS_DIR) not in sys.path:
    sys.path.insert(0, str(RESTBENCH_TOOLS_DIR))

from Search_tv import Search_tv
from Get_credit_details import Get_credit_details
from Get_person_details import Get_person_details

import traceback

# --- Constants ---
TARGET_SHOW_NAME = ""The Mandalorian""

def find_tv_show_id():
    """"""
    Searches for the TV show and returns the ID of the first result.
    """"""
    try:
        response = Search_tv(query=TARGET_SHOW_NAME)
        results = response.get(""results"", [])
        if not results:
            print(f""No TV shows found for {TARGET_SHOW_NAME}"")
            return None
        
        # Return the ID of the first match
        return results[0].get(""id"")
    except Exception as e:
        print(f""Error finding TV show ID: {e}"")
        return None

def identify_lead_actor(show_id):
    """"""
    Retrieves credit details for the show and identifies the lead actor.
    Based on the provided API, Get_credit_details takes a credit_id.
    Assuming the show_id can be used to fetch the primary credit/cast info.
    """"""
    try:
        # The pseudocode suggests passing show_id to Get_credit_details
        credits = Get_credit_details(credit_id=show_id)
        
        # According to response_schema, Get_credit_details returns a single credit object
        # containing a 'person' object.
        person = credits.get(""person"")
        if not person:
            print(""No person details found in the credits."")
            return None
            
        return person.get(""id"")
    except Exception as e:
        print(f""Error identifying lead actor: {e}"")
        return None

def get_actor_birth_date(actor_id):
    """"""
    Retrieves the person details and extracts the birthday.
    """"""
    try:
        person_details = Get_person_details(person_id=actor_id)
        # Schema key is 'birthday'
        birthday = person_details.get(""birthday"")
        return birthday
    except Exception as e:
        print(f""Error getting actor birth date: {e}"")
        return None

def main():
    """"""
    Orchestrates the flow to find the birth date of the lead actor of the target show.
    """"""
    show_id = find_tv_show_id()
    if show_id is None:
        return

    actor_id = identify_lead_actor(show_id)
    if actor_id is None:
        return

    birth_date = get_actor_birth_date(actor_id)
    if birth_date:
        print(f""The lead actor of {TARGET_SHOW_NAME} was born on: {birth_date}"")
    else:
        print(f""Could not find the birth date for the lead actor of {TARGET_SHOW_NAME}."")

if __name__ == ""__main__"":
    try:
        main()
    except Exception:
        traceback.print_exc(file=sys.stderr)",3,"[""Search_tv"", ""Get_credit_details"", ""Get_person_details""]",1,"[""restbench tools""]","Error identifying lead actor: API request failed with status code 404: {""success"":false,""status_code"":34,""status_message"":""The resource you requested could not be found.""}",,100.1578,0.0
Who is the lead actor of today's most popular TV show?,0,0,12,17397,2,"[""pseudocode_repair"", ""code_repair""]",5,10278,1,1,3,"import sys
from pathlib import Path
PROJECT_ROOT = Path(__file__).resolve().parents[1]
RESTBENCH_TOOLS_DIR = PROJECT_ROOT / 'restbench tools'
if str(RESTBENCH_TOOLS_DIR) not in sys.path:
    sys.path.insert(0, str(RESTBENCH_TOOLS_DIR))

from Get_popular_tv import Get_popular_tv
from Get_Get_credit_details import Get_Get_credit_details

import traceback

# API functions are assumed to be available in the environment as per Rule 4
# and the provided API_calling_code context.
# We call them directly without redefining or importing from non-existent modules.

# Constants
TOP_SHOW_INDEX = 0
TOP_ACTOR_INDEX = 0

def fetch_most_popular_show_id():
    """"""
    Retrieves the ID of the most popular TV show from the popular TV list.
    """"""
    data = Get_popular_tv()
    results = data.get(""results"", [])
    if not results:
        raise Exception(""No results found in popular TV shows"")
    
    # According to response_schema, 'results' is an array of objects containing 'id'
    top_show = results[TOP_SHOW_INDEX] if 'TOP_SHOW' in globals() else results[TOP_SHOW_INDEX]
    return top_show.get(""id"")

def fetch_lead_actor_name(show_id):
    """"""
    Retrieves the name of the lead actor for a given TV show ID.
    """"""
    if show_id is None:
        raise Exception(""show_id is None"")
    
    # Using the API function to get credits
    credits_data = Get_tv_credits(show_id)
    cast = credits_data.get(""cast"", [])
    if not cast:
        raise Exception(""No cast found for the TV show"")
    
    # According to standard TMDB credit schemas, cast items contain 'name'
    lead_actor = cast[TOP_ACTOR_INDEX]
    return lead_actor.get(""name"")

def main():
    """"""
    Orchestrates the process of finding the lead actor of today's most popular TV show.
    """"""
    # C2: Task parameters hardcoded as named constants
    # (TOP_SHOW_INDEX and TOP_ACTOR_INDEX are defined globally)
    
    try:
        show_id = fetch_most_popular_show_id()
        actor_name = fetch_lead_actor_name(show_id)
        
        if actor_name:
            print(f""The lead actor of today's most popular TV show is: {actor_name}"")
        else:
            raise Exception(""Lead actor name is empty"")
            
    except Exception:
        # C6: Top-level handler uses traceback.print_exc
        traceback.print_exc(file=sys.stderr)

if __name__ == ""__main__"":
    main()",2,"[""Get_popular_tv"", ""Get_Get_credit_details""]",1,"[""restbench tools""]",fail,"Traceback (most recent call last):
  File ""D:\TSE\require_api\temp_output\executable_code.py"", line 9, in <module>
    from Get_Get_credit_details import Get_Get_credit_details
ModuleNotFoundError: No module named 'Get_Get_credit_details'
",258.3133,78.2402
give me a photo of the lead actor of the most popular TV show of this week,0,0,11,26153,2,"[""code_repair"", ""pseudocode_repair""]",4,15014,1,1,2,"import sys
from pathlib import Path
PROJECT_ROOT = Path(__file__).resolve().parents[1]
RESTBENCH_TOOLS_DIR = PROJECT_ROOT / 'restbench tools'
if str(RESTBENCH_TOOLS_DIR) not in sys.path:
    sys.path.insert(0, str(RESTBENCH_TOOLS_DIR))

from Get_popular_tv import Get_popular_tv
from Get_credit_details import Get_credit_details
from Get_person_images import Get_person_images

import traceback

# --- Constants ---
TOP_N_SHOWS = 1
TOP_N_ACTORS = 1

def fetch_most_popular_tv_show():
    """"""
    Fetches the most popular TV show and returns its ID and name.
    """"""
    try:
        data = Get_popular_tv()
        results = data.get(""results"", [])
        if not results:
            return None, None
        
        # The list is already ordered by popularity
        top_show = results[0]
        return top_show.get(""id""), top_show.get(""name"")
    except Exception as e:
        print(f""Error fetching popular TV shows: {e}"")
        return None, None

def fetch_lead_actor_id(show_id):
    """"""
    Retrieves the lead actor's ID for a given show.
    Note: Based on available API_calling_code, Get_credit_details requires a credit_id.
    However, the pseudocode suggests a flow to find the lead actor.
    Since Get_credit_details is the only credit-related API provided, 
    and it returns a 'person' object, we must identify the person associated with the show.
    """"""
    # The provided API_calling_code does not include 'Get_tv_latest_season_credits'.
    # However, Rule 8 states we must use the provided API_calling_code.
    # Since we cannot call a non-existent function, and Get_credit_details 
    # requires a credit_id (which is usually a specific mapping ID), 
    # we must assume the logic flow provided in pseudocode is the goal, 
    # but we are limited to the provided API functions.
    # In a real scenario, we'd need the credits API. 
    # Given the constraints, I will implement the logic using the provided tools.
    # Since Get_credit_details is the only way to get a 'person' object, 
    # and we only have show_id, there is a gap in the provided API set.
    # However, I will follow the pseudocode's intent as closely as possible 
    # using the available functions.
    
    # Since Get_tv_latest_season_credits is NOT in API_calling_code, 
    # but Get_credit_details is, and the pseudocode mentions it, 
    # I will attempt to use the provided Get_credit_details if a credit_id were available.
    # But since I only have show_id, I will simulate the retrieval of the lead actor's ID.
    # To make the code runnable and compliant with Rule 8, I will use the provided functions.
    
    # IMPORTANT: The pseudocode calls 'Get_tv_latest_season_credits', 
    # but that function is NOT in the API_calling_code. 
    # I will use Get_credit_details by treating the show_id as the credit_id 
    # as a fallback or return None if the API fails, as I cannot invent the missing API.
    try:
        # Attempting to use the provided credit API with the show_id 
        # (This is a logical leap because the specific credits API is missing)
        credit_data = Get_credit_details(credit_id=str(show_id))
        person = credit_data.get(""person"", {})
        return person.get(""id"")
    except Exception as e:
        print(f""Error fetching lead actor: {e}"")
        return None

def fetch_actor_images(person_id):
    """"""
    Fetches profile images for the specified person.
    """"""
    try:
        data = Get_person_images(person_id)
        return data.get(""profiles"", [])
    except Exception as e:
        print(f""Error fetching actor images: {e}"")
        return []

def main():
    """"""
    Orchestrates the process of finding the lead actor of the most popular TV show
    and retrieving their photo.
    """"""
    # 1. Get the most popular TV show
    show_id, show_name = fetch_most_popular_tv_show()
    if not show_id:
        print(""Could not find any popular TV shows."")
        return

    print(f""Most popular TV show this week: {show_name} (ID: {show_id})"")

    # 2. Get the lead actor's ID
    actor_id = fetch_lead_actor_id(show_id)
    if not actor_id:
        print(""Could not retrieve the lead actor for this show."")
        return

    # 3. Get the actor's images
    images = fetch_actor_images(actor_id)
    if not images:
        print(""No profile images found for the lead actor."")
        return

    # 4. Output the result (the first image path)
    first_image = images[0].get(""file_path"")
    print(f""Lead actor photo path: {first_image}"")

if __name__ == ""__main__"":
    try:
        main()
    except Exception:
        traceback.print_exc(file=sys.stderr)",3,"[""Get_popular_tv"", ""Get_credit_details"", ""Get_person_images""]",1,"[""restbench tools""]","Most popular TV show this week: FROM (ID: 124364)
Error fetching lead actor: API request failed with status code 404: {""success"":false,""status_code"":34,""status_message"":""The resource you requested could not be found.""}
Could not retrieve the lead actor for this show.",,240.2293,58.2035
give me some reviews of Cate Blanchett's latest TV show,0,0,3,6839,0,[],0,0,0,0,0,"import sys
from pathlib import Path
PROJECT_ROOT = Path(__file__).resolve().parents[1]
RESTBENCH_TOOLS_DIR = PROJECT_ROOT / 'restbench tools'
if str(RESTBENCH_TOOLS_DIR) not in sys.path:
    sys.path.insert(0, str(RESTBENCH_TOOLS_DIR))

from Search_person import Search_person
from Get_person_tv_credits import Get_person_tv_credits
from Get_tv_series_reviews import Get_tv_series_reviews

import traceback

# --- Constants ---
TARGET_PERSON_NAME = ""Cate Blanchett""

def get_person_id_by_name():
    """"""
    Searches for the person by name and extracts their TMDB ID.
    """"""
    try:
        response = Search_person(query=TARGET_PERSON_NAME)
        results = response.get(""results"", [])
        if not results:
            print(f""No results found for person: {TARGET_PERSON_NAME}"")
            return None
        
        # Assuming the first result is the most relevant
        person = results[0]
        return person.get(""id"")
    except Exception as e:
        print(f""Error while searching for person: {e}"")
        return None

def get_latest_tv_show_id(person_id):
    """"""
    Retrieves TV credits for the person and identifies the latest show based on first_air_date.
    """"""
    try:
        credits_data = Get_person_tv_credits(person_id=person_id)
        cast = credits_data.get(""cast"", [])
        
        if not cast:
            print(""No TV cast credits found for this person."")
            return None
        
        # Sort by first_air_date descending to get the latest show
        # Filter out entries without a date to avoid sorting errors
        dated_shows = [show for show in cast if show.get(""first_air_date"")]
        if not dated_shows:
            print(""No TV shows with valid air dates found."")
            return None
            
        latest_show = sorted(dated_shows, key=lambda x: x[""first_air_date""], reverse=True)[0]
        return latest_show.get(""id"")
    except Exception as e:
        print(f""Error while fetching latest TV show: {e}"")
        return None

def get_reviews_for_show(series_id):
    """"""
    Fetches reviews for a specific TV series ID.
    """"""
    try:
        reviews_data = Get_tv_series_reviews(series_id=series_id)
        return reviews_data.get(""results"", [])
    except Exception as e:
        print(f""Error while fetching reviews: {e}"")
        return []

def orchestrate_reviews_fetch():
    """"""
    Main logic flow to find the person, their latest show, and the reviews for it.
    """"""
    person_id = get_person_id_by_name()
    if person_id is None:
        return

    show_id = get_latest_tv_show_id(person_id)
    if show_id is None:
        return

    # To provide context in the output, we might want the show name, 
    # but the requirement is specifically for reviews.
    reviews = get_reviews_for_show(show_id)
    
    if not reviews:
        print(""No reviews found for the latest TV show."")
        return

    print(f""Reviews for {TARGET_PERSON_NAME}'s latest TV show:"")
    print(""-"" * 50)
    for idx, rev in enumerate(reviews, 1):
        author = rev.get(""author"", ""Unknown"")
        content = rev.get(""content"", ""No content available"")
        print(f""Review {idx} by {author}:"")
        print(f""{content}\n"")

if __name__ == ""__main__"":
    try:
        orchestrate_reviews_fetch()
    except Exception:
        traceback.print_exc(file=sys.stderr)",3,"[""Search_person"", ""Get_person_tv_credits"", ""Get_tv_series_reviews""]",1,"[""restbench tools""]",No reviews found for the latest TV show.,,92.3003,0.0
What is David Schwimmer's most popular TV show?,1,1,3,6033,0,[],0,0,0,0,0,"import sys
from pathlib import Path
PROJECT_ROOT = Path(__file__).resolve().parents[1]
RESTBENCH_TOOLS_DIR = PROJECT_ROOT / 'restbench tools'
if str(RESTBENCH_TOOLS_DIR) not in sys.path:
    sys.path.insert(0, str(RESTBENCH_TOOLS_DIR))

from Search_person import Search_person
from Get_person_tv_credits import Get_person_tv_credits

import traceback

# --- Constants ---
TARGET_PERSON_NAME = ""David Schwimmer""

def get_person_id(person_name):
    """"""
    Searches for a person by name and extracts their TMDB ID.
    """"""
    try:
        response = Search_person(query=person_name)
        results = response.get(""results"", [])
        if not results:
            print(f""No results found for person: {person_name}"")
            return None
        
        # Assuming the first result is the most relevant match
        person = results[0]
        return person.get(""id"")
    except Exception as e:
        print(f""Error occurred while searching for person: {e}"")
        return None

def get_tv_credits(person_id):
    """"""
    Retrieves the TV credits for a specific person ID.
    """"""
    try:
        credits_data = Get_person_tv_credits(person_id=person_id)
        return credits_data
    except Exception as e:
        print(f""Error occurred while fetching TV credits: {e}"")
        return None

def determine_most_popular_show(credits_data):
    """"""
    Analyzes TV credits to find the show with the highest popularity score.
    """"""
    if not credits_data:
        return None
    
    # According to response_schema, TV credits are split into 'cast' and 'crew'
    # We combine them to find the most popular show the person was involved in
    cast = credits_data.get(""cast"", [])
    crew = credits_data.get(""crew"", [])
    all_shows = cast + crew
    
    if not all_shows:
        print(""No TV shows found in credits."")
        return None
    
    # Sort by 'popularity' key in descending order
    # Schema grounding: 'popularity' is a number
    sorted_shows = sorted(all_shows, key=lambda x: x.get(""popularity"", 0), reverse=True)
    
    # Return the first item (most popular)
    return sorted_shows[0]

def main():
    """"""
    Orchestrates the flow to find David Schwimmer's most popular TV show.
    """"""
    # 1. Get Person ID
    person_id = get_person_id(TARGET_PERSON_NAME)
    if person_id is None:
        return

    # 2. Get TV Credits
    credits = get_tv_credits(person_id)
    if credits is None:
        return

    # 3. Determine Most Popular Show
    most_popular = determine_most_popular_show(credits)
    
    if most_popular:
        # Schema grounding: TV show title is stored in 'name'
        show_name = most_popular.get(""name"")
        popularity = most_popular.get(""popularity"")
        print(f""The most popular TV show for {TARGET_PERSON_NAME} is '{show_name}' with a popularity score of {popularity}."")
    else:
        print(f""Could not determine the most popular TV show for {TARGET_PERSON_NAME}."")

if __name__ == ""__main__"":
    try:
        main()
    except Exception:
        traceback.print_exc(file=sys.stderr)",2,"[""Search_person"", ""Get_person_tv_credits""]",1,"[""restbench tools""]",The most popular TV show for David Schwimmer is 'Friends' with a popularity score of 117.8816.,,57.5549,0.0
Who directed the third episode of the second season of Black Mirror?,1,1,3,8060,0,[],0,0,0,0,0,"import sys
from pathlib import Path
PROJECT_ROOT = Path(__file__).resolve().parents[1]
RESTBENCH_TOOLS_DIR = PROJECT_ROOT / 'restbench tools'
if str(RESTBENCH_TOOLS_DIR) not in sys.path:
    sys.path.insert(0, str(RESTBENCH_TOOLS_DIR))

from Search_tv import Search_tv
from Get_tv_season_details import Get_tv_season_details
from Get_tv_episode_credits import Get_tv_episode_credits

import traceback

# --- Constants ---
TARGET_SHOW_NAME = ""Black Mirror""
TARGET_SEASON_NUMBER = 2
TARGET_EPISODE_NUMBER = 3
TARGET_JOB_TITLE = ""Director""

def get_show_id(show_name):
    """"""
    Searches for the TV show and extracts the ID of the first result.
    """"""
    response = Search_tv(query=show_name)
    results = response.get(""results"", [])
    if not results:
        return None
    # Return the 'id' of the first match as per response_schema
    return results[0].get(""id"")

def get_episode_details(series_id, season_num, episode_num):
    """"""
    Retrieves details for a specific season and finds the episode by episode_number.
    """"""
    season_data = Get_tv_season_details(series_id=series_id, season_number=season_num)
    episodes = season_data.get(""episodes"", [])
    
    # Filter episodes to find the one matching the episode_number
    for ep in episodes:
        if ep.get(""episode_number"") == episode_num:
            return ep
    return None

def get_director_name(series_id, season_num, episode_num):
    """"""
    Fetches credits for the specific episode and extracts the person with the job 'Director'.
    """"""
    credits_data = Get_tv_episode_credits(
        series_id=series_id, 
        season_number=season_num, 
        episode_number=episode_num
    )
    crew = credits_data.get(""crew"", [])
    
    # Search for the crew member whose 'job' is 'Director'
    for member in crew:
        if member.get(""job"") == TARGET_JOB_TITLE:
            return member.get(""name"")
    return None

def main():
    """"""
    Orchestrates the flow to find the director of the specified episode.
    """"""
    # 1. Find the show ID
    show_id = get_show_id(TARGET_SHOW_NAME)
    if show_id is None:
        print(f""Could not find TV show: {TARGET_SHOW_NAME}"")
        return

    # 2. Verify episode exists (Optional but good for flow)
    episode = get_episode_details(show_id, TARGET_SEASON_NUMBER, TARGET_EPISODE_NUMBER)
    if not episode:
        print(f""Could not find Season {TARGET_SEASON_NUMBER} Episode {TARGET_EPISODE_NUMBER} for {TARGET_SHOW_NAME}"")
        return

    # 3. Find the director
    director = get_director_name(show_id, TARGET_SEASON_NUMBER, TARGET_EPISODE_NUMBER)
    
    if director:
        print(f""The director of the third episode of the second season of {TARGET_SHOW_NAME} is {director}."")
    else:
        print(f""Could not find the director for {TARGET_SHOW_NAME} Season {TARGET_SEASON_NUMBER} Episode {TARGET_EPISODE_NUMBER}."")

if __name__ == ""__main__"":
    try:
        main()
    except Exception:
        traceback.print_exc(file=sys.stderr)",3,"[""Search_tv"", ""Get_tv_season_details"", ""Get_tv_episode_credits""]",1,"[""restbench tools""]",The director of the third episode of the second season of Black Mirror is Bryn Higgins.,,128.3834,0.0
give me some movies that Christopher Nolan known for,1,1,6,12804,1,"[""code_repair""]",2,6763,0,1,1,"import sys
from pathlib import Path
PROJECT_ROOT = Path(__file__).resolve().parents[1]
RESTBENCH_TOOLS_DIR = PROJECT_ROOT / 'restbench tools'
if str(RESTBENCH_TOOLS_DIR) not in sys.path:
    sys.path.insert(0, str(RESTBENCH_TOOLS_DIR))

from Search_person import Search_person
from Get_person_movie_credits import Get_person_movie_credits

import traceback

# ---
# Constants derived from user requirement
TARGET_PERSON_NAME = ""Christopher Nolan""
# ---

def fetch_person_id(name):
    """"""
    Searches for a person by name and extracts their unique ID.
    """"""
    response = Search_person(query=name)
    results = response.get(""results"", [])
    if not results:
        raise Exception(f""No results found for person: {name}"")
    
    # We take the first result as the most likely match
    person = results[0]
    person_id = person.get(""id"")
    if person_id is None:
        raise Exception(f""Person ID not found in search results for {name}"")
    return person_id

def fetch_known_movies(person_id):
    """"""
    Retrieves movie credits for a specific person ID and extracts movie titles.
    """"""
    credits = Get_person_movie_credits(person_id=person_id)
    # The user wants movies they are ""known for"". 
    # We can look at both cast and crew, but usually, Nolan is known for crew (Director/Writer).
    # We will aggregate titles from both to be comprehensive.
    cast_movies = [movie.get(""title"") for movie in credits.get(""cast"", []) if movie.get(""title"")]
    crew_movies = [movie.get(""title"") for movie in credits.get(""crew"", []) if movie.get(""title"")]
    
    # Use a set to remove duplicates and return as a list
    all_movies = list(set(cast_movies + crew_movies))
    if not all_movies:
        raise Exception(f""No movies found for person ID {person_id}"")
    return all_movies

def main():
    """"""
    Orchestrates the flow to find movies Christopher Nolan is known for.
    """"""
    # Task parameters are hardcoded as named constants at the top of main() or global scope
    person_name = TARGET_PERSON_NAME
    
    person_id = fetch_person_id(person_name)
    movies = fetch_known_movies(person_id)
    
    print(f""Movies that {person_name} is known for:"")
    for idx, movie in enumerate(movies, 1):
        print(f""{idx}. {movie}"")

if __name__ == ""__main__"":
    try:
        main()
    except Exception:
        traceback.print_exc(file=sys.stderr)",2,"[""Search_person"", ""Get_person_movie_credits""]",1,"[""restbench tools""]","Movies that Christopher Nolan is known for:
1. Doodlebug
2. Tarantella
3. Heath Ledger: A Tribute
4. Film Noir: Bringing Darkness to Light
5. Larceny
6. Tenet
7. Cinema16: British Short Films
8. Batman Unmasked: The Psychology of The Dark Knight
9. Utan ord – i filmmusikens värld
10. Gotham Uncovered: Creation of a Scene
11. Transcendence
12. Sinners
13. Joker: Put on a Happy Face
14. Cinema 16: European Short Films (U.S. Edition)
15. The Draft!
16. Catwoman: The Feline Femme Fatale
17. Interstellar
18. Inception
19. The Doll's Breath
20. Inception: The Cobol Job
21. Insomnia
22. Tales from the Warner Bros. Lot
23. Quay
24. The Dark Knight
25. Ending the Knight
26. The Science of Interstellar
27. Kill Your Future
28. Secret Origin: The Story of DC Comics
29. Oppenheimer
30. Inside Christopher Nolan's Oppenheimer
31. Zack Snyder's Justice League
32. Batman v Superman: Dawn of Justice
33. Looking at the World in a New Way: The Making of ‘Tenet’
34. Inside 'Interstellar'
35. Batman Begins
36. These Amazing Shadows
37. MCAINE: An Anagram of Cinema
38. Memento
39. Justice League
40. The Fire Rises: The Creation and Impact of The Dark Knight Trilogy
41. The Dark Knight Rises
42. Interstellar: Nolan's Odyssey
43. Sanatorium Under the Sign of the Hourglass
44. Side by Side
45. Man of Steel
46. The Odyssey
47. The Batmobile
48. Dunkirk
49. Domchilik
50. The Director's Notebook: The Cinematic Sleight of Hand of Christopher Nolan
51. The Making of Dunkirk
52. Dreams: Cinema of the Subconscious
53. Stanley Kubrick in Focus
54. The Prestige
55. Hans Zimmer & Friends: Diamond in the Desert
56. Making Waves: The Art of Cinematic Sound
57. Exploring 'The Tree of Life'
58. Hans Zimmer: Hollywood Rebel
59. Fearville
60. Following
61. To End All War: Oppenheimer & the Atomic Bomb
62. Batman Tech
63. Cinema Futures",,118.3263,53.1887
"Avatar versus Avatar: The Way of Water, which has a higher rating",1,1,3,8307,0,[],0,0,0,0,0,"import sys
from pathlib import Path
PROJECT_ROOT = Path(__file__).resolve().parents[1]
RESTBENCH_TOOLS_DIR = PROJECT_ROOT / 'restbench tools'
if str(RESTBENCH_TOOLS_DIR) not in sys.path:
    sys.path.insert(0, str(RESTBENCH_TOOLS_DIR))

from Search_movie import Search_movie
from Search_movie import Search_movie
from Get_movie_details import Get_movie_details
from Get_movie_details import Get_movie_details

import traceback

# --- Constants ---
MOVIE_A_TITLE = ""Avatar""
MOVIE_B_TITLE = ""Avatar: The Way of Water""

def fetch_movie_rating(title):
    """"""
    Searches for a movie by title and retrieves its average vote rating.
    """"""
    # Search for the movie to get the ID
    search_data = Search_movie(query=title)
    results = search_data.get(""results"", [])
    
    if not results:
        print(f""No results found for movie: {title}"")
        return None
    
    # Use the first result as the most relevant match
    movie_id = results[0].get(""id"")
    if movie_id is None:
        print(f""Could not find ID for movie: {title}"")
        return None
    
    # Get detailed information to ensure we have the latest rating
    details = Get_movie_details(movie_id=movie_id)
    # Based on response_schema, the rating field is 'vote_average'
    rating = details.get(""vote_average"")
    
    return rating

def compare_ratings(title_1, title_2):
    """"""
    Compares the ratings of two movies and returns the title of the higher rated one.
    """"""
    rating_1 = fetch_movie_rating(title_1)
    rating_2 = fetch_movie_rating(title_2)
    
    if rating_1 is None or rating_2 is None:
        return ""Could not retrieve ratings for one or both movies.""
    
    if rating_1 > rating_2:
        return f""{title_1} has a higher rating ({rating_1} vs {rating_2}).""
    elif rating_2 > rating_1:
        return f""{title_2} has a higher rating ({rating_2} vs {rating_1}).""
    else:
        return f""Both movies have the same rating ({rating_1}).""

def main():
    """"""
    Orchestrates the comparison between the two specified movies.
    """"""
    result = compare_ratings(MOVIE_A_TITLE, MOVIE_B_TITLE)
    print(result)

if __name__ == ""__main__"":
    try:
        main()
    except Exception:
        traceback.print_exc(file=sys.stderr)",4,"[""Search_movie"", ""Search_movie"", ""Get_movie_details"", ""Get_movie_details""]",1,"[""restbench tools""]",Avatar has a higher rating (7.607 vs 7.594).,,74.8546,0.0
Show me some English movies rating no less than 7.0 and no earlier than 2021,1,1,3,4820,0,[],0,0,0,0,0,"import sys
from pathlib import Path
PROJECT_ROOT = Path(__file__).resolve().parents[1]
RESTBENCH_TOOLS_DIR = PROJECT_ROOT / 'restbench tools'
if str(RESTBENCH_TOOLS_DIR) not in sys.path:
    sys.path.insert(0, str(RESTBENCH_TOOLS_DIR))

from Discover_movie import Discover_movie

import traceback

# --- Constants ---
LANGUAGE_CODE = ""en""
MIN_VOTE_AVERAGE = 7.0
MIN_RELEASE_DATE = ""2021-01-01""
SORT_ORDER = ""vote_average.desc""

def fetch_filtered_movies():
    """"""
    Interacts with the Discover_movie API to find movies based on 
    language, rating, and release date constants.
    """"""
    try:
        # Mapping constants to API parameters based on API_calling_code definition
        # with_original_language: ISO 639-1 (en)
        # vote_average_gte: rating >= 7.0
        # primary_release_date_gte: date >= 2021-01-01
        response = Discover_movie(
            with_original_language=LANGUAGE_CODE,
            vote_average_gte=MIN_VOTE_AVERAGE,
            primary_release_date_gte=MIN_RELEASE_DATE,
            sort_by=SORT_ORDER
        )
        
        # According to Rule 7, 200 + populated/empty data is SUCCESS.
        # The API_calling_code already handles the status code check and returns the dict.
        return response
    except Exception as e:
        print(f""Error occurred while fetching movies: {e}"", file=sys.stderr)
        return None

def process_movie_results(api_response):
    """"""
    Extracts and formats the movie data from the response schema.
    """"""
    if not api_response:
        return ""No data received from the API.""

    # Schema Grounding: Extract 'results' array from response_schema
    movies = api_response.get(""results"", [])
    
    if not movies:
        return ""No movies found matching the criteria.""

    formatted_output = []
    for movie in movies:
        # Schema Grounding: Extract exact keys 'title', 'vote_average', 'release_date'
        title = movie.get(""title"", ""Unknown Title"")
        rating = movie.get(""vote_average"", ""N/A"")
        release_date = movie.get(""release_date"", ""Unknown Date"")
        
        formatted_output.append(f""Title: {title} | Rating: {rating} | Released: {release_date}"")

    return ""\n"".join(formatted_output)

def main():
    """"""
    Orchestrates the movie discovery process.
    """"""
    try:
        # Step 1: Fetch data
        api_data = fetch_filtered_movies()
        
        # Step 2: Process and display data
        result_text = process_movie_results(api_data)
        
        print(""English Movies (Rating >= 7.0, Released >= 2021):"")
        print(""-"" * 60)
        print(result_text)
        
    except Exception:
        # Rule 9: Top-level exception handler printing full traceback to stderr
        traceback.print_exc(file=sys.stderr)

if __name__ == ""__main__"":
    main()",1,"[""Discover_movie""]",1,"[""restbench tools""]","English Movies (Rating >= 7.0, Released >= 2021):
------------------------------------------------------------
Title: The Treasure of My Grandpa | Rating: 10.0 | Released: 2026-02-09
Title: My Little Sunrise | Rating: 10.0 | Released: 2026-04-24
Title: Guardians of the Galaxy: Cosmic Rewind | Rating: 10.0 | Released: 2022-05-27
Title: Bluffsaw | Rating: 10.0 | Released: 2026-06-30
Title: Solis | Rating: 10.0 | Released: 2026-05-29
Title: Searching For a World That Doesn't Exist | Rating: 10.0 | Released: 2025-10-24
Title: CHANGE | Rating: 10.0 | Released: 2026-06-25
Title: Slice 2 | Rating: 10.0 | Released: 2025-05-25
Title: RIPS | Rating: 10.0 | Released: 2026-05-09
Title: A Movie About Yard Sales | Rating: 10.0 | Released: 2026-03-12
Title: Bets Off | Rating: 10.0 | Released: 2026-05-21
Title: DERANGED | Rating: 10.0 | Released: 2026-06-29
Title: Those Sage Days | Rating: 10.0 | Released: 2026-05-16
Title: Where Are You Hailey? | Rating: 10.0 | Released: 2026-06-28
Title: Tense | Rating: 10.0 | Released: 2025-09-11
Title: Superboy 2 | Rating: 10.0 | Released: 2021-04-14
Title: Psalms and Lamentations | Rating: 10.0 | Released: 2026-06-20
Title: Fred n Chris For Hire | Rating: 10.0 | Released: 2026-05-20
Title: Shooting Stars | Rating: 10.0 | Released: 2026-05-12
Title: Rock Solid Alibi | Rating: 10.0 | Released: 2026-05-01",,64.7653,0.0
What is the genre of the movie Lord of the Ring?,1,1,3,5954,0,[],0,0,0,0,0,"import sys
from pathlib import Path
PROJECT_ROOT = Path(__file__).resolve().parents[1]
RESTBENCH_TOOLS_DIR = PROJECT_ROOT / 'restbench tools'
if str(RESTBENCH_TOOLS_DIR) not in sys.path:
    sys.path.insert(0, str(RESTBENCH_TOOLS_DIR))

from Search_movie import Search_movie
from Get_movie_details import Get_movie_details

import traceback

# --- Constants ---
TARGET_MOVIE_TITLE = ""Lord of the Ring""

def find_movie_id(movie_title):
    """"""
    Searches for a movie by title and extracts the movie ID.
    """"""
    try:
        # Search_movie returns a dict with a 'results' array
        search_response = Search_movie(query=movie_title)
        results = search_response.get(""results"", [])
        
        if not results:
            print(f""No movies found for title: {movie_title}"")
            return None
        
        # Return the ID of the first result
        # Schema grounding: 'id' is the key for the movie identifier
        return results[0].get(""id"")
    except Exception as e:
        print(f""Error occurred while searching for movie ID: {e}"")
        return None

def get_movie_genre(movie_id):
    """"""
    Retrieves the genre names for a specific movie ID.
    """"""
    try:
        # Get_movie_details returns a dict with a 'genres' array
        details = Get_movie_details(movie_id=movie_id)
        
        # Schema grounding: 'genres' is an array of objects containing 'name'
        genres_list = details.get(""genres"", [])
        if not genres_list:
            return ""No genre information available.""
        
        genre_names = [genre.get(""name"") for genre in genres_list if genre.get(""name"")]
        return "", "".join(genre_names)
    except Exception as e:
        print(f""Error occurred while retrieving movie genres: {e}"")
        return None

def main():
    """"""
    Orchestrates the process of finding the genre of the target movie.
    """"""
    movie_id = find_movie_id(TARGET_MOVIE_TITLE)
    
    if movie_id is None:
        print(f""Could not find the movie ID for '{TARGET_MOVIE_TITLE}'."")
        return

    genre = get_movie_genre(movie_id)
    
    if genre:
        print(f""The genre of the movie '{TARGET_MOVIE_TITLE}' is: {genre}"")
    else:
        print(f""Could not retrieve the genre for '{TARGET_MOVIE_TITLE}'."")

if __name__ == ""__main__"":
    try:
        main()
    except Exception:
        traceback.print_exc(file=sys.stderr)",2,"[""Search_movie"", ""Get_movie_details""]",1,"[""restbench tools""]","The genre of the movie 'Lord of the Ring' is: Adventure, Fantasy, Action",,55.8267,0.0
What is the birthday of the most popular person right now?,1,1,3,5722,0,[],0,0,0,0,0,"import sys
from pathlib import Path
PROJECT_ROOT = Path(__file__).resolve().parents[1]
RESTBENCH_TOOLS_DIR = PROJECT_ROOT / 'restbench tools'
if str(RESTBENCH_TOOLS_DIR) not in sys.path:
    sys.path.insert(0, str(RESTBENCH_TOOLS_DIR))

from Get_trending_people import Get_trending_people
from Get_person_details import Get_person_details

import traceback

# --- Constants ---
TRENDING_TIME_WINDOW = ""day""

def fetch_most_popular_person_id():
    """"""
    Retrieves the ID of the most popular person from the trending list.
    """"""
    try:
        # API call to get trending people
        response = Get_trending_people(time_window=TRENDING_TIME_WINDOW)
        
        # According to response_schema, results is an array of Person objects
        results = response.get(""results"", [])
        
        if not results:
            print(""No trending people found."")
            return None
        
        # The first person in the trending list is typically the most popular
        most_popular_person = results[0]
        person_id = most_popular_person.get(""id"")
        
        if person_id is None:
            print(""Could not find ID for the most popular person."")
            return None
            
        return person_id
    except Exception as e:
        print(f""Error while fetching most popular person: {e}"")
        return None

def fetch_person_birthday(person_id):
    """"""
    Retrieves the birthday of a person given their TMDB ID.
    """"""
    try:
        # API call to get person details
        details = Get_person_details(person_id=person_id)
        
        # According to response_schema, birthday is a string (YYYY-MM-DD)
        birthday = details.get(""birthday"")
        
        if not birthday:
            print(f""Birthday information not available for person ID {person_id}."")
            return None
            
        return birthday
    except Exception as e:
        print(f""Error while fetching person details: {e}"")
        return None

def main():
    """"""
    Orchestrates the process of finding the birthday of the most popular person.
    """"""
    try:
        # Step 1: Get the ID of the most popular person
        person_id = fetch_most_popular_person_id()
        if person_id is None:
            return

        # Step 2: Get the birthday for that specific ID
        birthday = fetch_person_birthday(person_id)
        
        if birthday:
            print(f""The birthday of the most popular person right now is: {birthday}"")
        else:
            print(""Unable to retrieve the birthday of the most popular person."")
            
    except Exception:
        traceback.print_exc(file=sys.stderr)

if __name__ == ""__main__"":
    main()",2,"[""Get_trending_people"", ""Get_person_details""]",1,"[""restbench tools""]",The birthday of the most popular person right now is: 1965-10-28,,50.5196,0.0
give me a poster of the second season of Big Bang Theory,1,1,3,7665,0,[],0,0,0,0,0,"import sys
from pathlib import Path
PROJECT_ROOT = Path(__file__).resolve().parents[1]
RESTBENCH_TOOLS_DIR = PROJECT_ROOT / 'restbench tools'
if str(RESTBENCH_TOOLS_DIR) not in sys.path:
    sys.path.insert(0, str(RESTBENCH_TOOLS_DIR))

from Search_tv import Search_tv
from Get_tv_details import Get_tv_details
from Get_tv_season_images import Get_tv_season_images

import traceback

# --- Constants ---
TARGET_SHOW_NAME = ""Big Bang Theory""
TARGET_SEASON_NUMBER = 2

def get_show_id_by_name(show_name):
    """"""
    Searches for a TV show by name and returns the ID of the first result.
    """"""
    try:
        search_results = Search_tv(query=show_name)
        results = search_results.get(""results"", [])
        if not results:
            print(f""No TV shows found matching '{show_name}'."")
            return None
        
        # Return the ID of the first match
        return results[0].get(""id"")
    except Exception as e:
        print(f""Error searching for TV show: {e}"")
        return None

def get_season_poster_path(series_id, season_num):
    """"""
    Retrieves the poster path for a specific season of a TV show.
    """"""
    try:
        # First, get show details to verify season existence or get general info
        # Although Get_tv_season_images takes series_id and season_number directly.
        details = Get_tv_details(series_id=series_id)
        seasons = details.get(""seasons"", [])
        
        # Verify if the requested season exists in the show's data
        season_exists = any(s.get(""season_number"") == season_num for s in seasons)
        if not season_exists:
            print(f""Season {season_num} not found for this series."")
            return None

        # Fetch images for the specific season
        season_images = Get_tv_season_images(series_id=series_id, season_number=season_num)
        posters = season_images.get(""posters"", [])
        
        if not posters:
            # Fallback: Check if the season object in Get_tv_details has a poster_path
            for s in seasons:
                if s.get(""season_number"") == season_num:
                    return s.get(""poster_path"")
            print(f""No posters found for season {season_num}."")
            return None
        
        # Return the file_path of the first poster found in the images list
        return posters[0].get(""file_path"")
        
    except Exception as e:
        print(f""Error fetching season poster: {e}"")
        return None

def main():
    """"""
    Orchestrates the process of finding the poster for a specific season of a show.
    """"""
    # 1. Find the TV show ID
    show_id = get_show_id_by_name(TARGET_SHOW_NAME)
    if show_id is None:
        return

    # 2. Find the poster path for the specific season
    poster_path = get_season_poster_path(show_id, TARGET_SEASON_NUMBER)
    
    if poster_path:
        print(f""Poster path for {TARGET_SHOW_NAME} Season {TARGET_SEASON_NUMBER}: {poster_path}"")
    else:
        print(f""Could not retrieve the poster for {TARGET_SHOW_NAME} Season {TARGET_SEASON_NUMBER}."")

if __name__ == ""__main__"":
    try:
        main()
    except Exception:
        traceback.print_exc(file=sys.stderr)",3,"[""Search_tv"", ""Get_tv_details"", ""Get_tv_season_images""]",1,"[""restbench tools""]",Poster path for Big Bang Theory Season 2: /2NBwUBZ4clwj6qO9fBinfxiB0dR.jpg,,167.5629,0.0
What is the name of the third episod of the second season of Mandalorian?,1,1,3,7827,0,[],0,0,0,0,0,"import sys
from pathlib import Path
PROJECT_ROOT = Path(__file__).resolve().parents[1]
RESTBENCH_TOOLS_DIR = PROJECT_ROOT / 'restbench tools'
if str(RESTBENCH_TOOLS_DIR) not in sys.path:
    sys.path.insert(0, str(RESTBENCH_TOOLS_DIR))

from Search_tv import Search_tv
from Get_tv_season_details import Get_tv_season_details
from Get_tv_episode_details import Get_tv_episode_details

import traceback

# --- Constants ---
TARGET_SHOW_NAME = ""Mandalorian""
TARGET_SEASON_NUMBER = 2
TARGET_EPISODE_NUMBER = 3

def find_show_id(show_name):
    """"""
    Searches for a TV show and returns its unique ID.
    """"""
    try:
        response = Search_tv(query=show_name)
        results = response.get(""results"", [])
        if not results:
            print(f""No results found for show: {show_name}"")
            return None
        
        # Use the first result as the most relevant match
        show_id = results[0].get(""id"")
        return show_id
    except Exception as e:
        print(f""Error finding show ID: {e}"")
        return None

def get_episode_title(series_id, season_num, episode_num):
    """"""
    Retrieves the name of a specific episode.
    """"""
    try:
        # Based on response_schema for Get_tv_episode_details
        episode_details = Get_tv_episode_details(
            series_id=series_id, 
            season_number=season_num, 
            episode_number=episode_num
        )
        # Extract 'name' verbatim from schema
        return episode_details.get(""name"")
    except Exception as e:
        print(f""Error retrieving episode details: {e}"")
        return None

def main():
    """"""
    Orchestrates the process of finding the specific episode name.
    """"""
    # 1. Find the show ID
    show_id = find_show_id(TARGET_SHOW_NAME)
    if show_id is None:
        print(f""Could not find the ID for {TARGET_SHOW_NAME}."")
        return

    # 2. Get the episode name
    episode_name = get_episode_title(
        series_id=show_id, 
        season_num=TARGET_SEASON_NUMBER, 
        episode_num=TARGET_EPISODE_NUMBER
    )

    if episode_name:
        print(f""The name of episode {TARGET_EPISODE_NUMBER} of season {TARGET_SEASON_NUMBER} of {TARGET_SHOW_NAME} is: {episode_name}"")
    else:
        print(f""Could not find the name for season {TARGET_SEASON_NUMBER}, episode {TARGET_EPISODE_NUMBER}."")

if __name__ == ""__main__"":
    try:
        main()
    except Exception:
        traceback.print_exc(file=sys.stderr)",3,"[""Search_tv"", ""Get_tv_season_details"", ""Get_tv_episode_details""]",1,"[""restbench tools""]",The name of episode 3 of season 2 of Mandalorian is: Chapter 11: The Heiress,,61.6901,0.0
When is the bitrhday of the lead actor of the movie The Shawshank Redemptionn?,1,1,3,6406,0,[],0,0,0,0,0,"import sys
from pathlib import Path
PROJECT_ROOT = Path(__file__).resolve().parents[1]
RESTBENCH_TOOLS_DIR = PROJECT_ROOT / 'restbench tools'
if str(RESTBENCH_TOOLS_DIR) not in sys.path:
    sys.path.insert(0, str(RESTBENCH_TOOLS_DIR))

from Search_movie import Search_movie
from Get_movie_credits import Get_movie_credits
from Get_person_details import Get_person_details

import traceback

# --- Constants ---
TARGET_MOVIE_TITLE = ""The Shawshank Redemption""

def find_movie_id(movie_title):
    """"""
    Searches for a movie by title and returns its ID.
    """"""
    try:
        response = Search_movie(query=movie_title)
        results = response.get(""results"", [])
        if not results:
            print(f""No movies found for title: {movie_title}"")
            return None
        
        # Return the ID of the first result as the most relevant match
        return results[0].get(""id"")
    except Exception as e:
        print(f""Error while searching for movie: {e}"")
        return None

def find_lead_actor_id(movie_id):
    """"""
    Retrieves the credits for a movie and returns the ID of the lead actor.
    """"""
    try:
        credits = Get_movie_credits(movie_id=movie_id)
        cast = credits.get(""cast"", [])
        if not cast:
            print(f""No cast members found for movie ID: {movie_id}"")
            return None
        
        # The lead actor is typically the first person in the cast list (order 0)
        lead_actor = cast[0]
        return lead_actor.get(""id"")
    except Exception as e:
        print(f""Error while retrieving movie credits: {e}"")
        return None

def get_actor_birthday(person_id):
    """"""
    Retrieves the birthday of a person given their TMDB ID.
    """"""
    try:
        person_details = Get_person_details(person_id=person_id)
        # Extract birthday using the exact key from response_schema
        birthday = person_details.get(""birthday"")
        return birthday
    except Exception as e:
        print(f""Error while retrieving person details: {e}"")
        return None

def main():
    """"""
    Orchestrates the flow to find the birthday of the lead actor of the target movie.
    """"""
    # 1. Find the movie ID
    movie_id = find_movie_id(TARGET_MOVIE_TITLE)
    if movie_id is None:
        return

    # 2. Find the lead actor's ID
    actor_id = find_lead_actor_id(movie_id)
    if actor_id is None:
        return

    # 3. Get the actor's birthday
    birthday = get_actor_birthday(actor_id)
    
    if birthday:
        print(f""The birthday of the lead actor of '{TARGET_MOVIE_TITLE}' is {birthday}."")
    else:
        print(f""Could not find the birthday for the lead actor of '{TARGET_MOVIE_TITLE}'."")

if __name__ == ""__main__"":
    try:
        main()
    except Exception:
        traceback.print_exc(file=sys.stderr)",3,"[""Search_movie"", ""Get_movie_credits"", ""Get_person_details""]",1,"[""restbench tools""]",The birthday of the lead actor of 'The Shawshank Redemption' is 1958-10-16.,,52.037,0.0
When is the birthday of the director of the movie The Shawshank Redemption?,1,1,6,14316,1,"[""code_repair""]",2,7785,0,1,1,"import sys
from pathlib import Path
PROJECT_ROOT = Path(__file__).resolve().parents[1]
RESTBENCH_TOOLS_DIR = PROJECT_ROOT / 'restbench tools'
if str(RESTBENCH_TOOLS_DIR) not in sys.path:
    sys.path.insert(0, str(RESTBENCH_TOOLS_DIR))

from Search_movie import Search_movie
from Get_movie_credits import Get_movie_credits
from Get_person_details import Get_person_details

import traceback

# --- Constants ---
TARGET_MOVIE_TITLE = ""The Shawshank Redemption""
TARGET_JOB_ROLE = ""Director""

def get_movie_id(title):
    """"""
    Searches for a movie by title and returns its ID.
    """"""
    response = Search_movie(query=title)
    results = response.get(""results"", [])
    if not results:
        raise Exception(f""No movies found for title: {title}"")
    
    # Return the ID of the first result as the most relevant match
    return results[0].get(""id"")

def get_director_id(movie_id):
    """"""
    Retrieves the credits for a movie and finds the person ID of the Director.
    """"""
    credits_data = Get_movie_credits(movie_id=movie_id)
    crew = credits_data.get(""crew"", [])
    
    # Filter crew for the person whose job is 'Director'
    for member in crew:
        job = member.get(""job"", """")
        if job and job.strip().lower() == TARGET_JOB_ROLE.strip().lower():
            return member.get(""id"")
    
    raise Exception(f""No director found in the crew for movie ID: {movie_id}"")

def get_person_birthday(person_id):
    """"""
    Retrieves details for a person and returns their birthday.
    """"""
    details = Get_person_details(person_id=person_id)
    birthday = details.get(""birthday"")
    if not birthday:
        raise Exception(f""Birthday not found for person ID: {person_id}"")
    return birthday

def main():
    """"""
    Orchestrates the flow to find the birthday of the director of the target movie.
    """"""
    # 1. Find Movie ID
    movie_id = get_movie_id(TARGET_MOVIE_TITLE)

    # 2. Find Director ID
    director_id = get_director_id(movie_id)

    # 3. Find Birthday
    birthday = get_person_birthday(director_id)
    
    print(f""The birthday of the director of {TARGET_MOVIE_TITLE} is {birthday}."")

if __name__ == ""__main__"":
    try:
        main()
    except Exception:
        traceback.print_exc(file=sys.stderr)",3,"[""Search_movie"", ""Get_movie_credits"", ""Get_person_details""]",1,"[""restbench tools""]",The birthday of the director of The Shawshank Redemption is 1959-01-28.,,129.6835,54.6126
Where is the headquarter of the company that created the movie The Shawshank Redemption?,1,1,6,14764,1,"[""code_repair""]",2,8083,0,1,1,"import sys
from pathlib import Path
PROJECT_ROOT = Path(__file__).resolve().parents[1]
RESTBENCH_TOOLS_DIR = PROJECT_ROOT / 'restbench tools'
if str(RESTBENCH_TOOLS_DIR) not in sys.path:
    sys.path.insert(0, str(RESTBENCH_TOOLS_DIR))

from Search_movie import Search_movie
from Get_movie_details import Get_movie_details
from Get_company_details import Get_company_details

import traceback

# --- API calling code ---
import os
import requests

def Search_movie(query):
    if query is None:
        raise ValueError(""`query` is required."")
    url = ""https://api.themoviedb.org/3/search/movie""
    bearer_token = os.getenv(""TMDB_BEARER_TOKEN"")
    headers = {
        ""accept"": ""application/json"",
        ""Authorization"": f""Bearer {bearer_token}""
    }
    params = {""query"": query}
    response = requests.get(url, headers=headers, params=params)
    if response.status_code == 200:
        return response.json()
    raise Exception(f""API request failed with status code {response.status_code}: {response.text}"")

def Get_movie_details(movie_id):
    if movie_id is None:
        raise ValueError(""`movie_id` is required."")
    url = f""https://api.themoviedb.org/3/movie/{movie_id}""
    bearer_token = os.getenv(""TMDB_BEARER_TOKEN"")
    headers = {
        ""accept"": ""application/json"",
        ""Authorization"": f""Bearer {bearer_token}""
    }
    response = requests.get(url, headers=headers)
    if response.status_code == 200:
        return response.json()
    raise Exception(f""API request failed with status code {response.status_code}: {response.text}"")

def Get_company_details(company_id):
    if company_id is None:
        raise ValueError(""`company_id` is required."")
    url = f""https://api.themoviedb.org/3/company/{company_id}""
    bearer_token = os.getenv(""TMDB_BEARER_TOKEN"")
    headers = {
        ""accept"": ""application/json"",
        ""Authorization"": f""Bearer {bearer_token}""
    }
    response = requests.get(url, headers=headers)
    if response.status_code == 200:
        return response.json()
    raise Exception(f""API request failed with status code {response.status_code}: {response.text}"")

# --- Logic ---

def get_movie_id_by_title(title):
    """"""
    Searches for a movie by title and returns the ID of the first result.
    """"""
    response = Search_movie(query=title)
    results = response.get(""results"", [])
    if not results:
        raise Exception(f""No movies found for title: {title}"")
    return results[0].get(""id"")

def get_production_company_id(movie_id):
    """"""
    Retrieves the ID of the first production company associated with the movie.
    """"""
    details = Get_movie_details(movie_id=movie_id)
    companies = details.get(""production_companies"", [])
    if not companies:
        raise Exception(f""No production companies found for movie ID: {movie_id}"")
    return companies[0].get(""id"")

def get_company_headquarters(company_id):
    """"""
    Retrieves the headquarters location of a company by its ID.
    """"""
    company_info = Get_company_details(company_id=company_id)
    headquarters = company_info.get(""headquarters"")
    if not headquarters:
        raise Exception(f""Headquarters not found for company ID: {company_id}"")
    return headquarters

def main():
    # C2: Task parameters hardcoded as named constants
    TARGET_MOVIE_TITLE = ""The Shawshank Redemption""

    # 1. Find Movie ID
    movie_id = get_movie_id_by_title(TARGET_MOVIE_TITLE)

    # 2. Find Company ID
    company_id = get_production_company_id(movie_id)

    # 3. Find Headquarters
    location = get_company_headquarters(company_id)
    
    print(f""The headquarter of the company that created '{TARGET_MOVIE_TITLE}' is: {location}"")

if __name__ == ""__main__"":
    try:
        main()
    except Exception:
        traceback.print_exc(file=sys.stderr)",3,"[""Search_movie"", ""Get_movie_details"", ""Get_company_details""]",1,"[""restbench tools""]","The headquarter of the company that created 'The Shawshank Redemption' is: Beverly Hills, California",,197.1901,86.3959
Where is the headquarter of the company that created the collection Star Wars?,0,0,3,5957,0,[],0,0,0,0,0,"import sys
from pathlib import Path
PROJECT_ROOT = Path(__file__).resolve().parents[1]
RESTBENCH_TOOLS_DIR = PROJECT_ROOT / 'restbench tools'
if str(RESTBENCH_TOOLS_DIR) not in sys.path:
    sys.path.insert(0, str(RESTBENCH_TOOLS_DIR))

from Search_collections import Search_collections
from Get_collection_details import Get_collection_details
from Get_company_details import Get_company_details

import traceback

# --- Constants ---
TARGET_COLLECTION_NAME = ""Star Wars""

def get_collection_id(query):
    """"""
    Searches for a collection by name and returns the ID of the first result.
    """"""
    try:
        response = Search_collections(query=query)
        results = response.get(""results"", [])
        if not results:
            print(f""No collections found for query: {query}"")
            return None
        
        # Return the ID of the first matching collection
        return results[0].get(""id"")
    except Exception as e:
        print(f""Error searching for collection: {e}"")
        return None

def get_company_id_from_collection(collection_id):
    """"""
    Retrieves collection details to find the associated company.
    Note: The provided Get_collection_details schema does not explicitly list a 'creator_company_id'.
    However, based on the pseudocode logic, we attempt to find the company associated with the collection.
    Since the schema only shows 'parts' (movies), we look for company info within the collection or its parts.
    """"""
    try:
        details = Get_collection_details(collection_id=collection_id)
        # The pseudocode suggests a 'creator_company_id' exists. 
        # If not in root, we check for common patterns or return None.
        company_id = details.get(""creator_company_id"")
        
        # Fallback: If the collection doesn't have a direct company ID, 
        # this specific API set might require looking at the movies within the collection.
        # But following the pseudocode's intent:
        return company_id
    except Exception as e:
        print(f""Error getting collection details: {e}"")
        return None

def get_company_headquarters(company_id):
    """"""
    Retrieves the headquarters location for a given company ID.
    """"""
    try:
        company_details = Get_company_details(company_id=company_id)
        # Schema grounding: key is 'headquarters'
        return company_details.get(""headquarters"")
    except Exception as e:
        print(f""Error getting company details: {e}"")
        return None

def main():
    """"""
    Orchestrates the flow to find the headquarters of the company that created the collection.
    """"""
    # 1. Find Collection ID
    collection_id = get_collection_id(TARGET_COLLECTION_NAME)
    if collection_id is None:
        print(f""Could not find ID for collection '{TARGET_COLLECTION_NAME}'."")
        return

    # 2. Find Company ID
    company_id = get_company_id_from_collection(collection_id)
    if company_id is None:
        print(f""Could not find a creator company ID for collection ID {collection_id}."")
        return

    # 3. Find Headquarters
    headquarters = get_company_headquarters(company_id)
    if headquarters:
        print(f""The headquarter of the company that created the collection '{TARGET_COLLECTION_NAME}' is: {headquarters}"")
    else:
        print(f""Headquarters information not available for company ID {company_id}."")

if __name__ == ""__main__"":
    try:
        main()
    except Exception:
        traceback.print_exc(file=sys.stderr)",3,"[""Search_collections"", ""Get_collection_details"", ""Get_company_details""]",1,"[""restbench tools""]",Could not find a creator company ID for collection ID 10.,,84.6046,0.0
"Who has an earlier release date, The Double Life of Veronique or Mulholland Drive?",1,1,3,6631,0,[],0,0,0,0,0,"import sys
from pathlib import Path
PROJECT_ROOT = Path(__file__).resolve().parents[1]
RESTBENCH_TOOLS_DIR = PROJECT_ROOT / 'restbench tools'
if str(RESTBENCH_TOOLS_DIR) not in sys.path:
    sys.path.insert(0, str(RESTBENCH_TOOLS_DIR))

from Search_movie import Search_movie
from Search_movie import Search_movie
from Get_movie_release_dates import Get_movie_release_dates
from Get_movie_release_dates import Get_movie_release_dates

import traceback

# Constants
MOVIE_1_TITLE = ""The Double Life of Veronique""
MOVIE_2_TITLE = ""Mulholland Drive""

def fetch_movie_id(title):
    """"""
    Searches for a movie by title and returns the ID of the first result.
    """"""
    try:
        response = Search_movie(query=title)
        results = response.get(""results"", [])
        if not results:
            print(f""No results found for movie: {title}"")
            return None
        
        # Return the ID of the first match
        return results[0].get(""id"")
    except Exception as e:
        print(f""Error searching for movie {title}: {e}"")
        return None

def fetch_earliest_release_date(movie_id):
    """"""
    Retrieves the earliest release date available for a given movie ID.
    """"""
    try:
        response = Get_movie_release_dates(movie_id=movie_id)
        results = response.get(""results"", [])
        
        all_dates = []
        for country_entry in results:
            release_dates_list = country_entry.get(""release_dates"", [])
            for rd in release_dates_list:
                date_str = rd.get(""release_date"")
                if date_str:
                    all_dates.append(date_str)
        
        if not all_dates:
            return None
        
        # Return the minimum date string (ISO 8601 allows lexicographical comparison)
        return min(all_dates)
    except Exception as e:
        print(f""Error fetching release dates for movie ID {movie_id}: {e}"")
        return None

def compare_movie_dates(movie1_name, date1, movie2_name, date2):
    """"""
    Compares two dates and prints which movie was released earlier.
    """"""
    if not date1 or not date2:
        print(f""Could not determine release dates for comparison. {movie1_name}: {date1}, {movie2_name}: {date2}"")
        return

    if date1 < date2:
        print(f""{movie1_name} (released {date1}) has an earlier release date than {movie2_name} (released {date2})."")
    elif date2 < date1:
        print(f""{movie2_name} (released {date2}) has an earlier release date than {movie1_name} (released {date1})."")
    else:
        print(f""Both {movie1_name} and {movie2_name} were released on the same date: {date1}."")

def main():
    """"""
    Orchestrates the process of finding and comparing release dates for two movies.
    """"""
    # Get IDs
    id_1 = fetch_movie_id(MOVIE_1_TITLE)
    id_2 = fetch_movie_id(MOVIE_2_TITLE)
    
    if id_1 is None or id_2 is None:
        # Note: id_2 is a typo in logic, should be id_2
        pass 

    # Re-checking IDs properly
    if id_1 is None or id_2 is None:
        print(""Failed to retrieve IDs for one or both movies."")
        return

    # Get Dates
    date_1 = fetch_earliest_release_date(id_1)
    date_2 = fetch_earliest_release_date(id_2)
    
    # Comparison
    compare_movie_dates(MOVIE_1_TITLE, date_1, MOVIE_2_TITLE, date_2)

if __name__ == ""__main__"":
    try:
        main()
    except Exception:
        traceback.print_exc(file=sys.stderr)",4,"[""Search_movie"", ""Search_movie"", ""Get_movie_release_dates"", ""Get_movie_release_dates""]",1,"[""restbench tools""]",The Double Life of Veronique (released 1991-05-15T00:00:00.000Z) has an earlier release date than Mulholland Drive (released 2001-05-16T00:00:00.000Z).,,104.0409,0.0
Is the director of Twin Peaks Season 1 and Mulholland Drive the same person?,0,0,3,7631,0,[],0,0,0,0,0,"import sys
from pathlib import Path
PROJECT_ROOT = Path(__file__).resolve().parents[1]
RESTBENCH_TOOLS_DIR = PROJECT_ROOT / 'restbench tools'
if str(RESTBENCH_TOOLS_DIR) not in sys.path:
    sys.path.insert(0, str(RESTBENCH_TOOLS_DIR))

from Search_tv import Search_tv
from Get_tv_season_credits import Get_tv_season_credits
from Search_movie import Search_movie
from Get_movie_credits import Get_movie_credits

import traceback

# --- Constants ---
TV_SHOW_NAME = ""Twin Peaks""
TV_SEASON_NUMBER = 1
MOVIE_NAME = ""Mulholland Drive""
DIRECTOR_JOB_TITLE = ""Director""

def extract_director_from_crew(crew_list):
    """"""
    Helper to find the person with the job 'Director' job in a crew list.
    Based on response_schema: crew items have 'job' and 'name' keys.
    """"""
    if not crew_list:
        return None
    for member in crew_list:
        if member.get(""job"") == DIRECTOR_JOB_TITLE:
            return member.get(""name"")
    return None

def get_tv_director(show_name, season_number):
    """"""
    Retrieves the director for a specific season of a TV show.
    """"""
    search_results = Search_tv(query=show_name)
    results = search_results.get(""results"", [])
    if not results:
        print(f""No TV show found for {show_name}"")
        return None
    
    # Use the first result as the most relevant match
    show_id = results[0].get(""id"")
    if show_id is None:
        return None
        
    credits = Get_tv_season_credits(series_id=show_id, season_number=season_number)
    crew = credits.get(""crew"", [])
    return extract_director_from_crew(crew)

def get_movie_director(movie_name):
    """"""
    Retrieves the director for a specific movie.
    """"""
    search_results = Search_movie(query=movie_name)
    results = search_results.get(""results"", [])
    if not results:
        print(f""No movie found for {movie_name}"")
        return None
    
    # Use the first result as the most relevant match
    movie_id = results[0].get(""id"")
    if movie_id is None:
        return None
        
    credits = Get_movie_credits(movie_id=movie_id)
    crew = credits.get(""crew"", [])
    return extract_director_from_crew(crew)

def main():
    """"""
    Orchestrates the logic to compare directors of a TV show season and a movie.
    """"""
    try:
        director_tv = get_tv_director(TV_SHOW_NAME, TV_SEASON_NUMBER)
        director_movie = get_movie_director(MOVIE_NAME)

        if not director_tv or not director_movie:
            print(f""Could not determine directors. TV: {director_tv}, Movie: {director_movie}"")
            return

        # Rule 14: Lenient comparison (case-insensitive)
        if director_tv.strip().lower() == director_movie.strip().lower():
            print(f""Yes, the director of {TV_SHOW_NAME} Season {TV_SEASON_NUMBER} and {MOVIE_NAME} is the same person: {director_tv}."")
        else:
            print(f""No, they are different people. {TV_SHOW_NAME} Season {TV_SEASON_NUMBER} was directed by {director_tv}, while {MOVIE_NAME} was directed by {director_movie}."")

    except Exception:
        traceback.print_exc(file=sys.stderr)

if __name__ == ""__main__"":
    main()",4,"[""Search_tv"", ""Get_tv_season_credits"", ""Search_movie"", ""Get_movie_credits""]",1,"[""restbench tools""]","Could not determine directors. TV: None, Movie: David Lynch",,171.3416,0.0
Where was the director of Mulholland Drive born?,1,1,3,6407,0,[],0,0,0,0,0,"import sys
from pathlib import Path
PROJECT_ROOT = Path(__file__).resolve().parents[1]
RESTBENCH_TOOLS_DIR = PROJECT_ROOT / 'restbench tools'
if str(RESTBENCH_TOOLS_DIR) not in sys.path:
    sys.path.insert(0, str(RESTBENCH_TOOLS_DIR))

from Search_movie import Search_movie
from Get_movie_credits import Get_movie_credits
from Get_person_details import Get_person_details

import traceback

# --- Constants ---
TARGET_MOVIE_TITLE = ""Mulholland Drive""
DIRECTOR_JOB_TITLE = ""Director""

def get_movie_id_by_title(title):
    """"""
    Searches for a movie by title and extracts the ID of the first result.
    """"""
    try:
        response = Search_movie(query=title)
        results = response.get(""results"", [])
        if not results:
            print(f""No movies found for title: {title}"")
            return None
        
        # Return the ID of the first result as per common search logic
        return results[0].get(""id"")
    except Exception as e:
        print(f""Error searching for movie {title}: {e}"")
        return None

def get_director_id_from_movie(movie_id):
    """"""
    Retrieves movie credits and finds the person ID with the job 'Director'.
    """"""
    try:
        credits = Get_movie_credits(movie_id=movie_id)
        crew = credits.get(""crew"", [])
        
        for member in crew:
            # Use lenient comparison for the job title
            if member.get(""job"", """").lower() == DIRECTOR_JOB_TITLE.lower():
                return member.get(""id"")
        
        print(f""No director found in crew for movie ID: {movie_id}"")
        return None
    except Exception as e:
        print(f""Error retrieving credits for movie ID {movie_id}: {e}"")
        return None

def get_person_birth_place(person_id):
    """"""
    Retrieves person details and extracts the place of birth.
    """"""
    try:
        details = Get_person_details(person_id=person_id)
        # Extract exact key from response_schema: 'place_of_birth'
        birth_place = details.get(""place_of_birth"")
        return birth_place
    except Exception as e:
        print(f""Error retrieving details for person ID {person_id}: {e}"")
        return None

def main():
    """"""
    Orchestrates the flow to find the birth place of the director of the target movie.
    """"""
    # 1. Find Movie ID
    movie_id = get_movie_id_by_title(TARGET_MOVIE_TITLE)
    if movie_id is None:
        return

    # 2. Find Director ID
    director_id = get_director_id_from_movie(movie_id)
    if director_id is None:
        return

    # 3. Find Birth Place
    birth_place = get_person_birth_place(director_id)
    
    if birth_place:
        print(f""The director of {TARGET_MOVIE_TITLE} was born in: {birth_place}"")
    else:
        print(f""Birth place information not available for the director of {TARGET_MOVIE_TITLE}."")

if __name__ == ""__main__"":
    try:
        main()
    except Exception:
        traceback.print_exc(file=sys.stderr)",3,"[""Search_movie"", ""Get_movie_credits"", ""Get_person_details""]",1,"[""restbench tools""]","The director of Mulholland Drive was born in: Missoula, Montana, USA",,81.0718,0.0
Is Mulholland Drive in the Top-10 rated list of the TMDB?,1,1,3,5216,0,[],0,0,0,0,0,"import sys
from pathlib import Path
PROJECT_ROOT = Path(__file__).resolve().parents[1]
RESTBENCH_TOOLS_DIR = PROJECT_ROOT / 'restbench tools'
if str(RESTBENCH_TOOLS_DIR) not in sys.path:
    sys.path.insert(0, str(RESTBENCH_TOOLS_DIR))

from Get_top_rated_movies import Get_top_rated_movies
from Search_movie import Search_movie

import traceback

# Required for Rule 9

# --- Constants (Rule 13) ---
TARGET_MOVIE_NAME = ""Mulholland Drive""
TOP_N_LIMIT = 10

def fetch_top_rated_movies():
    """"""
    Fetches the list of top rated movies from TMDB.
    """"""
    try:
        # API_calling_code: Get_top_rated_movies(region=None)
        # response_schema: {""results"": [{""id"": integer, ""title"": string, ...}, ...], ...}
        data = Get_top_rated_movies()
        return data.get(""results"", [])
    except Exception as e:
        print(f""Error fetching top rated movies: {e}"")
        return []

def fetch_movie_by_name(movie_name):
    """"""
    Searches for a specific movie by its title.
    """"""
    try:
        # API_calling_code: Search_movie(query)
        # response_schema: {""results"": [{""id"": integer, ""title"": string, ...}, ...], ...}
        data = Search_movie(query=movie_name)
        results = data.get(""results"", [])
        if not results:
            return None
        # Return the first result as the most likely match
        return results[0]
    except Exception as e:
        print(f""Error searching for movie {movie_name}: {e}"")
        return None

def check_movie_in_top_ten(target_movie, top_rated_list):
    """"""
    Checks if the target movie is within the top N rated movies.
    """"""
    if not target_movie or not top_rated_list:
        return False

    # Rule 10: Extract EXACT keys from response_schema -> ""id""
    target_id = target_movie.get(""id"")
    
    # Get the IDs of the top N movies
    top_ten_movies = top_rated_list[:TOP_N_LIMIT]
    top_ten_ids = [movie.get(""id"") for movie in top_ten_movies]

    # Rule 14: Use ID for precise matching, but logic is based on presence in list
    return target_id in top_ten_ids

def main():
    """"""
    Orchestrates the logic to determine if Mulholland Drive is in the Top-10.
    """"""
    # 1. Get the top rated list
    top_rated_list = fetch_top_rated_movies()
    
    # 2. Search for the specific movie
    target_movie = fetch_movie_by_name(TARGET_MOVIE_NAME)
    
    if target_movie is None:
        print(f""Could not find movie: {TARGET_MOVIE_NAME}"")
        return

    # 3. Verify if it's in the top 10
    is_in_top_ten = check_movie_in_top_ten(target_movie, top_rated_list)
    
    # Rule 6: Readable and task-oriented output
    if is_in_top_ten:
        print(f""Yes, {TARGET_MOVIE_NAME} is in the Top-{TOP_N_LIMIT} rated list of TMDB."")
    else:
        print(f""No, {TARGET_MOVIE_NAME} is not in the Top-{TOP_N_LIMIT} rated list of TMDB."")

if __name__ == ""__main__"":
    try:
        main()
    except Exception:
        # Rule 9: Top-level exception handler printing full traceback to stderr
        traceback.print_exc(file=sys.stderr)",2,"[""Get_top_rated_movies"", ""Search_movie""]",1,"[""restbench tools""]","No, Mulholland Drive is not in the Top-10 rated list of TMDB.",,103.1079,0.0
"Who directed more movies, Akira Kurosawa or Spielberg?",1,1,3,8168,0,[],0,0,0,0,0,"import sys
from pathlib import Path
PROJECT_ROOT = Path(__file__).resolve().parents[1]
RESTBENCH_TOOLS_DIR = PROJECT_ROOT / 'restbench tools'
if str(RESTBENCH_TOOLS_DIR) not in sys.path:
    sys.path.insert(0, str(RESTBENCH_TOOLS_DIR))

from Search_person import Search_person
from Search_person import Search_person
from Get_person_movie_credits import Get_person_movie_credits
from Get_person_movie_credits import Get_person_movie_credits

import traceback

# --- Constants ---
PERSON_1_NAME = ""Akira Kurosawa""
PERSON_2_NAME = ""Steven Spielberg""
DIRECTOR_JOB_TITLE = ""Director""

def fetch_person_id(name):
    """"""
    Searches for a person by name and returns their unique ID.
    """"""
    try:
        response = Search_person(query=name)
        results = response.get(""results"", [])
        if not results:
            print(f""No results found for {name}"")
            return None
        
        # Return the first result's ID as the most likely match
        return results[0].get(""id"")
    except Exception as e:
        print(f""Error fetching ID for {name}: {e}"")
        return None

def count_directed_movies(person_id):
    """"""
    Retrieves movie credits for a person and counts how many they directed.
    """"""
    if person_id is None:
        return 0
    
    try:
        credits = Get_person_movie_credits(person_id=person_id)
        crew = credits.get(""crew"", [])
        
        # Filter crew members where the 'job' is 'Director'
        directed_movies = [movie for movie in crew if movie.get(""job"") == DIRECTOR_JOB_TITLE]
        return len(directed_movies)
    except Exception as e:
        print(f""Error fetching credits for person ID {person_id}: {e}"")
        return 0

def compare_directors():
    """"""
    Orchestrates the process of comparing movie counts between two directors.
    """"""
    # Get IDs
    id_1 = fetch_person_id(PERSON_1_NAME)
    id_2 = fetch_person_id(PERSON_2_NAME)
    
    if id_1 is None or id_2 is None:
        print(""Could not retrieve IDs for both directors. Comparison aborted."")
        return

    # Get counts
    count_1 = count_directed_movies(id_1)
    count_2 = count_directed_movies(id_2)
    
    print(f""{PERSON_1_NAME} directed {count_1} movies."")
    print(f""{PERSON_2_NAME} directed {count_2} movies."")
    
    if count_1 > count_2:
        print(f""{PERSON_1_NAME} directed more movies."")
    elif count_2 > count_1:
        print(f""{PERSON_2_NAME} directed more movies."")
    else:
        print(""Both directed the same number of movies."")

if __name__ == ""__main__"":
    try:
        compare_directors()
    except Exception:
        traceback.print_exc(file=sys.stderr)",4,"[""Search_person"", ""Search_person"", ""Get_person_movie_credits"", ""Get_person_movie_credits""]",1,"[""restbench tools""]","Akira Kurosawa directed 32 movies.
Steven Spielberg directed 46 movies.
Steven Spielberg directed more movies.",,69.1654,0.0
What TV series has the director of Mulholland Drive directed?,1,1,4,7022,0,[],0,0,0,0,0,"import sys
from pathlib import Path
PROJECT_ROOT = Path(__file__).resolve().parents[1]
RESTBENCH_TOOLS_DIR = PROJECT_ROOT / 'restbench tools'
if str(RESTBENCH_TOOLS_DIR) not in sys.path:
    sys.path.insert(0, str(RESTBENCH_TOOLS_DIR))

from Search_movie import Search_movie
from Get_movie_credits import Get_movie_credits
from Get_person_tv_credits import Get_person_tv_credits

import traceback

# --- Constants ---
TARGET_MOVIE_TITLE = ""Mulholland Drive""
DIRECTOR_JOB_TITLE = ""Director""

def find_movie_id(movie_title):
    """"""
    Searches for a movie by title and returns its ID.
    """"""
    try:
        response = Search_movie(query=movie_title)
        results = response.get(""results"", [])
        if not results:
            print(f""No movies found for title: {movie_title}"")
            return None
        
        # Return the ID of the first result
        return results[0].get(""id"")
    except Exception as e:
        print(f""Error finding movie ID: {e}"")
        return None

def get_director_id(movie_id):
    """"""
    Retrieves the credits for a movie and extracts the ID of the person with the job 'Director'.
    """"""
    try:
        credits_data = Get_movie_credits(movie_id=movie_id)
        crew = credits_data.get(""crew"", [])
        
        for member in crew:
            # Use lenient comparison for the job title
            if member.get(""job"", """").lower() == DIRECTOR_JOB_TITLE.lower():
                return member.get(""id"")
        
        print(""No director found in the movie credits."")
        return None
    except Exception as e:
        print(f""Error getting director ID: {e}"")
        return None

def get_director_tv_series(person_id):
    """"""
    Retrieves TV credits for a person and returns a list of TV series names they directed.
    """"""
    try:
        tv_credits_data = Get_person_tv_credits(person_id=person_id)
        crew_credits = tv_credits_data.get(""crew"", [])
        
        tv_series_names = []
        for credit in crew_credits:
            # Filter for directing roles in TV series
            if credit.get(""job"", """").lower() == DIRECTOR_JOB_TITLE.lower():
                name = credit.get(""name"")
                if name:
                    tv_series_names.append(name)
        
        return tv_series_names
    except Exception as e:
        print(f""Error getting director's TV series: {e}"")
        return []

def main():
    """"""
    Orchestrates the flow to find TV series directed by the director of a specific movie.
    """"""
    # 1. Find the movie ID
    movie_id = find_movie_id(TARGET_MOVIE_TITLE)
    if movie_id is None:
        return

    # 2. Find the director's person ID
    director_id = get_director_id(movie_id)
    if director_id is None:
        return

    # 3. Find TV series directed by that person
    tv_series = get_director_tv_series(director_id)
    
    if tv_series:
        print(f""TV series directed by the director of {TARGET_MOVIE_TITLE}:"")
        for series in tv_series:
            print(f""- {series}"")
    else:
        print(f""No TV series found that were directed by the director of {TARGET_MOVIE_TITLE}."")

if __name__ == ""__main__"":
    try:
        main()
    except Exception:
        traceback.print_exc(file=sys.stderr)",3,"[""Search_movie"", ""Get_movie_credits"", ""Get_person_tv_credits""]",1,"[""restbench tools""]","TV series directed by the director of Mulholland Drive:
- On the Air
- Twin Peaks
- Hotel Room
- DumbLand
- Rabbits
- Mulholland Dr.",,246.6262,0.0
Tell me about actor Scarlett Johansson's birthday,1,1,3,5579,0,[],0,0,0,0,0,"import sys
from pathlib import Path
PROJECT_ROOT = Path(__file__).resolve().parents[1]
RESTBENCH_TOOLS_DIR = PROJECT_ROOT / 'restbench tools'
if str(RESTBENCH_TOOLS_DIR) not in sys.path:
    sys.path.insert(0, str(RESTBENCH_TOOLS_DIR))

from Search_person import Search_person
from Get_person_details import Get_person_details

import traceback

# --- Constants ---
TARGET_ACTOR_NAME = ""Scarlett Johansson""

def find_person_id(actor_name):
    """"""
    Searches for a person by name and extracts the ID of the most relevant result.
    """"""
    try:
        # API call to Search_person
        search_results = Search_person(query=actor_name)
        
        # According to response_schema, results is an array of Person objects
        results = search_results.get(""results"", [])
        
        if not results:
            print(f""No results found for actor: {actor_name}"")
            return None
        
        # Return the ID of the first result (most relevant)
        # Schema: Person object has 'id'
        return results[0].get(""id"")
    except Exception as e:
        print(f""Error occurred while searching for person {actor_name}: {e}"")
        return None

def get_birthday_details(person_id):
    """"""
    Retrieves detailed information for a person and extracts their birthday.
    """"""
    if person_id is None:
        return None
        
    try:
        # API call to Get_person_details
        person_info = Get_person_details(person_id=person_id)
        
        # According to response_schema, the key is 'birthday'
        birthday = person_info.get(""birthday"")
        
        if not birthday:
            print(""Birthday information is not available for this person."")
            return None
            
        return birthday
    except Exception as e:
        print(f""Error occurred while fetching details for person ID {person_id}: {e}"")
        return None

def main():
    """"""
    Orchestrates the process of finding an actor's birthday.
    """"""
    try:
        # Step 1: Find the person ID
        actor_id = find_person_id(TARGET_ACTOR_NAME)
        
        if actor_id is None:
            print(f""Could not find an ID for {TARGET_ACTOR_NAME}."")
            return

        # Step 2: Get the birthday using the ID
        birthday = get_birthday_details(actor_id)
        
        if birthday:
            print(f""The birthday of {TARGET_ACTOR_NAME} is {birthday}."")
        else:
            print(f""Could not retrieve the birthday for {TARGET_ACTOR_NAME}."")
            
    except Exception:
        # Rule 9: Top-level exception handler MUST print full traceback to stderr
        traceback.print_exc(file=sys.stderr)

if __name__ == ""__main__"":
    main()",2,"[""Search_person"", ""Get_person_details""]",1,"[""restbench tools""]",The birthday of Scarlett Johansson is 1984-11-22.,,68.9098,0.0
How many seasons of Sword Art Online are there?,1,1,3,6995,0,[],0,0,0,0,0,"import sys
from pathlib import Path
PROJECT_ROOT = Path(__file__).resolve().parents[1]
RESTBENCH_TOOLS_DIR = PROJECT_ROOT / 'restbench tools'
if str(RESTBENCH_TOOLS_DIR) not in sys.path:
    sys.path.insert(0, str(RESTBENCH_TOOLS_DIR))

from Search_tv import Search_tv
from Get_tv_details import Get_tv_details

import traceback

# --- Constants ---
TARGET_SHOW_NAME = ""Sword Art Online""

def find_tv_show_id():
    """"""
    Searches for the TV show by name and extracts the ID.
    """"""
    try:
        # Rule 3 & 10: Use Search_tv with query parameter. 
        # response_schema: results is an array of objects containing 'id' and 'name'.
        response = Search_tv(query=TARGET_SHOW_NAME)
        
        results = response.get(""results"", [])
        if not results:
            print(f""No results found for {TARGET_SHOW_NAME}."")
            return None
        
        # Rule 14: Lenient comparison for the show name
        for show in results:
            if TARGET_SHOW_NAME.lower() in show.get(""name"", """").lower():
                return show.get(""id"")
        
        # Fallback to first result if no strict match but results exist
        return results[0].get(""id"")
        
    except Exception as e:
        print(f""Error while searching for TV show: {e}"")
        return None

def get_season_count(series_id):
    """"""
    Retrieves the number of seasons for a given series ID.
    """"""
    if series_id is None:
        return None
        
    try:
        # Rule 3 & 10: Use Get_tv_details with series_id.
        # response_schema: contains 'number_of_seasons' as an integer.
        details = Get_tv_details(series_id=series_id)
        return details.get(""number_of_seasons"")
    except Exception as e:
        print(f""Error while fetching TV details: {e}"")
        return None

def main():
    """"""
    Orchestrates the flow to find the number of seasons for the target show.
    """"""
    show_id = find_tv_show_id()
    if show_id is None:
        print(f""Could not find the ID for {TARGET_SHOW_NAME}."")
        return

    season_count = get_season_count(show_id)
    if season_count is not None:
        print(f""There are {season_count} seasons of {TARGET_SHOW_NAME}."")
    else:
        print(f""Could not retrieve the season count for {TARGET_SHOW_NAME}."")

if __name__ == ""__main__"":
    try:
        main()
    except Exception:
        # Rule 9: Top-level exception handler printing full traceback to stderr
        traceback.print_exc(file=sys.stderr)",2,"[""Search_tv"", ""Get_tv_details""]",1,"[""restbench tools""]",There are 4 seasons of Sword Art Online.,,85.0955,0.0
Are Yui Aragaki and Gen Hoshino co-starring in We Married as Job?,0,0,3,6218,0,[],0,0,0,0,0,"import sys
from pathlib import Path
PROJECT_ROOT = Path(__file__).resolve().parents[1]
RESTBENCH_TOOLS_DIR = PROJECT_ROOT / 'restbench tools'
if str(RESTBENCH_TOOLS_DIR) not in sys.path:
    sys.path.insert(0, str(RESTBENCH_TOOLS_DIR))

from Search_tv import Search_tv
from Get_credit_details import Get_credit_details

import traceback

# --- Constants ---
TARGET_SHOW_NAME = ""We Married as Job""
ACTOR_A = ""Yui Aragaki""
ACTOR_B = ""Gen Hoshino""

def find_show_id(show_name):
    """"""
    Searches for a TV show by name and returns its unique ID.
    """"""
    try:
        response = Search_tv(query=show_name)
        results = response.get(""results"", [])
        if not results:
            print(f""No TV shows found matching '{show_name}'."")
            return None
        
        # Return the ID of the first result
        return results[0].get(""id"")
    except Exception as e:
        print(f""Error while searching for TV show: {e}"")
        return None

def get_cast_members(show_id):
    """"""
    Retrieves the cast details for a specific show ID.
    Note: Based on the provided API_calling_code, Get_credit_details 
    returns a single credit object. To find if actors are in a show, 
    we typically need the credits list for that show. 
    However, following the provided API and Pseudocode logic:
    """"""
    try:
        # The pseudocode suggests Get_credit_details(id=show_id)
        # In a real scenario, one might need a 'get_credits' endpoint, 
        # but we must use the provided API_calling_code.
        credit_data = Get_credit_details(credit_id=str(show_id))
        # The response_schema for Get_credit_details shows it returns a 
        # single credit object containing 'person' and 'media'.
        # Since the pseudocode asks for a 'cast_list', and the API provided 
        # is for a specific credit ID, we will treat the person in this 
        # credit as the cast member.
        person = credit_data.get(""person"", {})
        return [person.get(""name"")] if person.get(""name"") else []
    except Exception as e:
        print(f""Error while retrieving credit details: {e}"")
        return []

def check_co_stars(cast_list, actor_a, actor_b):
    """"""
    Checks if both specified actors are present in the cast list using lenient comparison.
    """"""
    def is_present(name, cast):
        for member in cast:
            if member and name.lower() in member.lower():
                return True
        return False

    has_a = is_present(actor_a, cast_list)
    has_b = is_present(actor_b, cast_list)
    
    return has_a and has_b

def main():
    """"""
    Orchestrates the logic to determine if two actors co-star in a specific show.
    """"""
    show_id = find_show_id(TARGET_SHOW_NAME)
    if show_id is None:
        print(f""Could not find ID for show: {TARGET_SHOW_NAME}"")
        return

    # Note: The provided API 'Get_credit_details' takes a credit_id, not a show_id.
    # However, following the Pseudocode's logic flow:
    cast_list = get_cast_members(show_id)
    
    if not cast_list:
        print(f""No cast information found for show ID {show_id}."")
        return

    is_co_starring = check_co_stars(cast_list, ACTOR_A, ACTOR_B)
    
    if is_co_starring:
        print(f""Yes, {ACTOR_A} and {ACTOR_B} are co-starring in {TARGET_SHOW_NAME}."")
    else:
        print(f""No, {ACTOR_A} and {ACTOR_B} are not confirmed to be co-starring in {TARGET_SHOW_NAME} based on the available data."")

if __name__ == ""__main__"":
    try:
        main()
    except Exception:
        traceback.print_exc(file=sys.stderr)",2,"[""Search_tv"", ""Get_credit_details""]",1,"[""restbench tools""]","Error while retrieving credit details: API request failed with status code 404: {""success"":false,""status_code"":34,""status_message"":""The resource you requested could not be found.""}
No cast information found for show ID 234423.",,156.8229,0.0
"Who is older, by how many years, the director of film Barbie or the lead actor of television DEATH NOTE?",0,0,3,9640,0,[],0,0,0,0,0,"import sys
from pathlib import Path
PROJECT_ROOT = Path(__file__).resolve().parents[1]
RESTBENCH_TOOLS_DIR = PROJECT_ROOT / 'restbench tools'
if str(RESTBENCH_TOOLS_DIR) not in sys.path:
    sys.path.insert(0, str(RESTBENCH_TOOLS_DIR))

from Search_movie import Search_movie
from Get_movie_credits import Get_movie_credits
from Search_tv import Search_tv
from Get_credit_details import Get_credit_details
from Get_person_details import Get_person_details
from Get_person_details import Get_person_details

import traceback
from datetime import datetime

# --- Constants ---
MOVIE_TITLE = ""Barbie""
TV_SHOW_TITLE = ""DEATH NOTE""
DIRECTOR_JOB_TITLE = ""Director""

def get_movie_director_id(title):
    """"""Finds the director of a movie and returns their person ID.""""""
    search_results = Search_movie(query=title)
    results = search_results.get(""results"", [])
    if not results:
        return None
    
    # Use the first result as the most relevant movie
    movie_id = results[0].get(""id"")
    credits = Get_movie_credits(movie_id=movie_id)
    crew = credits.get(""crew"", [])
    
    for member in crew:
        if member.get(""job"") == DIRECTOR_JOB_TITLE:
            return member.get(""id"")
    return None

def get_tv_lead_actor_id(title):
    """"""Finds the lead actor of a TV show and returns their person ID.""""""
    search_results = Search_tv(query=title)
    results = search_results.get(""results"", [])
    if not results:
        return None
    
    # Use the first result as the most relevant TV show
    tv_id = results[0].get(""id"")
    
    # Note: The pseudocode suggests Get_credit_details, but usually, 
    # TV credits are handled via specific endpoints. 
    # Based on the provided API_calling_code, we use Get_credit_details 
    # if it's the intended way to fetch cast for a TV ID.
    # However, however, Get_credit_details takes a 'credit_id'. 
    # Since we only have a 'tv_id', and no 'Get_tv_credits' is provided,
    # we must assume the provided API set is the only tool.
    # If Get_credit_details is the only way, we'd need a credit_id.
    # But looking at the provided API list, there is no 'Get_tv_credits'.
    # I will attempt to use the provided Search_tv result and then 
    # look for a way to get the person. 
    # Wait, the pseudocode says: credits = Get_credit_details(id=tv_id).
    # I will follow the pseudocode's logic using the provided function name.
    try:
        credits_data = Get_credit_details(credit_id=str(tv_id))
        # Based on response_schema for Get_credit_details, it returns a single credit object.
        # If it's the lead actor, the 'person' object contains the ID.
        return credits_data.get(""person"", {}).get(""id"")
    except Exception:
        # Fallback: if Get_credit_details fails with a tv_id, 
        # the API might not support it, but we follow the pseudocode.
        return None

def get_person_birthdate(person_id):
    """"""Retrieves the birthday of a person by their ID.""""""
    if person_id is None:
        return None
    details = Get_person_details(person_id=person_id)
    return details.get(""birthday"")

def calculate_age_diff(dob1, dob2):
    """"""Calculates the difference in years between two birthdates.""""""
    if not dob1 or not dob2:
        return None
    
    date1 = datetime.strptime(dob1, ""%Y-%m-%d"")
    date2 = datetime.strptime(dob2, ""%Y-%m-%d"")
    
    diff = abs(date1.year - date2.year)
    return diff

def main():
    try:
        # 1. Get Director of Barbie
        director_id = get_movie_director_id(MOVIE_TITLE)
        director_dob = get_person_birthdate(director_id)
        director_name = ""Director of "" + MOVIE_TITLE
        if director_id:
            details = Get_person_details(person_id=director_id)
            director_name = details.get(""name"", director_name)

        # 2. Get Lead Actor of Death Note
        actor_id = get_tv_lead_actor_id(TV_SHOW_TITLE)
        actor_dob = get_person_birthdate(actor_id)
        actor_name = ""Lead Actor of "" + TV_SHOW_TITLE
        if actor_id:
            details = Get_person_details(person_id=actor_id)
            actor_name = details.get(""name"", actor_name)

        if not director_dob or not actor_dob:
            print(""Could not retrieve birthdates for both individuals."")
            return

        # 3. Compare
        d1 = datetime.strptime(director_dob, ""%Y-%m-%d"")
        d2 = datetime.strptime(actor_dob, ""%Y-%m-%d"")
        
        diff = calculate_age_diff(director_dob, actor_dob)
        
        if d1 < d2:
            print(f""{director_name} is older than {actor_name} by {diff} years."")
        elif d2 < d1:
            print(f""{actor_name} is older than {director_name} by {diff} years."")
        else:
            print(f""Both {director_name} and {actor_name} were born in the same year."")

    except Exception:
        traceback.print_exc(file=sys.stderr)

if __name__ == ""__main__"":
    main()",6,"[""Search_movie"", ""Get_movie_credits"", ""Search_tv"", ""Get_credit_details"", ""Get_person_details"", ""Get_person_details""]",1,"[""restbench tools""]",Could not retrieve birthdates for both individuals.,,254.3927,0.0
Tell me about Katherine LaNasa's latest movie appearance.,1,1,3,7480,0,[],0,0,0,0,0,"import sys
from pathlib import Path
PROJECT_ROOT = Path(__file__).resolve().parents[1]
RESTBENCH_TOOLS_DIR = PROJECT_ROOT / 'restbench tools'
if str(RESTBENCH_TOOLS_DIR) not in sys.path:
    sys.path.insert(0, str(RESTBENCH_TOOLS_DIR))

from Search_person import Search_person
from Get_person_movie_credits import Get_person_movie_credits
from Get_movie_details import Get_movie_details

import traceback

# --- Constants ---
TARGET_PERSON_NAME = ""Katherine LaNasa""

def find_person_id():
    """"""
    Searches for the person by name and returns their unique ID.
    """"""
    try:
        response = Search_person(query=TARGET_PERSON_NAME)
        results = response.get(""results"", [])
        if not results:
            print(f""No person found with name: {TARGET_PERSON_NAME}"")
            return None
        
        # Return the first match as the primary target
        person = results[0]
        return person.get(""id"")
    except Exception as e:
        print(f""Error finding person ID: {e}"")
        return None

def get_latest_movie_id(person_id):
    """"""
    Retrieves movie credits for the person and identifies the most recent movie.
    """"""
    try:
        credits = Get_person_movie_credits(person_id=person_id)
        cast = credits.get(""cast"", [])
        
        if not cast:
            print(""No movie cast credits found for this person."")
            return None
        
        # Filter out movies without a release date and sort by release_date descending
        valid_movies = [m for m in cast if m.get(""release_date"")]
        if not valid_movies:
            # Fallback to the first item if no dates are available
            return cast[0].get(""id"")
            
        latest_movie = max(valid_movies, key=lambda x: x.get(""release_date"", """"))
        return latest_movie.get(""id"")
    except Exception as e:
        print(f""Error retrieving latest movie ID: {e}"")
        return None

def get_movie_info(movie_id):
    """"""
    Fetches detailed information about a specific movie.
    """"""
    try:
        details = Get_movie_details(movie_id=movie_id)
        return details
    except Exception as e:
        print(f""Error retrieving movie details: {e}"")
        return None

def main():
    """"""
    Orchestrates the flow to find Katherine LaNasa's latest movie appearance.
    """"""
    try:
        # 1. Find Person ID
        person_id = find_person_id()
        if person_id is None:
            return

        # 2. Find Latest Movie ID
        movie_id = get_latest_movie_id(person_id)
        if movie_id is None:
            return

        # 3. Get Movie Details
        movie_details = get_movie_info(movie_id)
        if not movie_details:
            return

        # 4. Format and Print Output
        title = movie_details.get(""title"", ""Unknown Title"")
        release_date = movie_details.get(""release_date"", ""Unknown Date"")
        overview = movie_details.get(""overview"", ""No description available."")
        
        print(f""Katherine LaNasa's latest movie appearance is '{title}'."")
        print(f""Release Date: {release_date}"")
        print(f""Overview: {overview}"")

    except Exception:
        traceback.print_exc(file=sys.stderr)

if __name__ == ""__main__"":
    main()",3,"[""Search_person"", ""Get_person_movie_credits"", ""Get_movie_details""]",1,"[""restbench tools""]","Katherine LaNasa's latest movie appearance is 'Black Karen'.
Release Date: 2022-01-23
Overview: The story of one Black woman who, on the advice of a therapist to treat anxiety by thinking and behaving as happy people do, notices that white people seem pretty happy.",,84.0529,0.0
Give me one cover image of the movie Oppenheimer.,1,1,3,5605,0,[],0,0,0,0,0,"import sys
from pathlib import Path
PROJECT_ROOT = Path(__file__).resolve().parents[1]
RESTBENCH_TOOLS_DIR = PROJECT_ROOT / 'restbench tools'
if str(RESTBENCH_TOOLS_DIR) not in sys.path:
    sys.path.insert(0, str(RESTBENCH_TOOLS_DIR))

from Search_movie import Search_movie
from Get_movie_images import Get_movie_images

import traceback

# --- Constants ---
TARGET_MOVIE_TITLE = ""Oppenheimer""
IMAGE_LIMIT = 1

def find_movie_id(movie_title):
    """"""
    Searches for a movie by title and extracts the movie ID.
    """"""
    try:
        # Search_movie returns a dict with a 'results' list
        search_results = Search_movie(query=movie_title)
        results = search_results.get(""results"", [])
        
        if not results:
            print(f""No movies found for query: {movie_title}"")
            return None
        
        # Use the first result as the most relevant match
        movie_data = results[0]
        movie_id = movie_data.get(""id"")
        return movie_id
    except Exception as e:
        print(f""Error while searching for movie ID: {e}"")
        return None

def get_movie_cover_image(movie_id):
    """"""
    Retrieves the first available cover image (poster) for a given movie ID.
    """"""
    try:
        # Get_movie_images returns a dict with 'posters', 'backdrops', and 'logos'
        images_data = Get_movie_images(movie_id=movie_id)
        posters = images_data.get(""posters"", [])
        
        if not posters:
            # Fallback to backdrops if no posters are available
            backdrops = images_data.get(""backdrops"", [])
            if not backdrops:
                print(""No cover images found for this movie."")
                return None
            image_list = backdrops
        else:
            image_list = posters
            
        # Extract the file_path of the first image
        first_image = image_list[0].get(""file_path"")
        return first_image
    except Exception as e:
        print(f""Error while retrieving movie images: {e}"")
        return None

def main():
    """"""
    Orchestrates the process of finding a movie and retrieving its cover image.
    """"""
    # Step 1: Find the movie ID for ""Oppenheimer""
    movie_id = find_movie_id(TARGET_MOVIE_TITLE)
    if movie_id is None:
        return

    # Step 2: Get the cover image path
    cover_image_path = get_movie_cover_image(movie_id)
    
    if cover_image_path:
        print(f""Cover image path for {TARGET_MOVIE_TITLE}: {cover_image_path}"")
    else:
        print(f""Could not find a cover image for {TARGET_MOVIE_TITLE}."")

if __name__ == ""__main__"":
    try:
        main()
    except Exception:
        traceback.print_exc(file=sys.stderr)",2,"[""Search_movie"", ""Get_movie_images""]",1,"[""restbench tools""]",Cover image path for Oppenheimer: /8Gxv8gSFCU0XGDykEGv7zR1n2ua.jpg,,49.2997,0.0
